125,0.920000, -0.083333, -0.400000,0, 0, 0, 0, 0, 0, 0, 0, 0, 0, 0
135,0.920000, -0.041667, -0.360000,0, 0, 0, 0, 0, 0, 0, 0, 0, 0, 0
147,0.920000, 0.000000, -0.360000,0, 0, 0, 0, 0, 0, 0, 0, 0, 0, 0
157,0.920000, 0.000000, -0.440000,0, 0, 0, 0, 0, 0, 0, 0, 0, 0, 0
163,0.960000, 0.041667, -0.320000,0, 0, 0, 0, 0, 0, 0, 0, 0, 0, 0
176,0.880000, -0.041667, -0.440000,0, 0, 0, 0, 0, 0, 0, 0, 0, 0, 0
186,0.920000, -0.041667, -0.400000,0, 0, 0, 0, 0, 0, 0, 0, 0, 0, 0
200,0.960000, -0.083333, -0.360000,0, 0, 0, 0, 0, 0, 0, 0, 0, 0, 0
209,0.920000, -0.083333, -0.320000,0, 0, 0, 0, 0, 0, 0, 0, 0, 0, 0
217,0.880000, -0.083333, -0.400000,0, 0, 0, 0, 0, 0, 0, 0, 0, 0, 0
225,0.920000, 0.000000, -0.280000,0, 0, 0, 0, 0, 0, 0, 0, 0, 0, 0
241,0.920000, -0.041667, -0.360000,0, 0, 0, 0, 0, 0, 0, 0, 0, 0, 0
248,0.920000, 0.000000, -0.360000,0, 0, 0, 0, 0, 0, 0, 0, 0, 0, 0
256,0.920000, 0.000000, -0.400000,0, 0, 0, 0, 0, 0, 0, 0, 0, 0, 0
270,0.920000, -0.041667, -0.360000,0, 0, 0, 0, 0, 0, 0, 0, 0, 0, 0
276,0.880000, -0.041667, -0.320000,0, 0, 0, 0, 0, 0, 0, 0, 0, 0, 0
288,0.880000, -0.125000, -0.480000,0, 0, 0, 0, 0, 0, 0, 0, 0, 0, 0
295,0.920000, -0.125000, -0.360000,0, 0, 0, 0, 0, 0, 0, 0, 0, 0, 0
311,0.920000, -0.083333, -0.320000,0, 0, 0, 0, 0, 0, 0, 0, 0, 0, 0
319,0.920000, -0.041667, -0.320000,0, 0, 0, 0, 0, 0, 0, 0, 0, 0, 0
329,0.920000, -0.041667, -0.320000,0, 0, 0, 0, 0, 0, 0, 0, 0, 0, 0
336,1.080000, -0.041667, -0.400000,0, 0, 0, 0, 0, 0, 0, 0, 0, 0, 0
350,0.840000, -0.083333, -0.400000,0, 0, 0, 0, 0, 0, 0, 0, 0, 0, 0
360,0.840000, -0.083333, -0.400000,0, 0, 0, 0, 0, 0, 0, 0, 0, 0, 0
368,0.920000, -0.083333, -0.400000,0, 0, 0, 0, 0, 0, 0, 0, 0, 0, 0
383,0.920000, -0.083333, -0.400000,0, 0, 0, 0, 0, 0, 0, 0, 0, 0, 0
403,0.920000, -0.083333, -0.400000,0, 0, 0, 0, 0, 0, 0, 0, 0, 0, 0
405,0.920000, -0.083333, -0.400000,0, 0, 0, 0, 0, 0, 0, 0, 0, 0, 0
416,0.880000, -0.125000, -0.360000,0, 0, 0, 0, 0, 0, 0, 0, 0, 0, 0
418,0.880000, -0.083333, -0.320000,0, 0, 0, 0, 0, 0, 0, 0, 0, 0, 0
430,0.880000, -0.083333, -0.360000,0, 0, 0, 0, 0, 0, 0, 0, 0, 0, 0
440,0.880000, -0.083333, -0.400000,0, 0, 0, 0, 0, 0, 0, 0, 0, 0, 0
454,0.880000, -0.125000, -0.400000,0, 0, 0, 0, 0, 0, 0, 0, 0, 0, 0
459,0.840000, -0.125000, -0.440000,0, 0, 0, 0, 0, 0, 0, 0, 0, 0, 0
471,0.880000, -0.125000, -0.440000,0, 0, 0, 0, 0, 0, 0, 0, 0, 0, 0
481,0.880000, -0.125000, -0.440000,0, 0, 0, 0, 0, 0, 0, 0, 0, 0, 0
495,0.880000, -0.125000, -0.400000,0, 0, 0, 0, 0, 0, 0, 0, 0, 0, 0
502,0.880000, -0.125000, -0.400000,0, 0, 0, 0, 0, 0, 0, 0, 0, 0, 0
512,0.840000, -0.208333, -0.440000,0, 0, 0, 0, 0, 0, 0, 0, 0, 0, 0
524,0.800000, -0.250000, -0.400000,0, 0, 0, 0, 0, 0, 0, 0, 0, 0, 0
536,0.800000, -0.250000, -0.400000,0, 0, 0, 0, 0, 0, 0, 0, 0, 0, 0
541,0.840000, -0.250000, -0.400000,0, 0, 0, 0, 0, 0, 0, 0, 0, 0, 0
553,0.840000, -0.250000, -0.400000,0, 0, 0, 0, 0, 0, 0, 0, 0, 0, 0
563,0.840000, -0.208333, -0.440000,0, 0, 0, 0, 0, 0, 0, 0, 0, 0, 0
573,0.840000, -0.208333, -0.440000,0, 0, 0, 0, 0, 0, 0, 0, 0, 0, 0
584,0.880000, -0.166667, -0.400000,0, 0, 0, 0, 0, 0, 0, 0, 0, 0, 0
598,0.880000, -0.125000, -0.440000,0, 0, 0, 0, 0, 0, 0, 0, 0, 0, 0
602,0.880000, -0.125000, -0.440000,0, 0, 0, 0, 0, 0, 0, 0, 0, 0, 0
616,0.880000, -0.083333, -0.400000,0, 0, 0, 0, 0, 0, 0, 0, 0, 0, 0
621,0.920000, -0.083333, -0.400000,0, 0, 0, 0, 0, 0, 0, 0, 0, 0, 0
635,0.920000, -0.083333, -0.400000,0, 0, 0, 0, 0, 0, 0, 0, 0, 0, 0
643,0.920000, -0.083333, -0.400000,0, 0, 0, 0, 0, 0, 0, 0, 0, 0, 0
657,0.920000, -0.083333, -0.400000,0, 0, 0, 0, 0, 0, 0, 0, 0, 0, 0
664,0.920000, -0.083333, -0.400000,0, 0, 0, 0, 0, 0, 0, 0, 0, 0, 0
676,0.920000, -0.083333, -0.400000,0, 0, 0, 0, 0, 0, 0, 0, 0, 0, 0
686,0.920000, -0.041667, -0.360000,0, 0, 0, 0, 0, 0, 0, 0, 0, 0, 0
692,0.920000, -0.041667, -0.400000,0, 0, 0, 0, 0, 0, 0, 0, 0, 0, 0
707,0.920000, -0.041667, -0.400000,0, 0, 0, 0, 0, 0, 0, 0, 0, 0, 0
713,0.920000, -0.041667, -0.400000,0, 0, 0, 0, 0, 0, 0, 0, 0, 0, 0
727,0.920000, -0.041667, -0.400000,0, 0, 0, 0, 0, 0, 0, 0, 0, 0, 0
739,0.920000, -0.041667, -0.400000,0, 0, 0, 0, 0, 0, 0, 0, 0, 0, 0
745,0.880000, -0.041667, -0.400000,0, 0, 0, 0, 0, 0, 0, 0, 0, 0, 0
758,0.880000, -0.041667, -0.360000,0, 0, 0, 0, 0, 0, 0, 0, 0, 0, 0
766,0.880000, -0.041667, -0.360000,0, 0, 0, 0, 0, 0, 0, 0, 0, 0, 0
776,0.880000, -0.083333, -0.360000,0, 0, 0, 0, 0, 0, 0, 0, 0, 0, 0
791,0.840000, -0.083333, -0.400000,0, 0, 0, 0, 0, 0, 0, 0, 0, 0, 0
799,0.840000, -0.083333, -0.400000,0, 0, 0, 0, 0, 0, 0, 0, 0, 0, 0
805,0.880000, -0.083333, -0.400000,0, 0, 0, 0, 0, 0, 0, 0, 0, 0, 0
819,0.880000, -0.083333, -0.400000,0, 0, 0, 0, 0, 0, 0, 0, 0, 0, 0
827,0.880000, -0.083333, -0.400000,0, 0, 0, 0, 0, 0, 0, 0, 0, 0, 0
840,0.880000, -0.083333, -0.400000,0, 0, 0, 0, 0, 0, 0, 0, 0, 0, 0
848,0.920000, -0.041667, -0.360000,0, 0, 0, 0, 0, 0, 0, 0, 0, 0, 0
858,0.920000, 0.000000, -0.360000,0, 0, 0, 0, 0, 0, 0, 0, 0, 0, 0
871,0.920000, 0.000000, -0.360000,0, 0, 0, 0, 0, 0, 0, 0, 0, 0, 0
881,0.920000, 0.000000, -0.360000,0, 0, 0, 0, 0, 0, 0, 0, 0, 0, 0
889,0.880000, 0.000000, -0.360000,0, 0, 0, 0, 0, 0, 0, 0, 0, 0, 0
901,0.880000, 0.083333, -0.360000,0, 0, 0, 0, 0, 0, 0, 0, 0, 0, 0
911,0.920000, 0.000000, -0.400000,0, 0, 0, 0, 0, 0, 0, 0, 0, 0, 0
918,0.880000, -0.041667, -0.400000,0, 0, 0, 0, 0, 0, 0, 0, 0, 0, 0
928,0.880000, -0.041667, -0.400000,0, 0, 0, 0, 0, 0, 0, 0, 0, 0, 0
942,0.880000, -0.041667, -0.400000,0, 0, 0, 0, 0, 0, 0, 0, 0, 0, 0
950,0.920000, 0.000000, -0.400000,0, 0, 0, 0, 0, 0, 0, 0, 0, 0, 0
961,0.920000, 0.000000, -0.400000,0, 0, 0, 0, 0, 0, 0, 0, 0, 0, 0
971,0.920000, 0.000000, -0.360000,0, 0, 0, 0, 0, 0, 0, 0, 0, 0, 0
985,0.920000, -0.041667, -0.360000,0, 0, 0, 0, 0, 0, 0, 0, 0, 0, 0
996,0.920000, -0.041667, -0.400000,0, 0, 0, 0, 0, 0, 0, 0, 0, 0, 0
1002,0.920000, -0.041667, -0.400000,0, 0, 0, 0, 0, 0, 0, 0, 0, 0, 0
1020,0.920000, -0.041667, -0.400000,0, 0, 0, 0, 0, 0, 0, 0, 0, 0, 0
1022,0.920000, -0.125000, -0.440000,0, 0, 0, 0, 0, 0, 0, 0, 0, 0, 0
1034,0.880000, -0.125000, -0.400000,0, 0, 0, 0, 0, 0, 0, 0, 0, 0, 0
1043,0.880000, -0.125000, -0.400000,0, 0, 0, 0, 0, 0, 0, 0, 0, 0, 0
1057,0.880000, -0.083333, -0.400000,0, 0, 0, 0, 0, 0, 0, 0, 0, 0, 0
1065,0.880000, -0.125000, -0.400000,0, 0, 0, 0, 0, 0, 0, 0, 0, 0, 0
1073,0.880000, -0.125000, -0.400000,0, 0, 0, 0, 0, 0, 0, 0, 0, 0, 0
1084,0.880000, -0.083333, -0.400000,0, 0, 0, 0, 0, 0, 0, 0, 0, 0, 0
1094,0.880000, -0.125000, -0.440000,0, 0, 0, 0, 0, 0, 0, 0, 0, 0, 0
1108,0.880000, -0.166667, -0.440000,0, 0, 0, 0, 0, 0, 0, 0, 0, 0, 0
1116,0.840000, -0.166667, -0.400000,0, 0, 0, 0, 0, 0, 0, 0, 0, 0, 0
1123,0.840000, -0.208333, -0.440000,0, 0, 0, 0, 0, 0, 0, 0, 0, 0, 0
1137,0.800000, -0.208333, -0.440000,0, 0, 0, 0, 0, 0, 0, 0, 0, 0, 0
1147,0.760000, -0.208333, -0.440000,0, 0, 0, 0, 0, 0, 0, 0, 0, 0, 0
1155,0.800000, -0.208333, -0.440000,0, 0, 0, 0, 0, 0, 0, 0, 0, 0, 0
1168,0.800000, -0.166667, -0.440000,0, 0, 0, 0, 0, 0, 0, 0, 0, 0, 0
1178,0.840000, -0.125000, -0.440000,0, 0, 0, 0, 0, 0, 0, 0, 0, 0, 0
1188,0.880000, -0.125000, -0.440000,0, 0, 0, 0, 0, 0, 0, 0, 0, 0, 0
1202,0.920000, -0.083333, -0.440000,0, 0, 0, 0, 0, 0, 0, 0, 0, 0, 0
1209,0.920000, -0.083333, -0.440000,0, 0, 0, 0, 0, 0, 0, 0, 0, 0, 0
1217,0.960000, -0.041667, -0.480000,0, 0, 0, 0, 0, 0, 0, 0, 0, 0, 0
1227,0.920000, -0.041667, -0.440000,0, 0, 0, 0, 0, 0, 0, 0, 0, 0, 0
1239,0.920000, -0.041667, -0.440000,0, 0, 0, 0, 0, 0, 0, 0, 0, 0, 0
1248,0.920000, -0.041667, -0.360000,0, 0, 0, 0, 0, 0, 0, 0, 0, 0, 0
1256,0.920000, 0.000000, -0.400000,0, 0, 0, 0, 0, 0, 0, 0, 0, 0, 0
1270,0.880000, -0.041667, -0.400000,0, 0, 0, 0, 0, 0, 0, 0, 0, 0, 0
1278,0.840000, -0.083333, -0.400000,0, 0, 0, 0, 0, 0, 0, 0, 0, 0, 0
1291,0.840000, -0.083333, -0.400000,0, 0, 0, 0, 0, 0, 0, 0, 0, 0, 0
1299,0.840000, -0.083333, -0.440000,0, 0, 0, 0, 0, 0, 0, 0, 0, 0, 0
1313,0.800000, -0.083333, -0.440000,0, 0, 0, 0, 0, 0, 0, 0, 0, 0, 0
1323,0.800000, -0.166667, -0.440000,0, 0, 0, 0, 0, 0, 0, 0, 0, 0, 0
1330,0.840000, -0.208333, -0.440000,0, 0, 0, 0, 0, 0, 0, 0, 0, 0, 0
1340,0.840000, -0.250000, -0.440000,0, 0, 0, 0, 0, 0, 0, 0, 0, 0, 0
1352,0.840000, -0.291667, -0.440000,0, 0, 0, 0, 0, 0, 0, 0, 0, 0, 0
1360,0.840000, -0.250000, -0.440000,0, 0, 0, 0, 0, 0, 0, 0, 0, 0, 0
1373,0.880000, -0.166667, -0.400000,0, 0, 0, 0, 0, 0, 0, 0, 0, 0, 0
1383,0.880000, -0.125000, -0.520000,0, 0, 0, 0, 0, 0, 0, 0, 0, 0, 0
1391,0.840000, -0.083333, -0.520000,0, 0, 0, 0, 0, 0, 0, 0, 0, 0, 0
1401,0.880000, -0.083333, -0.480000,0, 0, 0, 0, 0, 0, 0, 0, 0, 0, 0
1413,0.880000, -0.083333, -0.480000,0, 0, 0, 0, 0, 0, 0, 0, 0, 0, 0
1424,0.920000, -0.083333, -0.560000,0, 0, 0, 0, 0, 0, 0, 0, 0, 0, 0
1434,0.920000, -0.083333, -0.520000,0, 0, 0, 0, 0, 0, 0, 0, 0, 0, 0
1442,0.920000, -0.083333, -0.520000,0, 0, 0, 0, 0, 0, 0, 0, 0, 0, 0
1454,0.920000, -0.125000, -0.520000,0, 0, 0, 0, 0, 0, 0, 0, 0, 0, 0
1463,0.920000, -0.125000, -0.480000,0, 0, 0, 0, 0, 0, 0, 0, 0, 0, 0
1475,0.880000, -0.125000, -0.480000,0, 0, 0, 0, 0, 0, 0, 0, 0, 0, 0
1485,0.920000, -0.125000, -0.520000,0, 0, 0, 0, 0, 0, 0, 0, 0, 0, 0
1493,1.000000, -0.208333, -0.560000,0, 0, 0, 0, 0, 0, 0, 0, 0, 0, 0
1504,0.960000, -0.208333, -0.560000,0, 0, 0, 0, 0, 0, 0, 0, 0, 0, 0
1514,0.920000, -0.125000, -0.560000,0, 0, 0, 0, 0, 0, 0, 0, 0, 0, 0
1526,0.880000, -0.083333, -0.520000,0, 0, 0, 0, 0, 0, 0, 0, 0, 0, 0
1538,0.800000, -0.166667, -0.480000,0, 0, 0, 0, 0, 0, 0, 0, 0, 0, 0
1547,0.760000, -0.208333, -0.440000,0, 0, 0, 0, 0, 0, 0, 0, 0, 0, 0
1553,0.760000, -0.208333, -0.400000,0, 0, 0, 0, 0, 0, 0, 0, 0, 0, 0
1569,0.760000, -0.208333, -0.400000,0, 0, 0, 0, 0, 0, 0, 0, 0, 0, 0
1577,0.800000, -0.166667, -0.440000,0, 0, 0, 0, 0, 0, 0, 0, 0, 0, 0
1588,0.800000, -0.166667, -0.480000,0, 0, 0, 0, 0, 0, 0, 0, 0, 0, 0
1602,0.800000, -0.166667, -0.480000,0, 0, 0, 0, 0, 0, 0, 0, 0, 0, 0
1606,0.800000, -0.166667, -0.520000,0, 0, 0, 0, 0, 0, 0, 0, 0, 0, 0
1620,0.840000, -0.166667, -0.520000,0, 0, 0, 0, 0, 0, 0, 0, 0, 0, 0
1627,0.840000, -0.125000, -0.520000,0, 0, 0, 0, 0, 0, 0, 0, 0, 0, 0
1635,0.840000, -0.125000, -0.560000,0, 0, 0, 0, 0, 0, 0, 0, 0, 0, 0
1649,0.880000, -0.125000, -0.520000,0, 0, 0, 0, 0, 0, 0, 0, 0, 0, 0
1659,0.880000, -0.125000, -0.520000,0, 0, 0, 0, 0, 0, 0, 0, 0, 0, 0
1670,0.840000, -0.125000, -0.480000,0, 0, 0, 0, 0, 0, 0, 0, 0, 0, 0
1680,0.840000, -0.125000, -0.480000,0, 0, 0, 0, 0, 0, 0, 0, 0, 0, 0
1688,0.800000, -0.166667, -0.480000,0, 0, 0, 0, 0, 0, 0, 0, 0, 0, 0
1700,0.840000, -0.125000, -0.480000,0, 0, 0, 0, 0, 0, 0, 0, 0, 0, 0
1711,0.840000, -0.125000, -0.520000,0, 0, 0, 0, 0, 0, 0, 0, 0, 0, 0
1719,0.840000, -0.125000, -0.520000,0, 0, 0, 0, 0, 0, 0, 0, 0, 0, 0
1733,0.840000, -0.125000, -0.520000,0, 0, 0, 0, 0, 0, 0, 0, 0, 0, 0
1741,0.840000, -0.125000, -0.520000,0, 0, 0, 0, 0, 0, 0, 0, 0, 0, 0
1748,0.840000, -0.125000, -0.520000,0, 0, 0, 0, 0, 0, 0, 0, 0, 0, 0
1758,0.840000, -0.083333, -0.520000,0, 0, 0, 0, 0, 0, 0, 0, 0, 0, 0
1770,0.840000, -0.083333, -0.520000,0, 0, 0, 0, 0, 0, 0, 0, 0, 0, 0
1778,0.840000, -0.125000, -0.520000,0, 0, 0, 0, 0, 0, 0, 0, 0, 0, 0
1789,0.840000, -0.125000, -0.480000,0, 0, 0, 0, 0, 0, 0, 0, 0, 0, 0
1799,0.840000, -0.125000, -0.480000,0, 0, 0, 0, 0, 0, 0, 0, 0, 0, 0
1811,0.840000, -0.125000, -0.480000,0, 0, 0, 0, 0, 0, 0, 0, 0, 0, 0
1819,0.840000, -0.125000, -0.480000,0, 0, 0, 0, 0, 0, 0, 0, 0, 0, 0
1832,0.800000, -0.125000, -0.480000,0, 0, 0, 0, 0, 0, 0, 0, 0, 0, 0
1840,0.800000, -0.166667, -0.480000,0, 0, 0, 0, 0, 0, 0, 0, 0, 0, 0
1854,0.800000, -0.125000, -0.520000,0, 0, 0, 0, 0, 0, 0, 0, 0, 0, 0
1864,0.840000, -0.125000, -0.520000,0, 0, 0, 0, 0, 0, 0, 0, 0, 0, 0
1870,0.840000, -0.125000, -0.560000,0, 0, 0, 0, 0, 0, 0, 0, 0, 0, 0
1883,0.840000, -0.125000, -0.560000,0, 0, 0, 0, 0, 0, 0, 0, 0, 0, 0
1891,0.840000, -0.125000, -0.520000,0, 0, 0, 0, 0, 0, 0, 0, 0, 0, 0
1905,0.840000, -0.166667, -0.520000,0, 0, 0, 0, 0, 0, 0, 0, 0, 0, 0
1913,0.840000, -0.125000, -0.480000,0, 0, 0, 0, 0, 0, 0, 0, 0, 0, 0
1924,0.840000, -0.166667, -0.480000,0, 0, 0, 0, 0, 0, 0, 0, 0, 0, 0
1940,0.840000, -0.125000, -0.480000,0, 0, 0, 0, 0, 0, 0, 0, 0, 0, 0
1942,0.840000, -0.125000, -0.480000,0, 0, 0, 0, 0, 0, 0, 0, 0, 0, 0
1954,0.840000, -0.166667, -0.520000,0, 0, 0, 0, 0, 0, 0, 0, 0, 0, 0
1965,0.840000, -0.125000, -0.520000,0, 0, 0, 0, 0, 0, 0, 0, 0, 0, 0
1975,0.840000, -0.125000, -0.560000,0, 0, 0, 0, 0, 0, 0, 0, 0, 0, 0
1987,0.840000, -0.125000, -0.520000,0, 0, 0, 0, 0, 0, 0, 0, 0, 0, 0
1996,0.800000, -0.125000, -0.520000,0, 0, 0, 0, 0, 0, 0, 0, 0, 0, 0
2006,0.800000, -0.125000, -0.520000,0, 0, 0, 0, 0, 0, 0, 0, 0, 0, 0
2012,0.760000, -0.166667, -0.520000,0, 0, 0, 0, 0, 0, 0, 0, 0, 0, 0
2026,0.760000, -0.166667, -0.520000,0, 0, 0, 0, 0, 0, 0, 0, 0, 0, 0
2036,0.800000, -0.166667, -0.480000,0, 0, 0, 0, 0, 0, 0, 0, 0, 0, 0
2047,0.800000, -0.125000, -0.480000,0, 0, 0, 0, 0, 0, 0, 0, 0, 0, 0
2055,0.840000, -0.125000, -0.480000,0, 0, 0, 0, 0, 0, 0, 0, 0, 0, 0
2065,0.840000, -0.125000, -0.480000,0, 0, 0, 0, 0, 0, 0, 0, 0, 0, 0
2079,0.840000, -0.125000, -0.520000,0, 0, 0, 0, 0, 0, 0, 0, 0, 0, 0
2086,0.880000, -0.083333, -0.520000,0, 0, 0, 0, 0, 0, 0, 0, 0, 0, 0
2096,0.880000, -0.125000, -0.520000,0, 0, 0, 0, 0, 0, 0, 0, 0, 0, 0
2110,0.840000, -0.083333, -0.520000,0, 0, 0, 0, 0, 0, 0, 0, 0, 0, 0
2118,0.880000, -0.083333, -0.520000,0, 0, 0, 0, 0, 0, 0, 0, 0, 0, 0
2125,0.840000, -0.125000, -0.520000,0, 0, 0, 0, 0, 0, 0, 0, 0, 0, 0
2139,0.840000, -0.125000, -0.520000,0, 0, 0, 0, 0, 0, 0, 0, 0, 0, 0
2147,0.840000, -0.125000, -0.520000,0, 0, 0, 0, 0, 0, 0, 0, 0, 0, 0
2157,0.840000, -0.125000, -0.520000,0, 0, 0, 0, 0, 0, 0, 0, 0, 0, 0
2170,0.800000, -0.125000, -0.520000,0, 0, 0, 0, 0, 0, 0, 0, 0, 0, 0
2178,0.840000, -0.125000, -0.520000,0, 0, 0, 0, 0, 0, 0, 0, 0, 0, 0
2190,0.800000, -0.125000, -0.480000,0, 0, 0, 0, 0, 0, 0, 0, 0, 0, 0
2200,0.800000, -0.125000, -0.480000,0, 0, 0, 0, 0, 0, 0, 0, 0, 0, 0
2211,0.800000, -0.125000, -0.520000,0, 0, 0, 0, 0, 0, 0, 0, 0, 0, 0
2217,0.800000, -0.125000, -0.520000,0, 0, 0, 0, 0, 0, 0, 0, 0, 0, 0
2233,0.800000, -0.125000, -0.520000,0, 0, 0, 0, 0, 0, 0, 0, 0, 0, 0
2241,0.840000, -0.125000, -0.520000,0, 0, 0, 0, 0, 0, 0, 0, 0, 0, 0
2248,0.800000, -0.125000, -0.520000,0, 0, 0, 0, 0, 0, 0, 0, 0, 0, 0
2258,0.840000, -0.125000, -0.520000,0, 0, 0, 0, 0, 0, 0, 0, 0, 0, 0
2270,0.800000, -0.125000, -0.520000,0, 0, 0, 0, 0, 0, 0, 0, 0, 0, 0
2280,0.840000, -0.125000, -0.520000,0, 0, 0, 0, 0, 0, 0, 0, 0, 0, 0
2293,0.840000, -0.125000, -0.520000,0, 0, 0, 0, 0, 0, 0, 0, 0, 0, 0
2299,0.840000, -0.125000, -0.520000,0, 0, 0, 0, 0, 0, 0, 0, 0, 0, 0
2311,0.840000, -0.125000, -0.520000,0, 0, 0, 0, 0, 0, 0, 0, 0, 0, 0
2321,0.840000, -0.125000, -0.520000,0, 0, 0, 0, 0, 0, 0, 0, 0, 0, 0
2332,0.840000, -0.125000, -0.520000,0, 0, 0, 0, 0, 0, 0, 0, 0, 0, 0
2342,0.840000, -0.125000, -0.520000,0, 0, 0, 0, 0, 0, 0, 0, 0, 0, 0
2354,0.840000, -0.125000, -0.560000,0, 0, 0, 0, 0, 0, 0, 0, 0, 0, 0
2362,0.840000, -0.125000, -0.560000,0, 0, 0, 0, 0, 0, 0, 0, 0, 0, 0
2373,0.840000, -0.125000, -0.520000,0, 0, 0, 0, 0, 0, 0, 0, 0, 0, 0
2383,0.840000, -0.125000, -0.520000,0, 0, 0, 0, 0, 0, 0, 0, 0, 0, 0
2395,0.840000, -0.125000, -0.520000,0, 0, 0, 0, 0, 0, 0, 0, 0, 0, 0
2403,0.840000, -0.125000, -0.520000,0, 0, 0, 0, 0, 0, 0, 0, 0, 0, 0
2414,0.840000, -0.125000, -0.520000,0, 0, 0, 0, 0, 0, 0, 0, 0, 0, 0
2424,0.840000, -0.125000, -0.520000,0, 0, 0, 0, 0, 0, 0, 0, 0, 0, 0
2432,0.840000, -0.125000, -0.520000,0, 0, 0, 0, 0, 0, 0, 0, 0, 0, 0
2446,0.840000, -0.125000, -0.520000,0, 0, 0, 0, 0, 0, 0, 0, 0, 0, 0
2454,0.840000, -0.125000, -0.520000,0, 0, 0, 0, 0, 0, 0, 0, 0, 0, 0
2463,0.800000, -0.125000, -0.520000,0, 0, 0, 0, 0, 0, 0, 0, 0, 0, 0
2477,0.800000, -0.125000, -0.520000,0, 0, 0, 0, 0, 0, 0, 0, 0, 0, 0
2487,0.800000, -0.125000, -0.520000,0, 0, 0, 0, 0, 0, 0, 0, 0, 0, 0
2495,0.800000, -0.125000, -0.520000,0, 0, 0, 0, 0, 0, 0, 0, 0, 0, 0
2502,0.800000, -0.125000, -0.520000,0, 0, 0, 0, 0, 0, 0, 0, 0, 0, 0
2516,0.800000, -0.125000, -0.520000,0, 0, 0, 0, 0, 0, 0, 0, 0, 0, 0
2524,0.840000, -0.125000, -0.480000,0, 0, 0, 0, 0, 0, 0, 0, 0, 0, 0
2538,0.840000, -0.125000, -0.520000,0, 0, 0, 0, 0, 0, 0, 0, 0, 0, 0
2547,0.800000, -0.125000, -0.480000,0, 0, 0, 0, 0, 0, 0, 0, 0, 0, 0
2555,0.800000, -0.125000, -0.480000,0, 0, 0, 0, 0, 0, 0, 0, 0, 0, 0
2565,0.800000, -0.125000, -0.480000,0, 0, 0, 0, 0, 0, 0, 0, 0, 0, 0
2577,0.800000, -0.125000, -0.520000,0, 0, 0, 0, 0, 0, 0, 0, 0, 0, 0
2584,0.840000, -0.125000, -0.520000,0, 0, 0, 0, 0, 0, 0, 0, 0, 0, 0
2598,0.840000, -0.125000, -0.520000,0, 0, 0, 0, 0, 0, 0, 0, 0, 0, 0
2608,0.880000, -0.125000, -0.520000,0, 0, 0, 0, 0, 0, 0, 0, 0, 0, 0
2616,0.880000, -0.125000, -0.520000,0, 0, 0, 0, 0, 0, 0, 0, 0, 0, 0
2627,0.880000, -0.166667, -0.520000,0, 0, 0, 0, 0, 0, 0, 0, 0, 0, 0
2637,0.840000, -0.166667, -0.520000,0, 0, 0, 0, 0, 0, 0, 0, 0, 0, 0
2651,0.840000, -0.166667, -0.520000,0, 0, 0, 0, 0, 0, 0, 0, 0, 0, 0
2657,0.880000, -0.166667, -0.560000,0, 0, 0, 0, 0, 0, 0, 0, 0, 0, 0
2668,0.840000, -0.208333, -0.520000,0, 0, 0, 0, 0, 0, 0, 0, 0, 0, 0
2676,0.880000, -0.250000, -0.360000,0, 0, 0, 0, 0, 0, 0, 0, 0, 0, 0
2690,0.800000, -0.333333, -0.480000,0, 0, 0, 0, 0, 0, 0, 0, 0, 0, 0
2698,0.800000, -0.333333, -0.480000,0, 0, 0, 0, 0, 0, 0, 0, 0, 0, 0
2709,0.800000, -0.291667, -0.480000,0, 0, 0, 0, 0, 0, 0, 0, 0, 0, 0
2717,0.800000, -0.291667, -0.400000,0, 0, 0, 0, 0, 0, 0, 0, 0, 0, 0
2731,0.800000, -0.375000, -0.480000,0, 0, 0, 0, 0, 0, 0, 0, 0, 0, 0
2740,0.840000, -0.375000, -0.480000,0, 0, 0, 0, 0, 0, 0, 0, 0, 0, 0
2753,0.920000, -0.333333, -0.480000,0, 0, 0, 0, 0, 0, 0, 0, 0, 0, 0
2761,0.880000, -0.333333, -0.480000,0, 0, 0, 0, 0, 0, 0, 0, 0, 0, 0
2769,0.840000, -0.333333, -0.480000,0, 0, 0, 0, 0, 0, 0, 0, 0, 0, 0
2783,0.800000, -0.333333, -0.520000,0, 0, 0, 0, 0, 0, 0, 0, 0, 0, 0
2790,0.800000, -0.291667, -0.520000,0, 0, 0, 0, 0, 0, 0, 0, 0, 0, 0
2802,0.760000, -0.291667, -0.560000,0, 0, 0, 0, 0, 0, 0, 0, 0, 0, 0
2810,0.800000, -0.250000, -0.560000,0, 0, 0, 0, 0, 0, 0, 0, 0, 0, 0
2822,0.800000, -0.208333, -0.560000,0, 0, 0, 0, 0, 0, 0, 0, 0, 0, 0
2831,0.840000, -0.208333, -0.600000,0, 0, 0, 0, 0, 0, 0, 0, 0, 0, 0
2845,0.840000, -0.208333, -0.600000,0, 0, 0, 0, 0, 0, 0, 0, 0, 0, 0
2853,0.880000, -0.208333, -0.560000,0, 0, 0, 0, 0, 0, 0, 0, 0, 0, 0
2861,0.920000, -0.208333, -0.560000,0, 0, 0, 0, 0, 0, 0, 0, 0, 0, 0
2874,0.880000, -0.208333, -0.520000,0, 0, 0, 0, 0, 0, 0, 0, 0, 0, 0
2882,0.880000, -0.250000, -0.520000,0, 0, 0, 0, 0, 0, 0, 0, 0, 0, 0
2896,0.880000, -0.250000, -0.520000,0, 0, 0, 0, 0, 0, 0, 0, 0, 0, 0
2906,0.880000, -0.250000, -0.480000,0, 0, 0, 0, 0, 0, 0, 0, 0, 0, 0
2913,0.880000, -0.250000, -0.440000,0, 0, 0, 0, 0, 0, 0, 0, 0, 0, 0
2927,0.880000, -0.250000, -0.440000,0, 0, 0, 0, 0, 0, 0, 0, 0, 0, 0
2935,0.840000, -0.250000, -0.440000,0, 0, 0, 0, 0, 0, 0, 0, 0, 0, 0
2945,0.840000, -0.250000, -0.400000,0, 0, 0, 0, 0, 0, 0, 0, 0, 0, 0
2956,0.840000, -0.250000, -0.400000,0, 0, 0, 0, 0, 0, 0, 0, 0, 0, 0
2968,0.840000, -0.291667, -0.360000,0, 0, 0, 0, 0, 0, 0, 0, 0, 0, 0
2978,0.880000, -0.291667, -0.400000,0, 0, 0, 0, 0, 0, 0, 0, 0, 0, 0
2986,0.840000, -0.250000, -0.400000,0, 0, 0, 0, 0, 0, 0, 0, 0, 0, 0
2999,0.880000, -0.250000, -0.400000,0, 0, 0, 0, 0, 0, 0, 0, 0, 0, 0
3007,0.880000, -0.208333, -0.400000,0, 0, 0, 0, 0, 0, 0, 0, 0, 0, 0
3015,0.880000, -0.208333, -0.400000,0, 0, 0, 0, 0, 0, 0, 0, 0, 0, 0
3025,0.880000, -0.208333, -0.400000,0, 0, 0, 0, 0, 0, 0, 0, 0, 0, 0
3035,0.840000, -0.208333, -0.360000,0, 0, 0, 0, 0, 0, 0, 0, 0, 0, 0
3048,0.800000, -0.208333, -0.360000,0, 0, 0, 0, 0, 0, 0, 0, 0, 0, 0
3062,0.800000, -0.250000, -0.320000,0, 0, 0, 0, 0, 0, 0, 0, 0, 0, 0
3066,0.800000, -0.291667, -0.320000,0, 0, 0, 0, 0, 0, 0, 0, 0, 0, 0
3080,0.800000, -0.333333, -0.320000,0, 0, 0, 0, 0, 0, 0, 0, 0, 0, 0
3087,0.840000, -0.333333, -0.320000,0, 0, 0, 0, 0, 0, 0, 0, 0, 0, 0
3097,0.840000, -0.333333, -0.360000,0, 0, 0, 0, 0, 0, 0, 0, 0, 0, 0
3111,0.880000, -0.291667, -0.360000,0, 0, 0, 0, 0, 0, 0, 0, 0, 0, 0
3119,0.920000, -0.291667, -0.360000,0, 0, 0, 0, 0, 0, 0, 0, 0, 0, 0
3130,0.960000, -0.291667, -0.360000,0, 0, 0, 0, 0, 0, 0, 0, 0, 0, 0
3140,0.960000, -0.291667, -0.320000,0, 0, 0, 0, 0, 0, 0, 0, 0, 0, 0
3148,0.920000, -0.291667, -0.280000,0, 0, 0, 0, 0, 0, 0, 0, 0, 0, 0
3160,0.880000, -0.333333, -0.280000,0, 0, 0, 0, 0, 0, 0, 0, 0, 0, 0
3167,0.880000, -0.375000, -0.280000,0, 0, 0, 0, 0, 0, 0, 0, 0, 0, 0
3181,0.880000, -0.416667, -0.240000,0, 0, 0, 0, 0, 0, 0, 0, 0, 0, 0
3191,0.880000, -0.458333, -0.240000,0, 0, 0, 0, 0, 0, 0, 0, 0, 0, 0
3201,0.880000, -0.458333, -0.280000,0, 0, 0, 0, 0, 0, 0, 0, 0, 0, 0
3210,0.920000, -0.458333, -0.240000,0, 0, 0, 0, 0, 0, 0, 0, 0, 0, 0
3218,0.960000, -0.416667, -0.240000,0, 0, 0, 0, 0, 0, 0, 0, 0, 0, 0
3234,0.960000, -0.416667, -0.240000,0, 0, 0, 0, 0, 0, 0, 0, 0, 0, 0
3240,0.920000, -0.375000, -0.240000,0, 0, 0, 0, 0, 0, 0, 0, 0, 0, 0
3253,0.920000, -0.375000, -0.240000,0, 0, 0, 0, 0, 0, 0, 0, 0, 0, 0
3263,0.920000, -0.416667, -0.240000,0, 0, 0, 0, 0, 0, 0, 0, 0, 0, 0
3273,0.920000, -0.416667, -0.240000,0, 0, 0, 0, 0, 0, 0, 0, 0, 0, 0
3283,0.880000, -0.416667, -0.280000,0, 0, 0, 0, 0, 0, 0, 0, 0, 0, 0
3290,0.920000, -0.416667, -0.280000,0, 0, 0, 0, 0, 0, 0, 0, 0, 0, 0
3304,0.960000, -0.416667, -0.280000,0, 0, 0, 0, 0, 0, 0, 0, 0, 0, 0
3312,1.000000, -0.416667, -0.320000,0, 0, 0, 0, 0, 0, 0, 0, 0, 0, 0
3322,1.040000, -0.416667, -0.360000,0, 0, 0, 0, 0, 0, 0, 0, 0, 0, 0
3335,1.040000, -0.375000, -0.360000,0, 0, 0, 0, 0, 0, 0, 0, 0, 0, 0
3343,1.040000, -0.333333, -0.400000,0, 0, 0, 0, 0, 0, 0, 0, 0, 0, 0
3353,1.000000, -0.333333, -0.440000,0, 0, 0, 0, 0, 0, 0, 0, 0, 0, 0
3365,0.960000, -0.291667, -0.400000,0, 0, 0, 0, 0, 0, 0, 0, 0, 0, 0
3374,0.920000, -0.291667, -0.400000,0, 0, 0, 0, 0, 0, 0, 0, 0, 0, 0
3386,0.920000, -0.291667, -0.360000,0, 0, 0, 0, 0, 0, 0, 0, 0, 0, 0
3400,0.920000, -0.291667, -0.360000,0, 0, 0, 0, 0, 0, 0, 0, 0, 0, 0
3404,0.920000, -0.291667, -0.320000,0, 0, 0, 0, 0, 0, 0, 0, 0, 0, 0
3415,0.920000, -0.291667, -0.360000,0, 0, 0, 0, 0, 0, 0, 0, 0, 0, 0
3423,0.920000, -0.208333, -0.360000,0, 0, 0, 0, 0, 0, 0, 0, 0, 0, 0
3437,0.920000, -0.125000, -0.400000,0, 0, 0, 0, 0, 0, 0, 0, 0, 0, 0
3445,0.960000, -0.083333, -0.400000,0, 0, 0, 0, 0, 0, 0, 0, 0, 0, 0
3455,0.960000, -0.041667, -0.400000,0, 0, 0, 0, 0, 0, 0, 0, 0, 0, 0
3468,0.920000, -0.041667, -0.400000,0, 0, 0, 0, 0, 0, 0, 0, 0, 0, 0
3476,0.920000, 0.000000, -0.360000,0, 0, 0, 0, 0, 0, 0, 0, 0, 0, 0
3490,0.880000, -0.041667, -0.280000,0, 0, 0, 0, 0, 0, 0, 0, 0, 0, 0
3497,0.840000, -0.083333, -0.240000,0, 0, 0, 0, 0, 0, 0, 0, 0, 0, 0
3507,0.840000, -0.125000, -0.240000,0, 0, 0, 0, 0, 0, 0, 0, 0, 0, 0
3515,0.800000, -0.125000, -0.240000,0, 0, 0, 0, 0, 0, 0, 0, 0, 0, 0
3529,0.800000, -0.125000, -0.240000,0, 0, 0, 0, 0, 0, 0, 0, 0, 0, 0
3550,0.800000, 0.000000, -0.240000,0, 0, 0, 0, 0, 0, 0, 0, 0, 0, 0
3558,0.840000, -0.041667, -0.240000,0, 0, 0, 0, 0, 0, 0, 0, 0, 0, 0
3568,0.880000, 0.000000, -0.240000,0, 0, 0, 0, 0, 0, 0, 0, 0, 0, 0
3580,0.960000, 0.000000, -0.240000,0, 0, 0, 0, 0, 0, 0, 0, 0, 0, 0
3593,0.960000, -0.041667, -0.280000,0, 0, 0, 0, 0, 0, 0, 0, 0, 0, 0
3601,0.920000, -0.041667, -0.280000,0, 0, 0, 0, 0, 0, 0, 0, 0, 0, 0
3609,0.920000, -0.041667, -0.280000,0, 0, 0, 0, 0, 0, 0, 0, 0, 0, 0
3622,0.920000, -0.041667, -0.320000,0, 0, 0, 0, 0, 0, 0, 0, 0, 0, 0
3630,0.920000, -0.041667, -0.320000,0, 0, 0, 0, 0, 0, 0, 0, 0, 0, 0
3638,0.920000, -0.041667, -0.320000,0, 0, 0, 0, 0, 0, 0, 0, 0, 0, 0
3652,0.880000, -0.083333, -0.320000,0, 0, 0, 0, 0, 0, 0, 0, 0, 0, 0
3660,0.880000, -0.083333, -0.320000,0, 0, 0, 0, 0, 0, 0, 0, 0, 0, 0
3669,0.840000, -0.083333, -0.280000,0, 0, 0, 0, 0, 0, 0, 0, 0, 0, 0
3681,0.840000, -0.125000, -0.280000,0, 0, 0, 0, 0, 0, 0, 0, 0, 0, 0
3691,0.800000, -0.125000, -0.320000,0, 0, 0, 0, 0, 0, 0, 0, 0, 0, 0
3703,0.800000, -0.125000, -0.320000,0, 0, 0, 0, 0, 0, 0, 0, 0, 0, 0
3714,0.840000, -0.166667, -0.360000,0, 0, 0, 0, 0, 0, 0, 0, 0, 0, 0
3718,0.840000, -0.166667, -0.360000,0, 0, 0, 0, 0, 0, 0, 0, 0, 0, 0
3734,0.840000, -0.166667, -0.320000,0, 0, 0, 0, 0, 0, 0, 0, 0, 0, 0
3742,0.880000, -0.166667, -0.320000,0, 0, 0, 0, 0, 0, 0, 0, 0, 0, 0
3751,0.880000, -0.208333, -0.320000,0, 0, 0, 0, 0, 0, 0, 0, 0, 0, 0
3765,0.880000, -0.208333, -0.320000,0, 0, 0, 0, 0, 0, 0, 0, 0, 0, 0
3771,0.880000, -0.208333, -0.320000,0, 0, 0, 0, 0, 0, 0, 0, 0, 0, 0
3779,0.880000, -0.250000, -0.320000,0, 0, 0, 0, 0, 0, 0, 0, 0, 0, 0
3798,0.920000, -0.250000, -0.320000,0, 0, 0, 0, 0, 0, 0, 0, 0, 0, 0
3802,0.920000, -0.250000, -0.280000,0, 0, 0, 0, 0, 0, 0, 0, 0, 0, 0
3812,0.920000, -0.291667, -0.280000,0, 0, 0, 0, 0, 0, 0, 0, 0, 0, 0
3822,0.920000, -0.291667, -0.280000,0, 0, 0, 0, 0, 0, 0, 0, 0, 0, 0
3831,0.920000, -0.333333, -0.280000,0, 0, 0, 0, 0, 0, 0, 0, 0, 0, 0
3843,0.920000, -0.333333, -0.280000,0, 0, 0, 0, 0, 0, 0, 0, 0, 0, 0
3851,0.960000, -0.291667, -0.280000,0, 0, 0, 0, 0, 0, 0, 0, 0, 0, 0
3867,1.000000, -0.291667, -0.320000,0, 0, 0, 0, 0, 0, 0, 0, 0, 0, 0
3872,1.000000, -0.250000, -0.360000,0, 0, 0, 0, 0, 0, 0, 0, 0, 0, 0
3882,1.000000, -0.250000, -0.360000,0, 0, 0, 0, 0, 0, 0, 0, 0, 0, 0
3906,0.960000, -0.250000, -0.400000,0, 0, 0, 0, 0, 0, 0, 0, 0, 0, 0
3908,0.960000, -0.208333, -0.400000,0, 0, 0, 0, 0, 0, 0, 0, 0, 0, 0
3915,0.920000, -0.208333, -0.360000,0, 0, 0, 0, 0, 0, 0, 0, 0, 0, 0
3923,0.920000, -0.208333, -0.360000,0, 0, 0, 0, 0, 0, 0, 0, 0, 0, 0
3935,0.920000, -0.250000, -0.320000,0, 0, 0, 0, 0, 0, 0, 0, 0, 0, 0
3947,0.920000, -0.208333, -0.320000,0, 0, 0, 0, 0, 0, 0, 0, 0, 0, 0
3955,0.920000, -0.208333, -0.320000,0, 0, 0, 0, 0, 0, 0, 0, 0, 0, 0
3972,0.920000, -0.250000, -0.280000,0, 0, 0, 0, 0, 0, 0, 0, 0, 0, 0
3976,0.920000, -0.250000, -0.280000,0, 0, 0, 0, 0, 0, 0, 0, 0, 0, 0
3988,0.880000, -0.291667, -0.280000,0, 0, 0, 0, 0, 0, 0, 0, 0, 0, 0
4001,0.880000, -0.291667, -0.280000,0, 0, 0, 0, 0, 0, 0, 0, 0, 0, 0
4003,0.880000, -0.291667, -0.280000,0, 0, 0, 0, 0, 0, 0, 0, 0, 0, 0
4017,0.880000, -0.291667, -0.280000,0, 0, 0, 0, 0, 0, 0, 0, 0, 0, 0
4025,0.880000, -0.291667, -0.280000,0, 0, 0, 0, 0, 0, 0, 0, 0, 0, 0
4033,0.880000, -0.291667, -0.280000,0, 0, 0, 0, 0, 0, 0, 0, 0, 0, 0
4044,0.880000, -0.250000, -0.280000,0, 0, 0, 0, 0, 0, 0, 0, 0, 0, 0
4056,0.840000, -0.291667, -0.320000,0, 0, 0, 0, 0, 0, 0, 0, 0, 0, 0
4066,0.840000, -0.291667, -0.320000,0, 0, 0, 0, 0, 0, 0, 0, 0, 0, 0
4078,0.840000, -0.291667, -0.280000,0, 0, 0, 0, 0, 0, 0, 0, 0, 0, 0
4087,0.800000, -0.291667, -0.280000,0, 0, 0, 0, 0, 0, 0, 0, 0, 0, 0
4099,0.840000, -0.291667, -0.280000,0, 0, 0, 0, 0, 0, 0, 0, 0, 0, 0
4109,0.840000, -0.291667, -0.280000,0, 0, 0, 0, 0, 0, 0, 0, 0, 0, 0
4117,0.840000, -0.291667, -0.320000,0, 0, 0, 0, 0, 0, 0, 0, 0, 0, 0
4128,0.840000, -0.291667, -0.280000,0, 0, 0, 0, 0, 0, 0, 0, 0, 0, 0
4136,0.880000, -0.291667, -0.280000,0, 0, 0, 0, 0, 0, 0, 0, 0, 0, 0
4148,0.880000, -0.291667, -0.280000,0, 0, 0, 0, 0, 0, 0, 0, 0, 0, 0
4160,0.880000, -0.291667, -0.280000,0, 0, 0, 0, 0, 0, 0, 0, 0, 0, 0
4175,0.880000, -0.291667, -0.280000,0, 0, 0, 0, 0, 0, 0, 0, 0, 0, 0
4179,0.880000, -0.291667, -0.280000,0, 0, 0, 0, 0, 0, 0, 0, 0, 0, 0
4197,0.880000, -0.291667, -0.280000,0, 0, 0, 0, 0, 0, 0, 0, 0, 0, 0
4201,0.880000, -0.291667, -0.280000,0, 0, 0, 0, 0, 0, 0, 0, 0, 0, 0
4210,0.880000, -0.250000, -0.280000,0, 0, 0, 0, 0, 0, 0, 0, 0, 0, 0
4220,0.880000, -0.250000, -0.280000,0, 0, 0, 0, 0, 0, 0, 0, 0, 0, 0
4228,0.880000, -0.250000, -0.280000,0, 0, 0, 0, 0, 0, 0, 0, 0, 0, 0
4242,0.880000, -0.250000, -0.280000,0, 0, 0, 0, 0, 0, 0, 0, 0, 0, 0
4251,0.880000, -0.291667, -0.320000,0, 0, 0, 0, 0, 0, 0, 0, 0, 0, 0
4259,0.880000, -0.291667, -0.280000,0, 0, 0, 0, 0, 0, 0, 0, 0, 0, 0
4273,0.880000, -0.333333, -0.280000,0, 0, 0, 0, 0, 0, 0, 0, 0, 0, 0
4281,0.840000, -0.333333, -0.280000,0, 0, 0, 0, 0, 0, 0, 0, 0, 0, 0
4288,0.880000, -0.333333, -0.280000,0, 0, 0, 0, 0, 0, 0, 0, 0, 0, 0
4302,0.880000, -0.333333, -0.280000,0, 0, 0, 0, 0, 0, 0, 0, 0, 0, 0
4310,0.920000, -0.333333, -0.280000,0, 0, 0, 0, 0, 0, 0, 0, 0, 0, 0
4322,0.920000, -0.333333, -0.280000,0, 0, 0, 0, 0, 0, 0, 0, 0, 0, 0
4330,0.880000, -0.333333, -0.280000,0, 0, 0, 0, 0, 0, 0, 0, 0, 0, 0
4345,0.920000, -0.333333, -0.280000,0, 0, 0, 0, 0, 0, 0, 0, 0, 0, 0
4353,0.920000, -0.333333, -0.280000,0, 0, 0, 0, 0, 0, 0, 0, 0, 0, 0
4361,0.920000, -0.333333, -0.280000,0, 0, 0, 0, 0, 0, 0, 0, 0, 0, 0
4371,0.920000, -0.291667, -0.280000,0, 0, 0, 0, 0, 0, 0, 0, 0, 0, 0
4384,0.920000, -0.291667, -0.320000,0, 0, 0, 0, 0, 0, 0, 0, 0, 0, 0
4396,0.920000, -0.291667, -0.320000,0, 0, 0, 0, 0, 0, 0, 0, 0, 0, 0
4402,0.920000, -0.291667, -0.320000,0, 0, 0, 0, 0, 0, 0, 0, 0, 0, 0
4413,0.880000, -0.291667, -0.320000,0, 0, 0, 0, 0, 0, 0, 0, 0, 0, 0
4421,0.880000, -0.291667, -0.320000,0, 0, 0, 0, 0, 0, 0, 0, 0, 0, 0
4435,0.880000, -0.291667, -0.320000,0, 0, 0, 0, 0, 0, 0, 0, 0, 0, 0
4443,0.880000, -0.291667, -0.280000,0, 0, 0, 0, 0, 0, 0, 0, 0, 0, 0
4460,0.920000, -0.291667, -0.320000,0, 0, 0, 0, 0, 0, 0, 0, 0, 0, 0
4462,0.920000, -0.291667, -0.320000,0, 0, 0, 0, 0, 0, 0, 0, 0, 0, 0
4476,0.920000, -0.291667, -0.320000,0, 0, 0, 0, 0, 0, 0, 0, 0, 0, 0
4484,0.920000, -0.291667, -0.320000,0, 0, 0, 0, 0, 0, 0, 0, 0, 0, 0
4494,0.920000, -0.291667, -0.320000,0, 0, 0, 0, 0, 0, 0, 0, 0, 0, 0
4501,0.920000, -0.291667, -0.320000,0, 0, 0, 0, 0, 0, 0, 0, 0, 0, 0
4515,0.920000, -0.291667, -0.320000,0, 0, 0, 0, 0, 0, 0, 0, 0, 0, 0
4523,0.920000, -0.291667, -0.320000,0, 0, 0, 0, 0, 0, 0, 0, 0, 0, 0
4537,0.920000, -0.291667, -0.320000,0, 0, 0, 0, 0, 0, 0, 0, 0, 0, 0
4550,0.920000, -0.291667, -0.320000,0, 0, 0, 0, 0, 0, 0, 0, 0, 0, 0
4554,0.920000, -0.291667, -0.360000,0, 0, 0, 0, 0, 0, 0, 0, 0, 0, 0
4570,0.920000, -0.291667, -0.360000,0, 0, 0, 0, 0, 0, 0, 0, 0, 0, 0
4578,0.920000, -0.291667, -0.360000,0, 0, 0, 0, 0, 0, 0, 0, 0, 0, 0
4585,0.920000, -0.291667, -0.360000,0, 0, 0, 0, 0, 0, 0, 0, 0, 0, 0
4599,0.920000, -0.291667, -0.320000,0, 0, 0, 0, 0, 0, 0, 0, 0, 0, 0
4609,0.920000, -0.291667, -0.320000,0, 0, 0, 0, 0, 0, 0, 0, 0, 0, 0
4617,0.920000, -0.291667, -0.320000,0, 0, 0, 0, 0, 0, 0, 0, 0, 0, 0
4626,0.920000, -0.291667, -0.320000,0, 0, 0, 0, 0, 0, 0, 0, 0, 0, 0
4634,0.960000, -0.291667, -0.320000,0, 0, 0, 0, 0, 0, 0, 0, 0, 0, 0
4648,0.960000, -0.291667, -0.320000,0, 0, 0, 0, 0, 0, 0, 0, 0, 0, 0
4656,0.960000, -0.291667, -0.320000,0, 0, 0, 0, 0, 0, 0, 0, 0, 0, 0
4669,0.920000, -0.291667, -0.320000,0, 0, 0, 0, 0, 0, 0, 0, 0, 0, 0
4679,0.920000, -0.291667, -0.280000,0, 0, 0, 0, 0, 0, 0, 0, 0, 0, 0
4687,0.920000, -0.291667, -0.280000,0, 0, 0, 0, 0, 0, 0, 0, 0, 0, 0
4695,0.920000, -0.291667, -0.280000,0, 0, 0, 0, 0, 0, 0, 0, 0, 0, 0
4710,0.920000, -0.291667, -0.280000,0, 0, 0, 0, 0, 0, 0, 0, 0, 0, 0
4718,0.880000, -0.291667, -0.280000,0, 0, 0, 0, 0, 0, 0, 0, 0, 0, 0
4730,0.880000, -0.291667, -0.280000,0, 0, 0, 0, 0, 0, 0, 0, 0, 0, 0
4740,0.880000, -0.291667, -0.280000,0, 0, 0, 0, 0, 0, 0, 0, 0, 0, 0
4751,0.880000, -0.291667, -0.280000,0, 0, 0, 0, 0, 0, 0, 0, 0, 0, 0
4757,0.880000, -0.291667, -0.280000,0, 0, 0, 0, 0, 0, 0, 0, 0, 0, 0
4771,0.840000, -0.291667, -0.280000,0, 0, 0, 0, 0, 0, 0, 0, 0, 0, 0
4779,0.840000, -0.291667, -0.280000,0, 0, 0, 0, 0, 0, 0, 0, 0, 0, 0
4790,0.840000, -0.291667, -0.280000,0, 0, 0, 0, 0, 0, 0, 0, 0, 0, 0
4800,0.840000, -0.291667, -0.280000,0, 0, 0, 0, 0, 0, 0, 0, 0, 0, 0
4812,0.840000, -0.291667, -0.280000,0, 0, 0, 0, 0, 0, 0, 0, 0, 0, 0
4820,0.840000, -0.291667, -0.280000,0, 0, 0, 0, 0, 0, 0, 0, 0, 0, 0
4830,0.840000, -0.291667, -0.280000,0, 0, 0, 0, 0, 0, 0, 0, 0, 0, 0
4841,0.840000, -0.291667, -0.280000,0, 0, 0, 0, 0, 0, 0, 0, 0, 0, 0
4851,0.840000, -0.291667, -0.280000,0, 0, 0, 0, 0, 0, 0, 0, 0, 0, 0
4859,0.840000, -0.291667, -0.320000,0, 0, 0, 0, 0, 0, 0, 0, 0, 0, 0
4872,0.840000, -0.291667, -0.320000,0, 0, 0, 0, 0, 0, 0, 0, 0, 0, 0
4886,0.840000, -0.291667, -0.320000,0, 0, 0, 0, 0, 0, 0, 0, 0, 0, 0
4894,0.840000, -0.291667, -0.320000,0, 0, 0, 0, 0, 0, 0, 0, 0, 0, 0
4906,0.840000, -0.291667, -0.280000,0, 0, 0, 0, 0, 0, 0, 0, 0, 0, 0
4912,0.880000, -0.291667, -0.320000,0, 0, 0, 0, 0, 0, 0, 0, 0, 0, 0
4923,0.880000, -0.291667, -0.320000,0, 0, 0, 0, 0, 0, 0, 0, 0, 0, 0
4933,0.880000, -0.291667, -0.320000,0, 0, 0, 0, 0, 0, 0, 0, 0, 0, 0
4941,0.880000, -0.291667, -0.320000,0, 0, 0, 0, 0, 0, 0, 0, 0, 0, 0
4955,0.880000, -0.291667, -0.320000,0, 0, 0, 0, 0, 0, 0, 0, 0, 0, 0
4964,0.880000, -0.291667, -0.320000,0, 0, 0, 0, 0, 0, 0, 0, 0, 0, 0
4974,0.880000, -0.291667, -0.320000,0, 0, 0, 0, 0, 0, 0, 0, 0, 0, 0
4984,0.880000, -0.291667, -0.320000,0, 0, 0, 0, 0, 0, 0, 0, 0, 0, 0
4999,0.880000, -0.291667, -0.320000,0, 0, 0, 0, 0, 0, 0, 0, 0, 0, 0
5003,0.880000, -0.291667, -0.320000,0, 0, 0, 0, 0, 0, 0, 0, 0, 0, 0
5015,0.920000, -0.291667, -0.320000,0, 0, 0, 0, 0, 0, 0, 0, 0, 0, 0
5025,0.880000, -0.291667, -0.320000,0, 0, 0, 0, 0, 0, 0, 0, 0, 0, 0
5040,0.880000, -0.291667, -0.320000,0, 0, 0, 0, 0, 0, 0, 0, 0, 0, 0
5048,0.880000, -0.291667, -0.320000,0, 0, 0, 0, 0, 0, 0, 0, 0, 0, 0
5056,0.880000, -0.291667, -0.360000,0, 0, 0, 0, 0, 0, 0, 0, 0, 0, 0
5066,0.880000, -0.291667, -0.360000,0, 0, 0, 0, 0, 0, 0, 0, 0, 0, 0
5080,0.880000, -0.291667, -0.360000,0, 0, 0, 0, 0, 0, 0, 0, 0, 0, 0
5087,0.880000, -0.250000, -0.360000,0, 0, 0, 0, 0, 0, 0, 0, 0, 0, 0
5099,0.880000, -0.291667, -0.360000,0, 0, 0, 0, 0, 0, 0, 0, 0, 0, 0
5109,0.880000, -0.250000, -0.320000,0, 0, 0, 0, 0, 0, 0, 0, 0, 0, 0
5117,0.920000, -0.250000, -0.360000,0, 0, 0, 0, 0, 0, 0, 0, 0, 0, 0
5132,0.880000, -0.250000, -0.320000,0, 0, 0, 0, 0, 0, 0, 0, 0, 0, 0
5138,0.880000, -0.291667, -0.320000,0, 0, 0, 0, 0, 0, 0, 0, 0, 0, 0
5150,0.880000, -0.250000, -0.320000,0, 0, 0, 0, 0, 0, 0, 0, 0, 0, 0
5156,0.880000, -0.291667, -0.360000,0, 0, 0, 0, 0, 0, 0, 0, 0, 0, 0
5169,0.840000, -0.291667, -0.320000,0, 0, 0, 0, 0, 0, 0, 0, 0, 0, 0
5177,0.880000, -0.291667, -0.320000,0, 0, 0, 0, 0, 0, 0, 0, 0, 0, 0
5201,0.880000, -0.291667, -0.320000,0, 0, 0, 0, 0, 0, 0, 0, 0, 0, 0
5203,0.880000, -0.291667, -0.320000,0, 0, 0, 0, 0, 0, 0, 0, 0, 0, 0
5210,0.880000, -0.291667, -0.320000,0, 0, 0, 0, 0, 0, 0, 0, 0, 0, 0
5218,0.920000, -0.250000, -0.320000,0, 0, 0, 0, 0, 0, 0, 0, 0, 0, 0
5232,0.920000, -0.291667, -0.320000,0, 0, 0, 0, 0, 0, 0, 0, 0, 0, 0
5240,0.920000, -0.291667, -0.320000,0, 0, 0, 0, 0, 0, 0, 0, 0, 0, 0
5249,0.920000, -0.291667, -0.320000,0, 0, 0, 0, 0, 0, 0, 0, 0, 0, 0
5263,0.920000, -0.291667, -0.320000,0, 0, 0, 0, 0, 0, 0, 0, 0, 0, 0
5271,0.920000, -0.291667, -0.320000,0, 0, 0, 0, 0, 0, 0, 0, 0, 0, 0
5285,0.920000, -0.291667, -0.320000,0, 0, 0, 0, 0, 0, 0, 0, 0, 0, 0
5292,0.920000, -0.291667, -0.280000,0, 0, 0, 0, 0, 0, 0, 0, 0, 0, 0
5302,0.920000, -0.291667, -0.320000,0, 0, 0, 0, 0, 0, 0, 0, 0, 0, 0
5310,0.920000, -0.291667, -0.320000,0, 0, 0, 0, 0, 0, 0, 0, 0, 0, 0
5324,0.920000, -0.291667, -0.320000,0, 0, 0, 0, 0, 0, 0, 0, 0, 0, 0
5331,0.920000, -0.291667, -0.320000,0, 0, 0, 0, 0, 0, 0, 0, 0, 0, 0
5345,0.920000, -0.291667, -0.320000,0, 0, 0, 0, 0, 0, 0, 0, 0, 0, 0
5355,0.920000, -0.291667, -0.360000,0, 0, 0, 0, 0, 0, 0, 0, 0, 0, 0
5363,0.920000, -0.291667, -0.360000,0, 0, 0, 0, 0, 0, 0, 0, 0, 0, 0
5372,0.920000, -0.291667, -0.360000,0, 0, 0, 0, 0, 0, 0, 0, 0, 0, 0
5386,0.920000, -0.291667, -0.360000,0, 0, 0, 0, 0, 0, 0, 0, 0, 0, 0
5400,0.920000, -0.291667, -0.320000,0, 0, 0, 0, 0, 0, 0, 0, 0, 0, 0
5404,0.920000, -0.291667, -0.320000,0, 0, 0, 0, 0, 0, 0, 0, 0, 0, 0
5417,0.920000, -0.291667, -0.320000,0, 0, 0, 0, 0, 0, 0, 0, 0, 0, 0
5425,0.920000, -0.291667, -0.320000,0, 0, 0, 0, 0, 0, 0, 0, 0, 0, 0
5439,0.920000, -0.291667, -0.320000,0, 0, 0, 0, 0, 0, 0, 0, 0, 0, 0
5445,0.920000, -0.291667, -0.320000,0, 0, 0, 0, 0, 0, 0, 0, 0, 0, 0
5455,0.880000, -0.291667, -0.320000,0, 0, 0, 0, 0, 0, 0, 0, 0, 0, 0
5468,0.880000, -0.291667, -0.320000,0, 0, 0, 0, 0, 0, 0, 0, 0, 0, 0
5476,0.880000, -0.291667, -0.320000,0, 0, 0, 0, 0, 0, 0, 0, 0, 0, 0
5486,0.880000, -0.291667, -0.280000,0, 0, 0, 0, 0, 0, 0, 0, 0, 0, 0
5501,0.880000, -0.291667, -0.280000,0, 0, 0, 0, 0, 0, 0, 0, 0, 0, 0
5509,0.880000, -0.333333, -0.280000,0, 0, 0, 0, 0, 0, 0, 0, 0, 0, 0
5519,0.880000, -0.291667, -0.280000,0, 0, 0, 0, 0, 0, 0, 0, 0, 0, 0
5531,0.840000, -0.291667, -0.280000,0, 0, 0, 0, 0, 0, 0, 0, 0, 0, 0
5538,0.840000, -0.291667, -0.320000,0, 0, 0, 0, 0, 0, 0, 0, 0, 0, 0
5550,0.840000, -0.291667, -0.320000,0, 0, 0, 0, 0, 0, 0, 0, 0, 0, 0
5556,0.840000, -0.291667, -0.320000,0, 0, 0, 0, 0, 0, 0, 0, 0, 0, 0
5570,0.840000, -0.291667, -0.320000,0, 0, 0, 0, 0, 0, 0, 0, 0, 0, 0
5578,0.840000, -0.291667, -0.320000,0, 0, 0, 0, 0, 0, 0, 0, 0, 0, 0
5587,0.840000, -0.291667, -0.320000,0, 0, 0, 0, 0, 0, 0, 0, 0, 0, 0
5601,0.840000, -0.291667, -0.320000,0, 0, 0, 0, 0, 0, 0, 0, 0, 0, 0
5609,0.840000, -0.291667, -0.320000,0, 0, 0, 0, 0, 0, 0, 0, 0, 0, 0
5619,0.840000, -0.250000, -0.320000,0, 0, 0, 0, 0, 0, 0, 0, 0, 0, 0
5632,0.880000, -0.250000, -0.360000,0, 0, 0, 0, 0, 0, 0, 0, 0, 0, 0
5640,0.880000, -0.250000, -0.360000,0, 0, 0, 0, 0, 0, 0, 0, 0, 0, 0
5650,0.880000, -0.291667, -0.360000,0, 0, 0, 0, 0, 0, 0, 0, 0, 0, 0
5663,0.880000, -0.291667, -0.360000,0, 0, 0, 0, 0, 0, 0, 0, 0, 0, 0
5671,0.880000, -0.291667, -0.360000,0, 0, 0, 0, 0, 0, 0, 0, 0, 0, 0
5679,0.880000, -0.291667, -0.360000,0, 0, 0, 0, 0, 0, 0, 0, 0, 0, 0
5693,0.880000, -0.291667, -0.320000,0, 0, 0, 0, 0, 0, 0, 0, 0, 0, 0
5705,0.880000, -0.291667, -0.320000,0, 0, 0, 0, 0, 0, 0, 0, 0, 0, 0
5712,0.880000, -0.291667, -0.320000,0, 0, 0, 0, 0, 0, 0, 0, 0, 0, 0
5718,0.880000, -0.291667, -0.320000,0, 0, 0, 0, 0, 0, 0, 0, 0, 0, 0
5732,0.880000, -0.291667, -0.320000,0, 0, 0, 0, 0, 0, 0, 0, 0, 0, 0
5742,0.880000, -0.291667, -0.320000,0, 0, 0, 0, 0, 0, 0, 0, 0, 0, 0
5749,0.880000, -0.291667, -0.320000,0, 0, 0, 0, 0, 0, 0, 0, 0, 0, 0
5763,0.880000, -0.291667, -0.320000,0, 0, 0, 0, 0, 0, 0, 0, 0, 0, 0
5771,0.880000, -0.291667, -0.320000,0, 0, 0, 0, 0, 0, 0, 0, 0, 0, 0
5781,0.880000, -0.291667, -0.320000,0, 0, 0, 0, 0, 0, 0, 0, 0, 0, 0
5800,0.880000, -0.291667, -0.320000,0, 0, 0, 0, 0, 0, 0, 0, 0, 0, 0
5802,0.920000, -0.291667, -0.320000,0, 0, 0, 0, 0, 0, 0, 0, 0, 0, 0
5822,0.920000, -0.291667, -0.320000,0, 0, 0, 0, 0, 0, 0, 0, 0, 0, 0
5824,0.920000, -0.291667, -0.320000,0, 0, 0, 0, 0, 0, 0, 0, 0, 0, 0
5831,0.880000, -0.291667, -0.320000,0, 0, 0, 0, 0, 0, 0, 0, 0, 0, 0
5845,0.880000, -0.291667, -0.360000,0, 0, 0, 0, 0, 0, 0, 0, 0, 0, 0
5857,0.880000, -0.291667, -0.320000,0, 0, 0, 0, 0, 0, 0, 0, 0, 0, 0
5869,0.880000, -0.291667, -0.320000,0, 0, 0, 0, 0, 0, 0, 0, 0, 0, 0
5876,0.880000, -0.291667, -0.320000,0, 0, 0, 0, 0, 0, 0, 0, 0, 0, 0
5882,0.880000, -0.291667, -0.320000,0, 0, 0, 0, 0, 0, 0, 0, 0, 0, 0
5896,0.880000, -0.291667, -0.320000,0, 0, 0, 0, 0, 0, 0, 0, 0, 0, 0
5902,0.880000, -0.291667, -0.320000,0, 0, 0, 0, 0, 0, 0, 0, 0, 0, 0
5917,0.880000, -0.291667, -0.320000,0, 0, 0, 0, 0, 0, 0, 0, 0, 0, 0
5926,0.880000, -0.291667, -0.320000,0, 0, 0, 0, 0, 0, 0, 0, 0, 0, 0
5934,0.920000, -0.291667, -0.320000,0, 0, 0, 0, 0, 0, 0, 0, 0, 0, 0
5944,0.880000, -0.291667, -0.320000,0, 0, 0, 0, 0, 0, 0, 0, 0, 0, 0
5955,0.880000, -0.291667, -0.320000,0, 0, 0, 0, 0, 0, 0, 0, 0, 0, 0
5965,0.880000, -0.291667, -0.360000,0, 0, 0, 0, 0, 0, 0, 0, 0, 0, 0
5977,0.840000, -0.291667, -0.360000,0, 0, 0, 0, 0, 0, 0, 0, 0, 0, 0
5985,0.840000, -0.291667, -0.360000,0, 0, 0, 0, 0, 0, 0, 0, 0, 0, 0
5998,0.840000, -0.291667, -0.360000,0, 0, 0, 0, 0, 0, 0, 0, 0, 0, 0
6008,0.880000, -0.291667, -0.360000,0, 0, 0, 0, 0, 0, 0, 0, 0, 0, 0
6016,0.880000, -0.291667, -0.360000,0, 0, 0, 0, 0, 0, 0, 0, 0, 0, 0
6028,0.880000, -0.250000, -0.320000,0, 0, 0, 0, 0, 0, 0, 0, 0, 0, 0
6036,0.880000, -0.291667, -0.320000,0, 0, 0, 0, 0, 0, 0, 0, 0, 0, 0
6045,0.880000, -0.291667, -0.320000,0, 0, 0, 0, 0, 0, 0, 0, 0, 0, 0
6057,0.880000, -0.291667, -0.320000,0, 0, 0, 0, 0, 0, 0, 0, 0, 0, 0
6067,0.880000, -0.291667, -0.320000,0, 0, 0, 0, 0, 0, 0, 0, 0, 0, 0
6080,0.880000, -0.291667, -0.320000,0, 0, 0, 0, 0, 0, 0, 0, 0, 0, 0
6088,0.880000, -0.291667, -0.320000,0, 0, 0, 0, 0, 0, 0, 0, 0, 0, 0
6096,0.880000, -0.291667, -0.320000,0, 0, 0, 0, 0, 0, 0, 0, 0, 0, 0
6110,0.880000, -0.291667, -0.320000,0, 0, 0, 0, 0, 0, 0, 0, 0, 0, 0
6118,0.880000, -0.291667, -0.320000,0, 0, 0, 0, 0, 0, 0, 0, 0, 0, 0
6133,0.920000, -0.291667, -0.320000,0, 0, 0, 0, 0, 0, 0, 0, 0, 0, 0
6139,0.920000, -0.291667, -0.320000,0, 0, 0, 0, 0, 0, 0, 0, 0, 0, 0
6153,0.880000, -0.291667, -0.320000,0, 0, 0, 0, 0, 0, 0, 0, 0, 0, 0
6159,0.880000, -0.291667, -0.320000,0, 0, 0, 0, 0, 0, 0, 0, 0, 0, 0
6174,0.880000, -0.291667, -0.320000,0, 0, 0, 0, 0, 0, 0, 0, 0, 0, 0
6182,0.880000, -0.291667, -0.320000,0, 0, 0, 0, 0, 0, 0, 0, 0, 0, 0
6190,0.920000, -0.291667, -0.320000,0, 0, 0, 0, 0, 0, 0, 0, 0, 0, 0
6200,0.920000, -0.291667, -0.320000,0, 0, 0, 0, 0, 0, 0, 0, 0, 0, 0
6211,0.920000, -0.291667, -0.320000,0, 0, 0, 0, 0, 0, 0, 0, 0, 0, 0
6221,0.920000, -0.291667, -0.320000,0, 0, 0, 0, 0, 0, 0, 0, 0, 0, 0
6229,0.920000, -0.291667, -0.320000,0, 0, 0, 0, 0, 0, 0, 0, 0, 0, 0
6243,0.880000, -0.291667, -0.320000,0, 0, 0, 0, 0, 0, 0, 0, 0, 0, 0
6250,0.880000, -0.291667, -0.320000,0, 0, 0, 0, 0, 0, 0, 0, 0, 0, 0
6264,0.920000, -0.291667, -0.320000,0, 0, 0, 0, 0, 0, 0, 0, 0, 0, 0
6272,0.880000, -0.291667, -0.320000,0, 0, 0, 0, 0, 0, 0, 0, 0, 0, 0
6282,0.880000, -0.291667, -0.320000,0, 0, 0, 0, 0, 0, 0, 0, 0, 0, 0
6293,0.880000, -0.291667, -0.320000,0, 0, 0, 0, 0, 0, 0, 0, 0, 0, 0
6303,0.880000, -0.291667, -0.360000,0, 0, 0, 0, 0, 0, 0, 0, 0, 0, 0
6315,0.880000, -0.291667, -0.360000,0, 0, 0, 0, 0, 0, 0, 0, 0, 0, 0
6325,0.880000, -0.291667, -0.320000,0, 0, 0, 0, 0, 0, 0, 0, 0, 0, 0
6332,0.920000, -0.291667, -0.360000,0, 0, 0, 0, 0, 0, 0, 0, 0, 0, 0
6344,0.920000, -0.291667, -0.360000,0, 0, 0, 0, 0, 0, 0, 0, 0, 0, 0
6356,0.880000, -0.291667, -0.320000,0, 0, 0, 0, 0, 0, 0, 0, 0, 0, 0
6364,0.880000, -0.291667, -0.320000,0, 0, 0, 0, 0, 0, 0, 0, 0, 0, 0
6377,0.880000, -0.291667, -0.320000,0, 0, 0, 0, 0, 0, 0, 0, 0, 0, 0
6385,0.880000, -0.291667, -0.320000,0, 0, 0, 0, 0, 0, 0, 0, 0, 0, 0
6399,0.880000, -0.291667, -0.320000,0, 0, 0, 0, 0, 0, 0, 0, 0, 0, 0
6403,0.840000, -0.291667, -0.320000,0, 0, 0, 0, 0, 0, 0, 0, 0, 0, 0
6416,0.880000, -0.291667, -0.320000,0, 0, 0, 0, 0, 0, 0, 0, 0, 0, 0
6426,0.880000, -0.291667, -0.320000,0, 0, 0, 0, 0, 0, 0, 0, 0, 0, 0
6434,0.880000, -0.291667, -0.320000,0, 0, 0, 0, 0, 0, 0, 0, 0, 0, 0
6448,0.880000, -0.291667, -0.320000,0, 0, 0, 0, 0, 0, 0, 0, 0, 0, 0
6455,0.880000, -0.291667, -0.360000,0, 0, 0, 0, 0, 0, 0, 0, 0, 0, 0
6467,0.880000, -0.291667, -0.320000,0, 0, 0, 0, 0, 0, 0, 0, 0, 0, 0
6477,0.880000, -0.291667, -0.360000,0, 0, 0, 0, 0, 0, 0, 0, 0, 0, 0
6485,0.880000, -0.291667, -0.360000,0, 0, 0, 0, 0, 0, 0, 0, 0, 0, 0
6498,0.880000, -0.291667, -0.360000,0, 0, 0, 0, 0, 0, 0, 0, 0, 0, 0
6506,0.880000, -0.291667, -0.360000,0, 0, 0, 0, 0, 0, 0, 0, 0, 0, 0
6516,0.880000, -0.291667, -0.320000,0, 0, 0, 0, 0, 0, 0, 0, 0, 0, 0
6530,0.880000, -0.291667, -0.320000,0, 0, 0, 0, 0, 0, 0, 0, 0, 0, 0
6538,0.840000, -0.291667, -0.320000,0, 0, 0, 0, 0, 0, 0, 0, 0, 0, 0
6549,0.840000, -0.291667, -0.320000,0, 0, 0, 0, 0, 0, 0, 0, 0, 0, 0
6559,0.840000, -0.291667, -0.320000,0, 0, 0, 0, 0, 0, 0, 0, 0, 0, 0
6567,0.840000, -0.291667, -0.320000,0, 0, 0, 0, 0, 0, 0, 0, 0, 0, 0
6580,0.880000, -0.291667, -0.320000,0, 0, 0, 0, 0, 0, 0, 0, 0, 0, 0
6590,0.840000, -0.291667, -0.320000,0, 0, 0, 0, 0, 0, 0, 0, 0, 0, 0
6600,0.840000, -0.291667, -0.320000,0, 0, 0, 0, 0, 0, 0, 0, 0, 0, 0
6606,0.840000, -0.291667, -0.320000,0, 0, 0, 0, 0, 0, 0, 0, 0, 0, 0
6621,0.840000, -0.291667, -0.320000,0, 0, 0, 0, 0, 0, 0, 0, 0, 0, 0
6631,0.840000, -0.291667, -0.280000,0, 0, 0, 0, 0, 0, 0, 0, 0, 0, 0
6641,0.880000, -0.291667, -0.320000,0, 0, 0, 0, 0, 0, 0, 0, 0, 0, 0
6647,0.880000, -0.291667, -0.320000,0, 0, 0, 0, 0, 0, 0, 0, 0, 0, 0
6661,0.880000, -0.291667, -0.320000,0, 0, 0, 0, 0, 0, 0, 0, 0, 0, 0
6672,0.880000, -0.291667, -0.280000,0, 0, 0, 0, 0, 0, 0, 0, 0, 0, 0
6680,0.880000, -0.291667, -0.320000,0, 0, 0, 0, 0, 0, 0, 0, 0, 0, 0
6690,0.880000, -0.291667, -0.320000,0, 0, 0, 0, 0, 0, 0, 0, 0, 0, 0
6702,0.840000, -0.291667, -0.320000,0, 0, 0, 0, 0, 0, 0, 0, 0, 0, 0
6713,0.840000, -0.291667, -0.320000,0, 0, 0, 0, 0, 0, 0, 0, 0, 0, 0
6721,0.880000, -0.291667, -0.320000,0, 0, 0, 0, 0, 0, 0, 0, 0, 0, 0
6731,0.880000, -0.291667, -0.320000,0, 0, 0, 0, 0, 0, 0, 0, 0, 0, 0
6748,0.880000, -0.291667, -0.320000,0, 0, 0, 0, 0, 0, 0, 0, 0, 0, 0
6752,0.880000, -0.291667, -0.320000,0, 0, 0, 0, 0, 0, 0, 0, 0, 0, 0
6762,0.880000, -0.291667, -0.320000,0, 0, 0, 0, 0, 0, 0, 0, 0, 0, 0
6772,0.880000, -0.291667, -0.320000,0, 0, 0, 0, 0, 0, 0, 0, 0, 0, 0
6782,0.880000, -0.291667, -0.320000,0, 0, 0, 0, 0, 0, 0, 0, 0, 0, 0
6791,0.880000, -0.291667, -0.320000,0, 0, 0, 0, 0, 0, 0, 0, 0, 0, 0
6801,0.880000, -0.333333, -0.320000,0, 0, 0, 0, 0, 0, 0, 0, 0, 0, 0
6815,0.880000, -0.291667, -0.320000,0, 0, 0, 0, 0, 0, 0, 0, 0, 0, 0
6823,0.920000, -0.291667, -0.280000,0, 0, 0, 0, 0, 0, 0, 0, 0, 0, 0
6832,0.920000, -0.291667, -0.320000,0, 0, 0, 0, 0, 0, 0, 0, 0, 0, 0
6846,0.920000, -0.291667, -0.320000,0, 0, 0, 0, 0, 0, 0, 0, 0, 0, 0
6852,0.880000, -0.291667, -0.320000,0, 0, 0, 0, 0, 0, 0, 0, 0, 0, 0
6866,0.880000, -0.291667, -0.320000,0, 0, 0, 0, 0, 0, 0, 0, 0, 0, 0
6873,0.880000, -0.291667, -0.320000,0, 0, 0, 0, 0, 0, 0, 0, 0, 0, 0
6883,0.880000, -0.291667, -0.320000,0, 0, 0, 0, 0, 0, 0, 0, 0, 0, 0
6897,0.880000, -0.291667, -0.360000,0, 0, 0, 0, 0, 0, 0, 0, 0, 0, 0
6905,0.840000, -0.291667, -0.360000,0, 0, 0, 0, 0, 0, 0, 0, 0, 0, 0
6914,0.840000, -0.291667, -0.360000,0, 0, 0, 0, 0, 0, 0, 0, 0, 0, 0
6928,0.840000, -0.291667, -0.320000,0, 0, 0, 0, 0, 0, 0, 0, 0, 0, 0
6936,0.840000, -0.291667, -0.320000,0, 0, 0, 0, 0, 0, 0, 0, 0, 0, 0
6946,0.840000, -0.291667, -0.320000,0, 0, 0, 0, 0, 0, 0, 0, 0, 0, 0
6957,0.880000, -0.291667, -0.320000,0, 0, 0, 0, 0, 0, 0, 0, 0, 0, 0
6967,0.880000, -0.291667, -0.320000,0, 0, 0, 0, 0, 0, 0, 0, 0, 0, 0
6975,0.920000, -0.291667, -0.320000,0, 0, 0, 0, 0, 0, 0, 0, 0, 0, 0
6987,0.920000, -0.291667, -0.320000,0, 0, 0, 0, 0, 0, 0, 0, 0, 0, 0
7000,0.920000, -0.291667, -0.280000,0, 0, 0, 0, 0, 0, 0, 0, 0, 0, 0
7008,0.920000, -0.291667, -0.280000,0, 0, 0, 0, 0, 0, 0, 0, 0, 0, 0
7018,0.920000, -0.333333, -0.320000,0, 0, 0, 0, 0, 0, 0, 0, 0, 0, 0
7026,0.880000, -0.333333, -0.280000,0, 0, 0, 0, 0, 0, 0, 0, 0, 0, 0
7047,0.880000, -0.333333, -0.280000,0, 0, 0, 0, 0, 0, 0, 0, 0, 0, 0
7049,0.880000, -0.333333, -0.280000,0, 0, 0, 0, 0, 0, 0, 0, 0, 0, 0
7055,0.880000, -0.291667, -0.320000,0, 0, 0, 0, 0, 0, 0, 0, 0, 0, 0
7067,0.880000, -0.291667, -0.320000,0, 0, 0, 0, 0, 0, 0, 0, 0, 0, 0
7079,0.920000, -0.291667, -0.320000,0, 0, 0, 0, 0, 0, 0, 0, 0, 0, 0
7088,0.920000, -0.291667, -0.320000,0, 0, 0, 0, 0, 0, 0, 0, 0, 0, 0
7100,0.880000, -0.291667, -0.320000,0, 0, 0, 0, 0, 0, 0, 0, 0, 0, 0
7110,0.920000, -0.291667, -0.320000,0, 0, 0, 0, 0, 0, 0, 0, 0, 0, 0
7118,0.880000, -0.291667, -0.320000,0, 0, 0, 0, 0, 0, 0, 0, 0, 0, 0
7129,0.880000, -0.291667, -0.320000,0, 0, 0, 0, 0, 0, 0, 0, 0, 0, 0
7139,0.880000, -0.291667, -0.320000,0, 0, 0, 0, 0, 0, 0, 0, 0, 0, 0
7153,0.920000, -0.291667, -0.320000,0, 0, 0, 0, 0, 0, 0, 0, 0, 0, 0
7161,0.920000, -0.291667, -0.320000,0, 0, 0, 0, 0, 0, 0, 0, 0, 0, 0
7172,0.920000, -0.291667, -0.320000,0, 0, 0, 0, 0, 0, 0, 0, 0, 0, 0
7178,0.920000, -0.291667, -0.320000,0, 0, 0, 0, 0, 0, 0, 0, 0, 0, 0
7190,0.920000, -0.291667, -0.320000,0, 0, 0, 0, 0, 0, 0, 0, 0, 0, 0
7200,0.920000, -0.291667, -0.320000,0, 0, 0, 0, 0, 0, 0, 0, 0, 0, 0
7211,0.880000, -0.291667, -0.320000,0, 0, 0, 0, 0, 0, 0, 0, 0, 0, 0
7219,0.800000, -0.291667, -0.280000,0, 0, 0, 0, 0, 0, 0, 0, 0, 0, 0
7233,0.680000, -0.291667, -0.200000,0, 0, 0, 0, 0, 0, 0, 0, 0, 0, 0
7245,0.520000, -0.333333, -0.120000,0, 0, 0, 0, 0, 0, 0, 0, 0, 0, 0
7252,0.320000, -0.208333, -0.120000,0, 0, 0, 0, 0, 0, 0, 0, 0, 0, 0
7260,0.160000, -0.208333, -0.120000,0, 0, 0, 0, 0, 0, 0, 0, 0, 0, 0
7270,0.080000, -0.083333, -0.040000,0, 0, 0, 0, 0, 0, 0, 0, 0, 0, 0
7284,0.040000, -0.041667, 0.000000,0, 0, 0, 0, 0, 0, 0, 0, 0, 0, 0
7291,0.040000, 0.000000, 0.000000,0, 0, 0, 0, 0, 0, 0, 0, 0, 0, 0
7315,0.040000, -0.041667, 0.000000,0, 0, 0, 0, 0, 0, 0, 0, 0, 0, 0
7354,0.000000, -0.041667, 0.040000,0, 0, 0, 0, 0, 0, 0, 0, 0, 0, 0
7356,0.040000, 0.000000, 0.040000,0, 0, 0, 0, 0, 0, 0, 0, 0, 0, 0
7364,0.000000, -0.041667, 0.000000,0, 0, 0, 0, 0, 0, 0, 0, 0, 0, 0
7385,0.040000, -0.041667, 0.000000,0, 0, 0, 0, 0, 0, 0, 0, 0, 0, 0
7397,0.040000, -0.041667, 0.040000,0, 0, 0, 0, 0, 0, 0, 0, 0, 0, 0
7416,0.000000, -0.041667, 0.000000,0, 0, 0, 0, 0, 0, 0, 0, 0, 0, 0
7426,0.040000, 0.000000, 0.040000,0, 0, 0, 0, 0, 0, 0, 0, 0, 0, 0
7434,0.040000, -0.041667, 0.000000,0, 0, 0, 0, 0, 0, 0, 0, 0, 0, 0
7473,0.040000, -0.041667, 0.040000,0, 0, 0, 0, 0, 0, 0, 0, 0, 0, 0
7485,0.040000, -0.041667, 0.000000,0, 0, 0, 0, 0, 0, 0, 0, 0, 0, 0
7495,0.040000, -0.041667, 0.000000,0, 0, 0, 0, 0, 0, 0, 0, 0, 0, 0
7508,0.040000, -0.041667, 0.000000,0, 0, 0, 0, 0, 0, 0, 0, 0, 0, 0
7532,0.040000, 0.000000, 0.040000,0, 0, 0, 0, 0, 0, 0, 0, 0, 0, 0
7538,0.040000, -0.041667, 0.000000,0, 0, 0, 0, 0, 0, 0, 0, 0, 0, 0
7547,0.040000, 0.000000, 0.000000,0, 0, 0, 0, 0, 0, 0, 0, 0, 0, 0
7555,0.040000, 0.000000, 0.000000,0, 0, 0, 0, 0, 0, 0, 0, 0, 0, 0
7567,0.040000, 0.000000, 0.040000,0, 0, 0, 0, 0, 0, 0, 0, 0, 0, 0
7575,0.040000, 0.000000, 0.000000,0, 0, 0, 0, 0, 0, 0, 0, 0, 0, 0
7588,0.040000, 0.000000, 0.040000,0, 0, 0, 0, 0, 0, 0, 0, 0, 0, 0
7598,0.040000, 0.000000, 0.000000,0, 0, 0, 0, 0, 0, 0, 0, 0, 0, 0
7620,0.040000, -0.041667, 0.040000,0, 0, 0, 0, 0, 0, 0, 0, 0, 0, 0
7629,0.040000, 0.000000, 0.040000,0, 0, 0, 0, 0, 0, 0, 0, 0, 0, 0
7637,0.040000, -0.041667, 0.040000,0, 0, 0, 0, 0, 0, 0, 0, 0, 0, 0
7651,0.040000, 0.000000, 0.040000,0, 0, 0, 0, 0, 0, 0, 0, 0, 0, 0
7659,0.040000, -0.041667, 0.000000,0, 0, 0, 0, 0, 0, 0, 0, 0, 0, 0
7680,0.040000, -0.041667, 0.040000,0, 0, 0, 0, 0, 0, 0, 0, 0, 0, 0
7709,0.080000, -0.041667, 0.040000,0, 0, 0, 0, 0, 0, 0, 0, 0, 0, 0
7731,0.080000, -0.041667, 0.040000,0, 0, 0, 0, 0, 0, 0, 0, 0, 0, 0
7738,0.080000, -0.041667, 0.040000,0, 0, 0, 0, 0, 0, 0, 0, 0, 0, 0
7773,0.080000, 0.000000, 0.040000,0, 0, 0, 0, 0, 0, 0, 0, 0, 0, 0
7783,0.080000, -0.041667, 0.040000,0, 0, 0, 0, 0, 0, 0, 0, 0, 0, 0
7794,0.080000, -0.041667, 0.040000,0, 0, 0, 0, 0, 0, 0, 0, 0, 0, 0
7814,0.080000, -0.041667, 0.040000,0, 0, 0, 0, 0, 0, 0, 0, 0, 0, 0
7820,0.080000, 0.000000, 0.080000,0, 0, 0, 0, 0, 0, 0, 0, 0, 0, 0
7843,0.080000, 0.000000, 0.080000,0, 0, 0, 0, 0, 0, 0, 0, 0, 0, 0
7851,0.120000, 0.000000, 0.040000,0, 0, 0, 0, 0, 0, 0, 0, 0, 0, 0
7884,0.120000, 0.000000, 0.080000,0, 0, 0, 0, 0, 0, 0, 0, 0, 0, 0
7892,0.120000, 0.000000, 0.080000,0, 0, 0, 0, 0, 0, 0, 0, 0, 0, 0
7906,0.120000, 0.000000, 0.080000,0, 0, 0, 0, 0, 0, 0, 0, 0, 0, 0
7919,0.120000, 0.000000, 0.080000,0, 0, 0, 0, 0, 0, 0, 0, 0, 0, 0
7935,0.120000, 0.000000, 0.080000,0, 0, 0, 0, 0, 0, 0, 0, 0, 0, 0
7955,0.120000, 0.000000, 0.080000,0, 0, 0, 0, 0, 0, 0, 0, 0, 0, 0
7976,0.120000, 0.000000, 0.080000,0, 0, 0, 0, 0, 0, 0, 0, 0, 0, 0
7984,0.120000, 0.000000, 0.080000,0, 0, 0, 0, 0, 0, 0, 0, 0, 0, 0
8001,0.120000, 0.041667, 0.120000,0, 0, 0, 0, 0, 0, 0, 0, 0, 0, 0
8005,0.120000, 0.041667, 0.080000,0, 0, 0, 0, 0, 0, 0, 0, 0, 0, 0
8017,0.160000, 0.000000, 0.080000,0, 0, 0, 0, 0, 0, 0, 0, 0, 0, 0
8025,0.160000, 0.000000, 0.080000,0, 0, 0, 0, 0, 0, 0, 0, 0, 0, 0
8038,0.160000, 0.041667, 0.080000,0, 0, 0, 0, 0, 0, 0, 0, 0, 0, 0
8062,0.160000, 0.041667, 0.120000,0, 0, 0, 0, 0, 0, 0, 0, 0, 0, 0
8078,0.160000, 0.041667, 0.120000,0, 0, 0, 0, 0, 0, 0, 0, 0, 0, 0
8085,0.160000, 0.041667, 0.120000,0, 0, 0, 0, 0, 0, 0, 0, 0, 0, 0
8099,0.160000, 0.041667, 0.120000,0, 0, 0, 0, 0, 0, 0, 0, 0, 0, 0
8117,0.160000, 0.041667, 0.160000,0, 0, 0, 0, 0, 0, 0, 0, 0, 0, 0
8130,0.160000, 0.041667, 0.160000,0, 0, 0, 0, 0, 0, 0, 0, 0, 0, 0
8140,0.160000, 0.041667, 0.160000,0, 0, 0, 0, 0, 0, 0, 0, 0, 0, 0
8148,0.160000, 0.041667, 0.160000,0, 0, 0, 0, 0, 0, 0, 0, 0, 0, 0
8162,0.160000, 0.041667, 0.160000,0, 0, 0, 0, 0, 0, 0, 0, 0, 0, 0
8171,0.160000, 0.041667, 0.200000,0, 0, 0, 0, 0, 0, 0, 0, 0, 0, 0
8179,0.160000, 0.041667, 0.160000,0, 0, 0, 0, 0, 0, 0, 0, 0, 0, 0
8191,0.160000, 0.041667, 0.200000,0, 0, 0, 0, 0, 0, 0, 0, 0, 0, 0
8201,0.160000, 0.041667, 0.200000,0, 0, 0, 0, 0, 0, 0, 0, 0, 0, 0
8212,0.160000, 0.041667, 0.200000,0, 0, 0, 0, 0, 0, 0, 0, 0, 0, 0
8220,0.160000, 0.041667, 0.200000,0, 0, 0, 0, 0, 0, 0, 0, 0, 0, 0
8230,0.120000, 0.041667, 0.200000,0, 0, 0, 0, 0, 0, 0, 0, 0, 0, 0
8244,0.080000, 0.041667, 0.240000,0, 0, 0, 0, 0, 0, 0, 0, 0, 0, 0
8251,0.040000, 0.041667, 0.240000,0, 0, 0, 0, 0, 0, 0, 0, 0, 0, 0
8261,0.040000, 0.041667, 0.240000,0, 0, 0, 0, 0, 0, 0, 0, 0, 0, 0
8271,0.000000, 0.041667, 0.280000,0, 0, 0, 0, 0, 0, 0, 0, 0, 0, 0
8285,0.000000, 0.041667, 0.280000,0, 0, 0, 0, 0, 0, 0, 0, 0, 0, 0
8292,-0.040000, 0.041667, 0.280000,0, 0, 0, 0, 0, 0, 0, 0, 0, 0, 0
8302,-0.040000, 0.041667, 0.280000,0, 0, 0, 0, 0, 0, 0, 0, 0, 0, 0
8312,-0.080000, 0.000000, 0.280000,0, 0, 0, 0, 0, 0, 0, 0, 0, 0, 0
8322,-0.120000, 0.000000, 0.280000,0, 0, 0, 0, 0, 0, 0, 0, 0, 0, 0
8335,-0.160000, 0.000000, 0.280000,0, 0, 0, 0, 0, 0, 0, 0, 0, 0, 0
8361,-0.200000, 0.000000, 0.280000,0, 0, 0, 0, 0, 0, 0, 0, 0, 0, 0
8374,-0.200000, 0.000000, 0.320000,0, 0, 0, 0, 0, 0, 0, 0, 0, 0, 0
8388,-0.240000, 0.000000, 0.280000,0, 0, 0, 0, 0, 0, 0, 0, 0, 0, 0
8394,-0.280000, 0.000000, 0.280000,0, 0, 0, 0, 0, 0, 0, 0, 0, 0, 0
8404,-0.320000, -0.041667, 0.280000,0, 0, 0, 0, 0, 0, 0, 0, 0, 0, 0
8415,-0.320000, -0.041667, 0.280000,0, 0, 0, 0, 0, 0, 0, 0, 0, 0, 0
8427,-0.320000, -0.041667, 0.280000,0, 0, 0, 0, 0, 0, 0, 0, 0, 0, 0
8435,-0.320000, -0.041667, 0.280000,0, 0, 0, 0, 0, 0, 0, 0, 0, 0, 0
8449,-0.320000, -0.041667, 0.280000,0, 0, 0, 0, 0, 0, 0, 0, 0, 0, 0
8466,-0.360000, -0.041667, 0.240000,0, 0, 0, 0, 0, 0, 0, 0, 0, 0, 0
8478,-0.360000, -0.041667, 0.280000,0, 0, 0, 0, 0, 0, 0, 0, 0, 0, 0
8486,-0.360000, -0.041667, 0.240000,0, 0, 0, 0, 0, 0, 0, 0, 0, 0, 0
8499,-0.360000, 0.000000, 0.280000,0, 0, 0, 0, 0, 0, 0, 0, 0, 0, 0
8507,-0.320000, 0.000000, 0.280000,0, 0, 0, 0, 0, 0, 0, 0, 0, 0, 0
8517,-0.280000, 0.000000, 0.280000,0, 0, 0, 0, 0, 0, 0, 0, 0, 0, 0
8529,-0.280000, 0.000000, 0.320000,0, 0, 0, 0, 0, 0, 0, 0, 0, 0, 0
8538,-0.240000, 0.000000, 0.320000,0, 0, 0, 0, 0, 0, 0, 0, 0, 0, 0
8546,-0.280000, 0.000000, 0.320000,0, 0, 0, 0, 0, 0, 0, 0, 0, 0, 0
8562,-0.240000, 0.000000, 0.280000,0, 0, 0, 0, 0, 0, 0, 0, 0, 0, 0
8570,-0.240000, 0.041667, 0.280000,0, 0, 0, 0, 0, 0, 0, 0, 0, 0, 0
8578,-0.240000, 0.041667, 0.280000,0, 0, 0, 0, 0, 0, 0, 0, 0, 0, 0
8589,-0.240000, 0.041667, 0.280000,0, 0, 0, 0, 0, 0, 0, 0, 0, 0, 0
8599,-0.240000, 0.041667, 0.280000,0, 0, 0, 0, 0, 0, 0, 0, 0, 0, 0
8613,-0.240000, 0.000000, 0.240000,0, 0, 0, 0, 0, 0, 0, 0, 0, 0, 0
8621,-0.240000, 0.000000, 0.280000,0, 0, 0, 0, 0, 0, 0, 0, 0, 0, 0
8630,-0.240000, -0.041667, 0.320000,0, 0, 0, 0, 0, 0, 0, 0, 0, 0, 0
8642,-2.600000, -1.375000, 1.880000,0, 0, 0, 0, 0, 0, 0, 0, 0, 0, 0
8650,1.040000, -2.500000, 0.520000,0, 0, 0, 0, 0, 0, 0, 0, 0, 0, 0
8663,0.440000, 0.791667, -1.080000,0, 0, 0, 0, 0, 0, 0, 0, 0, 0, 0
8671,-0.040000, -0.708333, 0.800000,0, 0, 0, 0, 0, 0, 0, 0, 0, 0, 0
8679,0.880000, 1.083333, 0.120000,0, 0, 0, 0, 0, 0, 0, 0, 0, 0, 0
8693,-0.440000, 0.291667, -0.320000,0, 0, 0, 0, 0, 0, 0, 0, 0, 0, 0
8703,0.360000, 1.000000, 0.680000,0, 0, 0, 0, 0, 0, 0, 0, 0, 0, 0
8710,-0.120000, 0.333333, -0.120000,0, 0, 0, 0, 0, 0, 0, 0, 0, 0, 0
8722,0.040000, 0.791667, 0.360000,0, 0, 0, 0, 0, 0, 0, 0, 0, 0, 0
8730,-0.040000, 0.541667, 0.240000,0, 0, 0, 0, 0, 0, 0, 0, 0, 0, 0
8742,0.160000, 0.583333, 0.120000,0, 0, 0, 0, 0, 0, 0, 0, 0, 0, 0
8751,-0.040000, 0.541667, 0.080000,0, 0, 0, 0, 0, 0, 0, 0, 0, 0, 0
8765,0.200000, 0.583333, 0.120000,0, 0, 0, 0, 0, 0, 0, 0, 0, 0, 0
8773,0.000000, 0.458333, 0.000000,0, 0, 0, 0, 0, 0, 0, 0, 0, 0, 0
8785,0.120000, 0.583333, 0.120000,0, 0, 0, 0, 0, 0, 0, 0, 0, 0, 0
8798,0.080000, 0.458333, -0.040000,0, 0, 0, 0, 0, 0, 0, 0, 0, 0, 0
8802,0.120000, 0.541667, 0.040000,0, 0, 0, 0, 0, 0, 0, 0, 0, 0, 0
8820,0.120000, 0.500000, -0.040000,0, 0, 0, 0, 0, 0, 0, 0, 0, 0, 0
8824,0.120000, 0.500000, -0.040000,0, 0, 0, 0, 0, 0, 0, 0, 0, 0, 0
8837,0.120000, 0.541667, -0.080000,0, 0, 0, 0, 0, 0, 0, 0, 0, 0, 0
8845,0.120000, 0.500000, -0.080000,0, 0, 0, 0, 0, 0, 0, 0, 0, 0, 0
8855,0.120000, 0.500000, -0.120000,0, 0, 0, 0, 0, 0, 0, 0, 0, 0, 0
8867,0.120000, 0.500000, -0.160000,0, 0, 0, 0, 0, 0, 0, 0, 0, 0, 0
8876,0.120000, 0.500000, -0.200000,0, 0, 0, 0, 0, 0, 0, 0, 0, 0, 0
8886,0.120000, 0.500000, -0.240000,0, 0, 0, 0, 0, 0, 0, 0, 0, 0, 0
8896,0.080000, 0.541667, -0.280000,0, 0, 0, 0, 0, 0, 0, 0, 0, 0, 0
8904,0.080000, 0.541667, -0.320000,0, 0, 0, 0, 0, 0, 0, 0, 0, 0, 0
8917,0.040000, 0.541667, -0.320000,0, 0, 0, 0, 0, 0, 0, 0, 0, 0, 0
8925,0.040000, 0.541667, -0.360000,0, 0, 0, 0, 0, 0, 0, 0, 0, 0, 0
8937,0.040000, 0.541667, -0.400000,0, 0, 0, 0, 0, 0, 0, 0, 0, 0, 0
8947,0.000000, 0.541667, -0.440000,0, 0, 0, 0, 0, 0, 0, 0, 0, 0, 0
8958,0.000000, 0.583333, -0.440000,0, 0, 0, 0, 0, 0, 0, 0, 0, 0, 0
8968,-0.040000, 0.583333, -0.480000,0, 0, 0, 0, 0, 0, 0, 0, 0, 0, 0
8976,-0.040000, 0.625000, -0.480000,0, 0, 0, 0, 0, 0, 0, 0, 0, 0, 0
8986,-0.080000, 0.625000, -0.520000,0, 0, 0, 0, 0, 0, 0, 0, 0, 0, 0
8999,-0.120000, 0.625000, -0.520000,0, 0, 0, 0, 0, 0, 0, 0, 0, 0, 0
9009,-0.160000, 0.666667, -0.520000,0, 0, 0, 0, 0, 0, 0, 0, 0, 0, 0
9019,-0.160000, 0.666667, -0.520000,0, 0, 0, 0, 0, 0, 0, 0, 0, 0, 0
9029,-0.200000, 0.708333, -0.560000,0, 0, 0, 0, 0, 0, 0, 0, 0, 0, 0
9037,-0.200000, 0.708333, -0.520000,0, 0, 0, 0, 0, 0, 0, 0, 0, 0, 0
9050,-0.240000, 0.750000, -0.560000,0, 0, 0, 0, 0, 0, 0, 0, 0, 0, 0
9060,-0.240000, 0.750000, -0.520000,0, 0, 0, 0, 0, 0, 0, 0, 0, 0, 0
9068,-0.280000, 0.791667, -0.520000,0, 0, 0, 0, 0, 0, 0, 0, 0, 0, 0
9078,-0.280000, 0.791667, -0.520000,0, 0, 0, 0, 0, 0, 0, 0, 0, 0, 0
9091,-0.320000, 0.833333, -0.520000,0, 0, 0, 0, 0, 0, 0, 0, 0, 0, 0
9099,-0.320000, 0.833333, -0.520000,0, 0, 0, 0, 0, 0, 0, 0, 0, 0, 0
9113,-0.360000, 0.833333, -0.480000,0, 0, 0, 0, 0, 0, 0, 0, 0, 0, 0
9121,-0.360000, 0.833333, -0.480000,0, 0, 0, 0, 0, 0, 0, 0, 0, 0, 0
9130,-0.400000, 0.833333, -0.480000,0, 0, 0, 0, 0, 0, 0, 0, 0, 0, 0
9144,-0.400000, 0.875000, -0.440000,0, 0, 0, 0, 0, 0, 0, 0, 0, 0, 0
9152,-0.400000, 0.875000, -0.440000,0, 0, 0, 0, 0, 0, 0, 0, 0, 0, 0
9160,-0.440000, 0.875000, -0.400000,0, 0, 0, 0, 0, 0, 0, 0, 0, 0, 0
9169,-0.440000, 0.875000, -0.400000,0, 0, 0, 0, 0, 0, 0, 0, 0, 0, 0
9181,-0.440000, 0.875000, -0.360000,0, 0, 0, 0, 0, 0, 0, 0, 0, 0, 0
9199,-0.440000, 0.916667, -0.320000,0, 0, 0, 0, 0, 0, 0, 0, 0, 0, 0
9203,-0.440000, 0.916667, -0.320000,0, 0, 0, 0, 0, 0, 0, 0, 0, 0, 0
9214,-0.440000, 0.916667, -0.320000,0, 0, 0, 0, 0, 0, 0, 0, 0, 0, 0
9222,-0.440000, 0.916667, -0.280000,0, 0, 0, 0, 0, 0, 0, 0, 0, 0, 0
9232,-0.440000, 0.958333, -0.280000,0, 0, 0, 0, 0, 0, 0, 0, 0, 0, 0
9246,-0.440000, 0.958333, -0.240000,0, 0, 0, 0, 0, 0, 0, 0, 0, 0, 0
9255,-0.440000, 0.958333, -0.240000,0, 0, 0, 0, 0, 0, 0, 0, 0, 0, 0
9263,-0.440000, 0.958333, -0.240000,0, 0, 0, 0, 0, 0, 0, 0, 0, 0, 0
9275,-0.440000, 1.000000, -0.200000,0, 0, 0, 0, 0, 0, 0, 0, 0, 0, 0
9287,-0.400000, 1.000000, -0.160000,0, 0, 0, 0, 0, 0, 0, 0, 0, 0, 0
9294,-0.400000, 1.000000, -0.160000,0, 0, 0, 0, 0, 0, 0, 0, 0, 0, 0
9302,-0.400000, 1.000000, -0.160000,0, 0, 0, 0, 0, 0, 0, 0, 0, 0, 0
9318,-0.400000, 1.041667, -0.160000,0, 0, 0, 0, 0, 0, 0, 0, 0, 0, 0
9326,-0.400000, 1.041667, -0.160000,0, 0, 0, 0, 0, 0, 0, 0, 0, 0, 0
9337,-0.400000, 1.041667, -0.120000,0, 0, 0, 0, 0, 0, 0, 0, 0, 0, 0
9345,-0.360000, 1.041667, -0.120000,0, 0, 0, 0, 0, 0, 0, 0, 0, 0, 0
9367,-0.400000, 1.041667, -0.080000,0, 0, 0, 0, 0, 0, 0, 0, 0, 0, 0
9376,-0.400000, 1.041667, -0.080000,0, 0, 0, 0, 0, 0, 0, 0, 0, 0, 0
9388,-0.400000, 1.083333, -0.080000,0, 0, 0, 0, 0, 0, 0, 0, 0, 0, 0
9402,-0.400000, 1.083333, -0.040000,0, 0, 0, 0, 0, 0, 0, 0, 0, 0, 0
9406,-0.400000, 1.083333, -0.040000,0, 0, 0, 0, 0, 0, 0, 0, 0, 0, 0
9419,-0.400000, 1.083333, -0.040000,0, 0, 0, 0, 0, 0, 0, 0, 0, 0, 0
9427,-0.400000, 1.125000, 0.000000,0, 0, 0, 0, 0, 0, 0, 0, 0, 0, 0
9437,-0.400000, 1.083333, 0.000000,0, 0, 0, 0, 0, 0, 0, 0, 0, 0, 0
9445,-0.400000, 1.125000, 0.000000,0, 0, 0, 0, 0, 0, 0, 0, 0, 0, 0
9458,-0.360000, 1.125000, 0.000000,0, 0, 0, 0, 0, 0, 0, 0, 0, 0, 0
9468,-0.360000, 1.166667, 0.000000,0, 0, 0, 0, 0, 0, 0, 0, 0, 0, 0
9476,-0.320000, 1.166667, 0.000000,0, 0, 0, 0, 0, 0, 0, 0, 0, 0, 0
9492,-0.320000, 1.166667, 0.000000,0, 0, 0, 0, 0, 0, 0, 0, 0, 0, 0
9499,-0.320000, 1.166667, 0.000000,0, 0, 0, 0, 0, 0, 0, 0, 0, 0, 0
9513,-0.280000, 1.166667, 0.000000,0, 0, 0, 0, 0, 0, 0, 0, 0, 0, 0
9519,-0.280000, 1.166667, 0.000000,0, 0, 0, 0, 0, 0, 0, 0, 0, 0, 0
9529,-0.240000, 1.125000, -0.040000,0, 0, 0, 0, 0, 0, 0, 0, 0, 0, 0
9542,-0.240000, 1.083333, -0.040000,0, 0, 0, 0, 0, 0, 0, 0, 0, 0, 0
9550,-0.200000, 1.083333, -0.080000,0, 0, 0, 0, 0, 0, 0, 0, 0, 0, 0
9560,-0.200000, 1.083333, -0.080000,0, 0, 0, 0, 0, 0, 0, 0, 0, 0, 0
9572,-0.800000, -1.166667, 0.640000,0, 0, 0, 0, 0, 0, 0, 0, 0, 0, 0
9580,2.160000, -0.791667, 1.440000,0, 0, 0, 0, 0, 0, 0, 0, 0, 0, 0
9589,-2.080000, -3.916667, -2.000000,0, 0, 0, 0, 0, 0, 0, 0, 0, 0, 0
9599,0.760000, 0.500000, -0.520000,0, 0, 0, 0, 0, 0, 0, 0, 0, 0, 0
9613,-0.080000, 0.708333, 1.240000,0, 0, 0, 0, 0, 0, 0, 0, 0, 0, 0
9621,-0.880000, -0.125000, -0.760000,0, 0, 0, 0, 0, 0, 0, 0, 0, 0, 0
9634,0.440000, 0.541667, 0.320000,0, 0, 0, 0, 0, 0, 0, 0, 0, 0, 0
9642,-0.560000, 0.125000, -0.360000,0, 0, 0, 0, 0, 0, 0, 0, 0, 0, 0
9654,0.160000, 0.333333, 0.040000,0, 0, 0, 0, 0, 0, 0, 0, 0, 0, 0
9662,-0.320000, 0.208333, -0.200000,0, 0, 0, 0, 0, 0, 0, 0, 0, 0, 0
9675,0.000000, 0.333333, 0.000000,0, 0, 0, 0, 0, 0, 0, 0, 0, 0, 0
9681,-0.200000, 0.250000, -0.120000,0, 0, 0, 0, 0, 0, 0, 0, 0, 0, 0
9695,-0.080000, 0.291667, -0.040000,0, 0, 0, 0, 0, 0, 0, 0, 0, 0, 0
9703,-0.160000, 0.250000, -0.120000,0, 0, 0, 0, 0, 0, 0, 0, 0, 0, 0
9712,-0.120000, 0.291667, -0.040000,0, 0, 0, 0, 0, 0, 0, 0, 0, 0, 0
9724,-0.160000, 0.291667, -0.080000,0, 0, 0, 0, 0, 0, 0, 0, 0, 0, 0
9732,-0.120000, 0.291667, -0.040000,0, 0, 0, 0, 0, 0, 0, 0, 0, 0, 0
9746,-0.120000, 0.291667, -0.080000,0, 0, 0, 0, 0, 0, 0, 0, 0, 0, 0
9751,-0.120000, 0.291667, -0.040000,0, 0, 0, 0, 0, 0, 0, 0, 0, 0, 0
9765,-0.120000, 0.291667, -0.040000,0, 0, 0, 0, 0, 0, 0, 0, 0, 0, 0
9775,-0.120000, 0.291667, -0.040000,0, 0, 0, 0, 0, 0, 0, 0, 0, 0, 0
9785,-0.120000, 0.291667, -0.040000,0, 0, 0, 0, 0, 0, 0, 0, 0, 0, 0
9796,-0.120000, 0.291667, -0.040000,0, 0, 0, 0, 0, 0, 0, 0, 0, 0, 0
9802,-0.120000, 0.291667, -0.040000,0, 0, 0, 0, 0, 0, 0, 0, 0, 0, 0
9814,-0.120000, 0.333333, -0.040000,0, 0, 0, 0, 0, 0, 0, 0, 0, 0, 0
9822,-0.120000, 0.291667, -0.040000,0, 0, 0, 0, 0, 0, 0, 0, 0, 0, 0
9843,-0.120000, 0.333333, -0.040000,0, 0, 0, 0, 0, 0, 0, 0, 0, 0, 0
9865,-0.160000, 0.333333, -0.040000,0, 0, 0, 0, 0, 0, 0, 0, 0, 0, 0
9874,-0.160000, 0.333333, 0.000000,0, 0, 0, 0, 0, 0, 0, 0, 0, 0, 0
9886,-0.120000, 0.333333, -0.040000,0, 0, 0, 0, 0, 0, 0, 0, 0, 0, 0
9896,-0.160000, 0.333333, 0.000000,0, 0, 0, 0, 0, 0, 0, 0, 0, 0, 0
9923,-0.160000, 0.333333, 0.000000,0, 0, 0, 0, 0, 0, 0, 0, 0, 0, 0
9939,-0.120000, 0.333333, 0.000000,0, 0, 0, 0, 0, 0, 0, 0, 0, 0, 0
9947,-0.160000, 0.333333, 0.000000,0, 0, 0, 0, 0, 0, 0, 0, 0, 0, 0
9955,-0.160000, 0.333333, 0.000000,0, 0, 0, 0, 0, 0, 0, 0, 0, 0, 0
9976,-0.160000, 0.333333, 0.040000,0, 0, 0, 0, 0, 0, 0, 0, 0, 0, 0
9990,-2.760000, 2.541667, 2.880000,0, 1, 0, 0, 0, 0, 0, 0, 0, 0, 0
9999,-2.520000, 4.500000, 3.280000,0, 0, 0, 0, 0, 0, 0, 0, 0, 0, 0
10009,-1.320000, 1.791667, 0.760000,0, 0, 0, 0, 0, 0, 0, 0, 0, 0, 0
10019,-0.440000, 1.375000, 0.360000,0, 0, 0, 0, 0, 0, 0, 0, 0, 0, 0
10025,-1.760000, -0.750000, 2.000000,0, 0, 0, 0, 0, 0, 0, 0, 0, 0, 0
10038,-1.640000, -2.791667, 2.480000,0, 0, 0, 0, 0, 0, 0, 0, 0, 0, 0
10046,-0.400000, -0.333333, 0.400000,0, 0, 0, 0, 0, 0, 0, 0, 0, 0, 0
10062,-0.200000, 0.541667, 0.160000,0, 0, 0, 0, 0, 0, 0, 0, 0, 0, 0
10068,-0.160000, 0.666667, -0.040000,0, 0, 0, 0, 0, 0, 0, 0, 0, 0, 0
10076,-0.160000, 0.750000, 0.040000,0, 0, 0, 0, 0, 0, 0, 0, 0, 0, 0
10095,-0.160000, 0.750000, 0.040000,0, 0, 0, 0, 0, 0, 0, 0, 0, 0, 0
10103,-0.120000, 0.708333, 0.000000,0, 0, 0, 0, 0, 0, 0, 0, 0, 0, 0
10115,-0.120000, 0.708333, 0.000000,0, 0, 0, 0, 0, 0, 0, 0, 0, 0, 0
10122,-0.120000, 0.708333, -0.040000,0, 0, 0, 0, 0, 0, 0, 0, 0, 0, 0
10132,-0.120000, 0.750000, -0.040000,0, 0, 0, 0, 0, 0, 0, 0, 0, 0, 0
10140,-0.120000, 0.708333, -0.040000,0, 0, 0, 0, 0, 0, 0, 0, 0, 0, 0
10152,-0.120000, 0.750000, -0.040000,0, 0, 0, 0, 0, 0, 0, 0, 0, 0, 0
10162,-0.080000, 0.708333, -0.040000,0, 0, 0, 0, 0, 0, 0, 0, 0, 0, 0
10169,-0.080000, 0.750000, -0.040000,0, 0, 0, 0, 0, 0, 0, 0, 0, 0, 0
10183,-0.080000, 0.708333, -0.080000,0, 0, 0, 0, 0, 0, 0, 0, 0, 0, 0
10193,-0.080000, 0.750000, -0.040000,0, 0, 0, 0, 0, 0, 0, 0, 0, 0, 0
10201,-0.080000, 0.750000, -0.080000,0, 0, 0, 0, 0, 0, 0, 0, 0, 0, 0
10214,-0.080000, 0.750000, -0.080000,0, 0, 0, 0, 0, 0, 0, 0, 0, 0, 0
10234,0.560000, 1.791667, -1.960000,0, 0, 0, 0, 0, 0, 0, 0, 0, 0, 0
10244,2.920000, 4.375000, -3.720000,0, 0, 0, 0, 0, 0, 0, 0, 0, 0, 0
10251,-0.080000, 1.416667, -0.280000,0, 0, 0, 0, 0, 0, 0, 0, 0, 0, 0
10263,0.160000, 0.166667, 0.080000,0, 0, 0, 0, 0, 0, 0, 0, 0, 0, 0
10273,-0.040000, 0.083333, 0.040000,0, 0, 0, 0, 0, 0, 0, 0, 0, 0, 0
10285,0.000000, 0.083333, 0.120000,0, 0, 0, 0, 0, 0, 0, 0, 0, 0, 0
10292,0.000000, 0.125000, -0.040000,0, 0, 0, 0, 0, 0, 0, 0, 0, 0, 0
10302,0.000000, 0.041667, 0.000000,0, 0, 0, 0, 0, 0, 0, 0, 0, 0, 0
10314,0.000000, 0.083333, -0.040000,0, 0, 0, 0, 0, 0, 0, 0, 0, 0, 0
10324,-0.040000, 0.083333, -0.040000,0, 0, 0, 0, 0, 0, 0, 0, 0, 0, 0
10331,0.000000, 0.083333, 0.000000,0, 0, 0, 0, 0, 0, 0, 0, 0, 0, 0
10353,0.000000, 0.083333, 0.000000,0, 0, 0, 0, 0, 0, 0, 0, 0, 0, 0
10367,0.040000, 0.375000, -0.080000,0, 0, 0, 0, 0, 0, 0, 0, 0, 0, 0
10374,0.040000, 2.500000, -0.320000,0, 0, 0, 0, 0, 0, 0, 0, 0, 0, 0
10382,0.040000, 3.916667, -1.160000,0, 0, 0, 0, 0, 0, 0, 0, 0, 0, 0
10398,-0.040000, 2.541667, -0.880000,0, 0, 0, 0, 0, 0, 0, 0, 0, 0, 0
10408,0.040000, 1.166667, -0.240000,0, 0, 0, 0, 0, 0, 0, 0, 0, 0, 0
10415,0.040000, 0.458333, -0.120000,0, 0, 0, 0, 0, 0, 0, 0, 0, 0, 0
10423,0.040000, 0.125000, 0.000000,0, 0, 0, 0, 0, 0, 0, 0, 0, 0, 0
10437,0.000000, 0.083333, 0.000000,0, 0, 0, 0, 0, 0, 0, 0, 0, 0, 0
10447,0.000000, 0.083333, 0.000000,0, 0, 0, 0, 0, 0, 0, 0, 0, 0, 0
10460,0.000000, 0.083333, 0.000000,0, 0, 0, 0, 0, 0, 0, 0, 0, 0, 0
10468,0.000000, 0.541667, 0.080000,0, 0, 0, 0, 0, 0, 0, 0, 0, 0, 0
10476,-0.280000, 2.291667, -0.320000,0, 0, 0, 0, 0, 0, 0, 0, 0, 0, 0
10488,-0.160000, 2.791667, -0.160000,0, 0, 0, 0, 0, 0, 0, 0, 0, 0, 0
10496,-0.120000, 1.416667, 0.120000,0, 0, 0, 0, 0, 0, 0, 0, 0, 0, 0
10509,-0.080000, 0.708333, 0.160000,0, 0, 0, 0, 0, 0, 0, 0, 0, 0, 0
10519,-0.120000, 0.375000, -0.040000,0, 0, 0, 0, 0, 0, 0, 0, 0, 0, 0
10531,-0.080000, 0.375000, 0.040000,0, 0, 0, 0, 0, 0, 0, 0, 0, 0, 0
10538,-0.120000, 0.541667, 0.120000,0, 0, 0, 0, 0, 0, 0, 0, 0, 0, 0
10550,-0.120000, 0.916667, 0.160000,0, 0, 0, 0, 0, 0, 0, 0, 0, 0, 0
10558,-0.200000, 1.166667, 0.240000,0, 0, 0, 0, 0, 0, 0, 0, 0, 0, 0
10568,-0.160000, 1.166667, 0.280000,0, 0, 0, 0, 0, 0, 0, 0, 0, 0, 0
10580,-0.160000, 0.958333, 0.240000,0, 0, 0, 0, 0, 0, 0, 0, 0, 0, 0
10587,-0.160000, 0.708333, 0.200000,0, 0, 0, 0, 0, 0, 0, 0, 0, 0, 0
10599,-0.160000, 0.541667, 0.200000,0, 0, 0, 0, 0, 0, 0, 0, 0, 0, 0
10611,-0.160000, 0.500000, 0.200000,0, 0, 0, 0, 0, 0, 0, 0, 0, 0, 0
10619,-0.160000, 0.500000, 0.240000,0, 0, 0, 0, 0, 0, 0, 0, 0, 0, 0
10632,-0.160000, 0.541667, 0.280000,0, 0, 0, 0, 0, 0, 0, 0, 0, 0, 0
10642,-0.240000, 0.708333, 0.440000,0, 0, 0, 0, 0, 0, 0, 0, 0, 0, 0
10650,-0.400000, 0.916667, 0.560000,0, 0, 0, 0, 0, 0, 0, 0, 0, 0, 0
10662,-0.520000, 1.083333, 0.720000,0, 0, 0, 0, 0, 0, 0, 0, 0, 0, 0
10669,-0.640000, 1.125000, 0.880000,0, 0, 0, 0, 0, 0, 0, 0, 0, 0, 0
10681,-0.720000, 1.000000, 1.000000,0, 0, 0, 0, 0, 0, 0, 0, 0, 0, 0
10691,-1.000000, 1.083333, 1.360000,0, 0, 0, 0, 0, 0, 0, 0, 0, 0, 0
10701,-1.240000, 1.041667, 1.760000,0, 0, 0, 0, 0, 0, 0, 0, 0, 0, 0
10714,-1.440000, 0.708333, 1.920000,0, 0, 0, 0, 0, 0, 0, 0, 0, 0, 0
10720,-1.400000, 0.291667, 2.000000,0, 0, 0, 0, 0, 0, 0, 0, 0, 0, 0
10734,-1.280000, -0.291667, 1.800000,0, 0, 0, 0, 0, 0, 0, 0, 0, 0, 0
10742,-0.920000, -0.541667, 1.400000,0, 0, 0, 0, 0, 0, 0, 0, 0, 0, 0
10751,-0.520000, -0.375000, 0.760000,0, 0, 0, 0, 0, 0, 0, 0, 0, 0, 0
10765,-0.280000, -0.333333, 0.440000,0, 0, 0, 0, 0, 0, 0, 0, 0, 0, 0
10773,-0.240000, -0.541667, 0.400000,0, 0, 0, 0, 0, 0, 0, 0, 0, 0, 0
10787,-0.200000, -0.625000, 0.320000,0, 0, 0, 0, 0, 0, 0, 0, 0, 0, 0
10800,-0.120000, -0.500000, 0.200000,0, 0, 0, 0, 0, 0, 0, 0, 0, 0, 0
10802,-0.120000, -0.500000, 0.200000,0, 0, 0, 0, 0, 0, 0, 0, 0, 0, 0
10814,-0.080000, -0.416667, 0.120000,0, 0, 0, 0, 0, 0, 0, 0, 0, 0, 0
10824,-0.080000, -0.458333, 0.080000,0, 0, 0, 0, 0, 0, 0, 0, 0, 0, 0
10835,-0.080000, -0.666667, 0.120000,0, 0, 0, 0, 0, 0, 0, 0, 0, 0, 0
10843,-0.080000, -0.750000, 0.120000,0, 0, 0, 0, 0, 0, 0, 0, 0, 0, 0
10855,-0.080000, -0.708333, 0.080000,0, 0, 0, 0, 0, 0, 0, 0, 0, 0, 0
10865,-0.040000, -0.750000, 0.080000,0, 0, 0, 0, 0, 0, 0, 0, 0, 0, 0
10872,0.080000, -0.916667, 0.040000,0, 0, 0, 0, 0, 0, 0, 0, 0, 0, 0
10888,0.160000, -0.875000, 0.040000,0, 0, 0, 0, 0, 0, 0, 0, 0, 0, 0
10896,0.160000, -0.875000, 0.040000,0, 0, 0, 0, 0, 0, 0, 0, 0, 0, 0
10906,0.160000, -0.833333, 0.040000,0, 0, 0, 0, 0, 0, 0, 0, 0, 0, 0
10919,0.160000, -0.750000, 0.040000,0, 0, 0, 0, 0, 0, 0, 0, 0, 0, 0
10925,0.160000, -0.750000, 0.000000,0, 0, 0, 0, 0, 0, 0, 0, 0, 0, 0
10935,0.160000, -0.791667, 0.000000,0, 0, 0, 0, 0, 0, 0, 0, 0, 0, 0
10949,0.160000, -0.791667, 0.000000,0, 0, 0, 0, 0, 0, 0, 0, 0, 0, 0
10956,0.160000, -0.833333, 0.000000,0, 0, 0, 0, 0, 0, 0, 0, 0, 0, 0
10966,0.200000, -0.875000, 0.000000,0, 0, 0, 0, 0, 0, 0, 0, 0, 0, 0
10980,0.200000, -0.958333, -0.040000,0, 0, 0, 0, 0, 0, 0, 0, 0, 0, 0
10988,0.200000, -0.958333, -0.040000,0, 0, 0, 0, 0, 0, 0, 0, 0, 0, 0
11001,0.200000, -0.875000, -0.080000,0, 0, 0, 0, 0, 0, 0, 0, 0, 0, 0
11009,0.160000, -0.791667, -0.080000,0, 0, 0, 0, 0, 0, 0, 0, 0, 0, 0
11017,0.160000, -0.750000, -0.080000,0, 0, 0, 0, 0, 0, 0, 0, 0, 0, 0
11031,0.160000, -0.791667, -0.080000,0, 0, 0, 0, 0, 0, 0, 0, 0, 0, 0
11038,0.160000, -0.833333, -0.120000,0, 0, 0, 0, 0, 0, 0, 0, 0, 0, 0
11048,0.160000, -0.833333, -0.160000,0, 0, 0, 0, 0, 0, 0, 0, 0, 0, 0
11060,0.160000, -0.833333, -0.160000,0, 0, 0, 0, 0, 0, 0, 0, 0, 0, 0
11068,0.160000, -0.750000, -0.200000,0, 0, 0, 0, 0, 0, 0, 0, 0, 0, 0
11081,0.160000, -0.666667, -0.160000,0, 0, 0, 0, 0, 0, 0, 0, 0, 0, 0
11087,0.120000, -0.500000, -0.160000,0, 0, 0, 0, 0, 0, 0, 0, 0, 0, 0
11099,0.120000, -0.500000, -0.160000,0, 0, 0, 0, 0, 0, 0, 0, 0, 0, 0
11111,0.120000, -0.416667, -0.160000,0, 0, 0, 0, 0, 0, 0, 0, 0, 0, 0
11121,0.160000, -0.500000, -0.200000,0, 0, 0, 0, 0, 0, 0, 0, 0, 0, 0
11132,0.320000, -0.833333, -0.440000,0, 0, 0, 0, 0, 0, 0, 0, 0, 0, 0
11140,0.600000, -1.208333, -0.800000,0, 0, 0, 0, 0, 0, 0, 0, 0, 0, 0
11150,0.680000, -0.875000, -0.920000,0, 0, 0, 0, 0, 0, 0, 0, 0, 0, 0
11163,0.640000, -0.500000, -0.840000,0, 0, 0, 0, 0, 0, 0, 0, 0, 0, 0
11171,0.680000, -0.291667, -0.880000,0, 0, 0, 0, 0, 0, 0, 0, 0, 0, 0
11183,0.800000, -0.125000, -1.080000,0, 0, 0, 0, 0, 0, 0, 0, 0, 0, 0
11195,0.960000, 0.083333, -1.280000,0, 0, 0, 0, 0, 0, 0, 0, 0, 0, 0
11201,1.000000, 0.291667, -1.360000,0, 0, 0, 0, 0, 0, 0, 0, 0, 0, 0
11212,1.000000, 0.541667, -1.400000,0, 0, 0, 0, 0, 0, 0, 0, 0, 0, 0
11220,0.600000, 1.916667, -2.280000,0, 0, 0, 0, 0, 0, 0, 0, 0, 0, 0
11234,-0.480000, 3.250000, -1.640000,0, 0, 0, 0, 0, 0, 0, 0, 0, 0, 0
11242,-0.240000, 0.875000, -0.560000,0, 0, 0, 0, 0, 0, 0, 0, 0, 0, 0
11255,-0.040000, 0.083333, 0.160000,0, 0, 0, 0, 0, 0, 0, 0, 0, 0, 0
11265,0.360000, 0.083333, -0.280000,0, 0, 0, 0, 0, 0, 0, 0, 0, 0, 0
11273,2.400000, 0.625000, -1.880000,0, 0, 0, 0, 0, 0, 0, 0, 0, 0, 0
11283,0.400000, 0.750000, -0.680000,0, 0, 0, 0, 0, 0, 0, 0, 0, 0, 0
11296,0.480000, 0.250000, -0.200000,0, 0, 0, 0, 0, 0, 0, 0, 0, 0, 0
11304,0.160000, 0.208333, -0.240000,0, 0, 0, 0, 0, 0, 0, 0, 0, 0, 0
11314,0.640000, 0.750000, -0.480000,0, 0, 0, 0, 0, 0, 0, 0, 0, 0, 0
11328,1.000000, 1.083333, -0.600000,0, 0, 0, 0, 0, 0, 0, 0, 0, 0, 0
11335,0.800000, 0.875000, -0.480000,0, 0, 0, 0, 0, 0, 0, 0, 0, 0, 0
11343,0.560000, 0.583333, -0.280000,0, 0, 0, 0, 0, 0, 0, 0, 0, 0, 0
11359,0.480000, 0.500000, -0.240000,0, 0, 0, 0, 0, 0, 0, 0, 0, 0, 0
11367,0.720000, 0.708333, -0.280000,0, 0, 0, 0, 0, 0, 0, 0, 0, 0, 0
11376,0.960000, 0.791667, -0.360000,0, 0, 0, 0, 0, 0, 0, 0, 0, 0, 0
11384,0.920000, 0.708333, -0.280000,0, 0, 0, 0, 0, 0, 0, 0, 0, 0, 0
11398,0.760000, 0.541667, -0.200000,0, 0, 0, 0, 0, 0, 0, 0, 0, 0, 0
11408,0.720000, 0.458333, -0.160000,0, 0, 0, 0, 0, 0, 0, 0, 0, 0, 0
11415,0.960000, 0.541667, -0.160000,0, 0, 0, 0, 0, 0, 0, 0, 0, 0, 0
11427,1.440000, 0.708333, -0.080000,0, 0, 0, 0, 0, 0, 0, 0, 0, 0, 0
11437,1.440000, 0.583333, 0.040000,0, 0, 0, 0, 0, 0, 0, 0, 0, 0, 0
11447,1.240000, 0.375000, 0.120000,0, 0, 0, 0, 0, 0, 0, 0, 0, 0, 0
11458,1.000000, 0.250000, 0.040000,0, 0, 0, 0, 0, 0, 0, 0, 0, 0, 0
11468,0.960000, 0.125000, 0.040000,0, 0, 0, 0, 0, 0, 0, 0, 0, 0, 0
11480,1.080000, 0.000000, 0.120000,0, 0, 0, 0, 0, 0, 0, 0, 0, 0, 0
11490,1.240000, -0.166667, 0.200000,0, 0, 0, 0, 0, 0, 0, 0, 0, 0, 0
11497,1.120000, -0.250000, 0.200000,0, 0, 0, 0, 0, 0, 0, 0, 0, 0, 0
11507,0.880000, -0.291667, 0.200000,0, 0, 0, 0, 0, 0, 0, 0, 0, 0, 0
11521,0.760000, -0.333333, 0.200000,0, 0, 0, 0, 0, 0, 0, 0, 0, 0, 0
11529,0.760000, -0.458333, 0.240000,0, 0, 0, 0, 0, 0, 0, 0, 0, 0, 0
11538,0.720000, -0.583333, 0.280000,0, 0, 0, 0, 0, 0, 0, 0, 0, 0, 0
11552,0.640000, -0.583333, 0.320000,0, 0, 0, 0, 0, 0, 0, 0, 0, 0, 0
11562,0.560000, -0.583333, 0.280000,0, 0, 0, 0, 0, 0, 0, 0, 0, 0, 0
11570,0.480000, -0.583333, 0.280000,0, 0, 0, 0, 0, 0, 0, 0, 0, 0, 0
11578,0.480000, -0.625000, 0.320000,0, 0, 0, 0, 0, 0, 0, 0, 0, 0, 0
11595,0.440000, -0.666667, 0.320000,0, 0, 0, 0, 0, 0, 0, 0, 0, 0, 0
11601,0.400000, -0.750000, 0.360000,0, 0, 0, 0, 0, 0, 0, 0, 0, 0, 0
11609,0.320000, -0.708333, 0.360000,0, 0, 0, 0, 0, 0, 0, 0, 0, 0, 0
11622,0.280000, -0.666667, 0.320000,0, 0, 0, 0, 0, 0, 0, 0, 0, 0, 0
11630,0.240000, -0.708333, 0.360000,0, 0, 0, 0, 0, 0, 0, 0, 0, 0, 0
11644,0.240000, -0.750000, 0.400000,0, 0, 0, 0, 0, 0, 0, 0, 0, 0, 0
11652,0.200000, -0.708333, 0.400000,0, 0, 0, 0, 0, 0, 0, 0, 0, 0, 0
11662,0.200000, -0.666667, 0.400000,0, 0, 0, 0, 0, 0, 0, 0, 0, 0, 0
11673,0.160000, -0.708333, 0.480000,0, 0, 0, 0, 0, 0, 0, 0, 0, 0, 0
11683,0.160000, -0.708333, 0.520000,0, 0, 0, 0, 0, 0, 0, 0, 0, 0, 0
11691,0.120000, -0.666667, 0.600000,0, 0, 0, 0, 0, 0, 0, 0, 0, 0, 0
11705,0.120000, -0.666667, 0.720000,0, 0, 0, 0, 0, 0, 0, 0, 0, 0, 0
11712,0.040000, -0.625000, 0.720000,0, 0, 0, 0, 0, 0, 0, 0, 0, 0, 0
11724,0.000000, -0.375000, 0.560000,0, 0, 0, 0, 0, 0, 0, 0, 0, 0, 0
11734,-0.040000, -0.333333, 0.480000,0, 0, 0, 0, 0, 0, 0, 0, 0, 0, 0
11742,-0.080000, -0.416667, 0.720000,0, 0, 0, 0, 0, 0, 0, 0, 0, 0, 0
11755,-0.160000, -0.541667, 1.120000,0, 0, 0, 0, 0, 0, 0, 0, 0, 0, 0
11763,-0.240000, -0.333333, 1.160000,0, 0, 0, 0, 0, 0, 0, 0, 0, 0, 0
11775,-0.280000, -0.208333, 1.080000,0, 0, 0, 0, 0, 0, 0, 0, 0, 0, 0
11787,-0.320000, -0.041667, 0.920000,0, 0, 0, 0, 0, 0, 0, 0, 0, 0, 0
11796,-0.480000, 0.083333, 1.200000,0, 0, 0, 0, 0, 0, 0, 0, 0, 0, 0
11806,-0.720000, 0.250000, 1.480000,0, 0, 0, 0, 0, 0, 0, 0, 0, 0, 0
11814,-0.720000, 0.375000, 1.320000,0, 0, 0, 0, 0, 0, 0, 0, 0, 0, 0
11828,-0.600000, 0.333333, 0.960000,0, 0, 0, 0, 0, 0, 0, 0, 0, 0, 0
11835,-0.560000, 0.333333, 0.760000,0, 0, 0, 0, 0, 0, 0, 0, 0, 0, 0
11845,-0.600000, 0.416667, 0.800000,0, 0, 0, 0, 0, 0, 0, 0, 0, 0, 0
11855,-0.760000, 0.541667, 0.880000,0, 0, 0, 0, 0, 0, 0, 0, 0, 0, 0
11867,-0.840000, 0.625000, 0.840000,0, 0, 0, 0, 0, 0, 0, 0, 0, 0, 0
11876,-0.760000, 0.583333, 0.680000,0, 0, 0, 0, 0, 0, 0, 0, 0, 0, 0
11888,-0.640000, 0.500000, 0.560000,0, 0, 0, 0, 0, 0, 0, 0, 0, 0, 0
11896,-0.640000, 0.458333, 0.480000,0, 0, 0, 0, 0, 0, 0, 0, 0, 0, 0
11904,-0.720000, 0.541667, 0.480000,0, 0, 0, 0, 0, 0, 0, 0, 0, 0, 0
11917,-0.760000, 0.583333, 0.480000,0, 0, 0, 0, 0, 0, 0, 0, 0, 0, 0
11925,-0.720000, 0.541667, 0.400000,0, 0, 0, 0, 0, 0, 0, 0, 0, 0, 0
11941,-0.680000, 0.500000, 0.360000,0, 0, 0, 0, 0, 0, 0, 0, 0, 0, 0
11947,-0.680000, 0.500000, 0.320000,0, 0, 0, 0, 0, 0, 0, 0, 0, 0, 0
11960,-0.760000, 0.541667, 0.320000,0, 0, 0, 0, 0, 0, 0, 0, 0, 0, 0
11968,-0.800000, 0.541667, 0.280000,0, 0, 0, 0, 0, 0, 0, 0, 0, 0, 0
11978,-0.800000, 0.500000, 0.240000,0, 0, 0, 0, 0, 0, 0, 0, 0, 0, 0
11994,-0.840000, 0.500000, 0.240000,0, 0, 0, 0, 0, 0, 0, 0, 0, 0, 0
12001,-0.880000, 0.458333, 0.200000,0, 0, 0, 0, 0, 0, 0, 0, 0, 0, 0
12007,-0.920000, 0.458333, 0.160000,0, 0, 0, 0, 0, 0, 0, 0, 0, 0, 0
12019,-0.920000, 0.375000, 0.160000,0, 0, 0, 0, 0, 0, 0, 0, 0, 0, 0
12029,-0.960000, 0.333333, 0.120000,0, 0, 0, 0, 0, 0, 0, 0, 0, 0, 0
12040,-1.040000, 0.333333, 0.120000,0, 0, 0, 0, 0, 0, 0, 0, 0, 0, 0
12050,-1.200000, 0.333333, 0.040000,0, 0, 0, 0, 0, 0, 0, 0, 0, 0, 0
12058,-1.240000, 0.291667, 0.000000,0, 0, 0, 0, 0, 0, 0, 0, 0, 0, 0
12070,-1.160000, 0.208333, -0.040000,0, 0, 0, 0, 0, 0, 0, 0, 0, 0, 0
12080,-1.160000, 0.083333, -0.160000,0, 0, 0, 0, 0, 0, 0, 0, 0, 0, 0
12087,-1.280000, 0.000000, -0.160000,0, 0, 0, 0, 0, 0, 0, 0, 0, 0, 0
12103,-1.280000, 0.000000, -0.160000,0, 0, 0, 0, 0, 0, 0, 0, 0, 0, 0
12111,-1.120000, -0.166667, -0.160000,0, 0, 0, 0, 0, 0, 0, 0, 0, 0, 0
12121,-1.000000, -0.208333, -0.160000,0, 0, 0, 0, 0, 0, 0, 0, 0, 0, 0
12134,-0.920000, -0.291667, -0.160000,0, 0, 0, 0, 0, 0, 0, 0, 0, 0, 0
12142,-0.920000, -0.375000, -0.200000,0, 0, 0, 0, 0, 0, 0, 0, 0, 0, 0
12150,-0.920000, -0.458333, -0.200000,0, 0, 0, 0, 0, 0, 0, 0, 0, 0, 0
12165,-0.840000, -0.458333, -0.160000,0, 0, 0, 0, 0, 0, 0, 0, 0, 0, 0
12173,-0.720000, -0.500000, -0.200000,0, 0, 0, 0, 0, 0, 0, 0, 0, 0, 0
12183,-0.680000, -0.541667, -0.200000,0, 0, 0, 0, 0, 0, 0, 0, 0, 0, 0
12199,-0.680000, -0.625000, -0.200000,0, 0, 0, 0, 0, 0, 0, 0, 0, 0, 0
12203,-0.600000, -0.666667, -0.200000,0, 0, 0, 0, 0, 0, 0, 0, 0, 0, 0
12214,-0.560000, -0.666667, -0.200000,0, 0, 0, 0, 0, 0, 0, 0, 0, 0, 0
12222,-0.480000, -0.625000, -0.160000,0, 0, 0, 0, 0, 0, 0, 0, 0, 0, 0
12232,-0.480000, -0.625000, -0.200000,0, 0, 0, 0, 0, 0, 0, 0, 0, 0, 0
12244,-0.480000, -0.666667, -0.200000,0, 0, 0, 0, 0, 0, 0, 0, 0, 0, 0
12251,-0.480000, -0.708333, -0.240000,0, 0, 0, 0, 0, 0, 0, 0, 0, 0, 0
12265,-0.440000, -0.666667, -0.240000,0, 0, 0, 0, 0, 0, 0, 0, 0, 0, 0
12275,-0.440000, -0.666667, -0.240000,0, 0, 0, 0, 0, 0, 0, 0, 0, 0, 0
12285,-0.440000, -0.666667, -0.240000,0, 0, 0, 0, 0, 0, 0, 0, 0, 0, 0
12296,-0.440000, -0.666667, -0.280000,0, 0, 0, 0, 0, 0, 0, 0, 0, 0, 0
12306,-0.440000, -0.666667, -0.320000,0, 0, 0, 0, 0, 0, 0, 0, 0, 0, 0
12314,-0.480000, -0.666667, -0.360000,0, 0, 0, 0, 0, 0, 0, 0, 0, 0, 0
12324,-0.480000, -0.625000, -0.360000,0, 0, 0, 0, 0, 0, 0, 0, 0, 0, 0
12335,-0.520000, -0.625000, -0.400000,0, 0, 0, 0, 0, 0, 0, 0, 0, 0, 0
12343,-0.520000, -0.583333, -0.440000,0, 0, 0, 0, 0, 0, 0, 0, 0, 0, 0
12359,-0.560000, -0.583333, -0.480000,0, 0, 0, 0, 0, 0, 0, 0, 0, 0, 0
12367,-0.600000, -0.541667, -0.520000,0, 0, 0, 0, 0, 0, 0, 0, 0, 0, 0
12376,-0.600000, -0.500000, -0.520000,0, 0, 0, 0, 0, 0, 0, 0, 0, 0, 0
12384,-0.600000, -0.416667, -0.560000,0, 0, 0, 0, 0, 0, 0, 0, 0, 0, 0
12394,-0.640000, -0.375000, -0.600000,0, 0, 0, 0, 0, 0, 0, 0, 0, 0, 0
12408,-0.680000, -0.333333, -0.600000,0, 0, 0, 0, 0, 0, 0, 0, 0, 0, 0
12415,-0.680000, -0.291667, -0.640000,0, 0, 0, 0, 0, 0, 0, 0, 0, 0, 0
12429,-0.720000, -0.208333, -0.680000,0, 0, 0, 0, 0, 0, 0, 0, 0, 0, 0
12435,-0.760000, -0.208333, -0.760000,0, 0, 0, 0, 0, 0, 0, 0, 0, 0, 0
12449,-0.880000, -0.083333, -0.840000,0, 0, 0, 0, 0, 0, 0, 0, 0, 0, 0
12456,-0.840000, 0.000000, -0.840000,0, 0, 0, 0, 0, 0, 0, 0, 0, 0, 0
12470,-0.840000, 0.041667, -0.840000,0, 0, 0, 0, 0, 0, 0, 0, 0, 0, 0
12478,-0.760000, 0.166667, -0.760000,0, 0, 0, 0, 0, 0, 0, 0, 0, 0, 0
12492,-0.760000, 0.166667, -0.760000,0, 0, 0, 0, 0, 0, 0, 0, 0, 0, 0
12499,-0.840000, 0.291667, -0.840000,0, 0, 0, 0, 0, 0, 0, 0, 0, 0, 0
12507,-0.800000, 0.375000, -0.840000,0, 0, 0, 0, 0, 0, 0, 0, 0, 0, 0
12517,-0.640000, 0.291667, -0.680000,0, 0, 0, 0, 0, 0, 0, 0, 0, 0, 0
12531,-0.560000, 0.333333, -0.600000,0, 0, 0, 0, 0, 0, 0, 0, 0, 0, 0
12538,-0.600000, 0.375000, -0.680000,0, 0, 0, 0, 0, 0, 0, 0, 0, 0, 0
12552,-0.680000, 0.458333, -0.760000,0, 0, 0, 0, 0, 0, 0, 0, 0, 0, 0
12560,-0.600000, 0.458333, -0.680000,0, 0, 0, 0, 0, 0, 0, 0, 0, 0, 0
12568,-0.560000, 0.375000, -0.600000,0, 0, 0, 0, 0, 0, 0, 0, 0, 0, 0
12580,-0.520000, 0.375000, -0.560000,0, 0, 0, 0, 0, 0, 0, 0, 0, 0, 0
12589,-0.600000, 0.458333, -0.640000,0, 0, 0, 0, 0, 0, 0, 0, 0, 0, 0
12599,-0.600000, 0.500000, -0.680000,0, 0, 0, 0, 0, 0, 0, 0, 0, 0, 0
12611,-0.560000, 0.416667, -0.600000,0, 0, 0, 0, 0, 0, 0, 0, 0, 0, 0
12619,-0.560000, 0.375000, -0.600000,0, 0, 0, 0, 0, 0, 0, 0, 0, 0, 0
12630,-0.560000, 0.416667, -0.640000,0, 0, 0, 0, 0, 0, 0, 0, 0, 0, 0
12644,-0.600000, 0.416667, -0.640000,0, 0, 0, 0, 0, 0, 0, 0, 0, 0, 0
12652,-0.600000, 0.375000, -0.640000,0, 0, 0, 0, 0, 0, 0, 0, 0, 0, 0
12663,-0.600000, 0.333333, -0.640000,0, 0, 0, 0, 0, 0, 0, 0, 0, 0, 0
12673,-0.640000, 0.333333, -0.640000,0, 0, 0, 0, 0, 0, 0, 0, 0, 0, 0
12685,-0.720000, 0.333333, -0.680000,0, 0, 0, 0, 0, 0, 0, 0, 0, 0, 0
12693,-0.760000, 0.333333, -0.720000,0, 0, 0, 0, 0, 0, 0, 0, 0, 0, 0
12706,-0.720000, 0.250000, -0.680000,0, 0, 0, 0, 0, 0, 0, 0, 0, 0, 0
12714,-0.760000, 0.208333, -0.680000,0, 0, 0, 0, 0, 0, 0, 0, 0, 0, 0
12722,-0.840000, 0.166667, -0.800000,0, 0, 0, 0, 0, 0, 0, 0, 0, 0, 0
12736,-0.880000, 0.125000, -0.760000,0, 0, 0, 0, 0, 0, 0, 0, 0, 0, 0
12744,-0.800000, 0.041667, -0.680000,0, 0, 0, 0, 0, 0, 0, 0, 0, 0, 0
12757,-0.840000, 0.000000, -0.680000,0, 0, 0, 0, 0, 0, 0, 0, 0, 0, 0
12765,-0.880000, -0.083333, -0.720000,0, 0, 0, 0, 0, 0, 0, 0, 0, 0, 0
12775,-0.840000, -0.166667, -0.720000,0, 0, 0, 0, 0, 0, 0, 0, 0, 0, 0
12785,-0.840000, -0.208333, -0.640000,0, 0, 0, 0, 0, 0, 0, 0, 0, 0, 0
12800,-0.760000, -0.291667, -0.600000,0, 0, 0, 0, 0, 0, 0, 0, 0, 0, 0
12804,-0.720000, -0.333333, -0.560000,0, 0, 0, 0, 0, 0, 0, 0, 0, 0, 0
12818,-0.680000, -0.333333, -0.520000,0, 0, 0, 0, 0, 0, 0, 0, 0, 0, 0
12826,-0.680000, -0.416667, -0.520000,0, 0, 0, 0, 0, 0, 0, 0, 0, 0, 0
12833,-0.680000, -0.458333, -0.480000,0, 0, 0, 0, 0, 0, 0, 0, 0, 0, 0
12849,-0.680000, -0.458333, -0.440000,0, 0, 0, 0, 0, 0, 0, 0, 0, 0, 0
12857,-0.640000, -0.500000, -0.400000,0, 0, 0, 0, 0, 0, 0, 0, 0, 0, 0
12865,-0.640000, -0.500000, -0.400000,0, 0, 0, 0, 0, 0, 0, 0, 0, 0, 0
12878,-0.640000, -0.541667, -0.360000,0, 0, 0, 0, 0, 0, 0, 0, 0, 0, 0
12888,-0.600000, -0.541667, -0.360000,0, 0, 0, 0, 0, 0, 0, 0, 0, 0, 0
12898,-0.600000, -0.583333, -0.320000,0, 0, 0, 0, 0, 0, 0, 0, 0, 0, 0
12906,-0.600000, -0.583333, -0.280000,0, 0, 0, 0, 0, 0, 0, 0, 0, 0, 0
12929,-0.600000, -0.583333, -0.240000,0, 0, 0, 0, 0, 0, 0, 0, 0, 0, 0
12951,-0.600000, -0.583333, -0.240000,0, 0, 0, 0, 0, 0, 0, 0, 0, 0, 0
12958,-0.640000, -0.583333, -0.240000,0, 0, 0, 0, 0, 0, 0, 0, 0, 0, 0
12972,-0.680000, -0.583333, -0.240000,0, 0, 0, 0, 0, 0, 0, 0, 0, 0, 0
12982,-0.680000, -0.541667, -0.200000,0, 0, 0, 0, 0, 0, 0, 0, 0, 0, 0
12988,-0.680000, -0.541667, -0.160000,0, 0, 0, 0, 0, 0, 0, 0, 0, 0, 0
13001,-0.720000, -0.500000, -0.160000,0, 0, 0, 0, 0, 0, 0, 0, 0, 0, 0
13011,-0.720000, -0.458333, -0.160000,0, 0, 0, 0, 0, 0, 0, 0, 0, 0, 0
13019,-0.760000, -0.458333, -0.120000,0, 0, 0, 0, 0, 0, 0, 0, 0, 0, 0
13033,-0.840000, -0.416667, -0.160000,0, 0, 0, 0, 0, 0, 0, 0, 0, 0, 0
13042,-0.880000, -0.375000, -0.120000,0, 0, 0, 0, 0, 0, 0, 0, 0, 0, 0
13050,-0.920000, -0.333333, -0.120000,0, 0, 0, 0, 0, 0, 0, 0, 0, 0, 0
13064,-0.920000, -0.291667, -0.120000,0, 0, 0, 0, 0, 0, 0, 0, 0, 0, 0
13072,-0.960000, -0.250000, -0.120000,0, 0, 0, 0, 0, 0, 0, 0, 0, 0, 0
13083,-1.000000, -0.166667, -0.120000,0, 0, 0, 0, 0, 0, 0, 0, 0, 0, 0
13093,-1.040000, -0.125000, -0.080000,0, 0, 0, 0, 0, 0, 0, 0, 0, 0, 0
13101,-1.200000, -0.083333, -0.080000,0, 0, 0, 0, 0, 0, 0, 0, 0, 0, 0
13111,-1.200000, -0.083333, -0.080000,0, 0, 0, 0, 0, 0, 0, 0, 0, 0, 0
13124,-1.120000, 0.041667, 0.040000,0, 0, 0, 0, 0, 0, 0, 0, 0, 0, 0
13134,-1.040000, 0.083333, 0.080000,0, 0, 0, 0, 0, 0, 0, 0, 0, 0, 0
13142,-1.080000, 0.125000, 0.120000,0, 0, 0, 0, 0, 0, 0, 0, 0, 0, 0
13156,-1.120000, 0.166667, 0.160000,0, 0, 0, 0, 0, 0, 0, 0, 0, 0, 0
13165,-1.080000, 0.208333, 0.160000,0, 0, 0, 0, 0, 0, 0, 0, 0, 0, 0
13173,-0.960000, 0.208333, 0.160000,0, 0, 0, 0, 0, 0, 0, 0, 0, 0, 0
13187,-0.920000, 0.250000, 0.200000,0, 0, 0, 0, 0, 0, 0, 0, 0, 0, 0
13197,-0.920000, 0.291667, 0.200000,0, 0, 0, 0, 0, 0, 0, 0, 0, 0, 0
13206,-0.960000, 0.333333, 0.240000,0, 0, 0, 0, 0, 0, 0, 0, 0, 0, 0
13212,-0.960000, 0.333333, 0.280000,0, 0, 0, 0, 0, 0, 0, 0, 0, 0, 0
13226,-0.880000, 0.333333, 0.280000,0, 0, 0, 0, 0, 0, 0, 0, 0, 0, 0
13234,-0.840000, 0.333333, 0.320000,0, 0, 0, 0, 0, 0, 0, 0, 0, 0, 0
13246,-0.880000, 0.333333, 0.360000,0, 0, 0, 0, 0, 0, 0, 0, 0, 0, 0
13253,-0.880000, 0.375000, 0.400000,0, 0, 0, 0, 0, 0, 0, 0, 0, 0, 0
13267,-0.840000, 0.333333, 0.440000,0, 0, 0, 0, 0, 0, 0, 0, 0, 0, 0
13275,-0.840000, 0.333333, 0.480000,0, 0, 0, 0, 0, 0, 0, 0, 0, 0, 0
13285,-0.840000, 0.333333, 0.480000,0, 0, 0, 0, 0, 0, 0, 0, 0, 0, 0
13298,-0.880000, 0.333333, 0.560000,0, 0, 0, 0, 0, 0, 0, 0, 0, 0, 0
13306,-0.880000, 0.291667, 0.600000,0, 0, 0, 0, 0, 0, 0, 0, 0, 0, 0
13318,-0.840000, 0.250000, 0.640000,0, 0, 0, 0, 0, 0, 0, 0, 0, 0, 0
13328,-0.800000, 0.250000, 0.640000,0, 0, 0, 0, 0, 0, 0, 0, 0, 0, 0
13335,-0.760000, 0.166667, 0.680000,0, 0, 0, 0, 0, 0, 0, 0, 0, 0, 0
13349,-0.760000, 0.166667, 0.720000,0, 0, 0, 0, 0, 0, 0, 0, 0, 0, 0
13357,-0.760000, 0.125000, 0.760000,0, 0, 0, 0, 0, 0, 0, 0, 0, 0, 0
13367,-0.760000, 0.083333, 0.800000,0, 0, 0, 0, 0, 0, 0, 0, 0, 0, 0
13380,-0.760000, 0.000000, 0.840000,0, 0, 0, 0, 0, 0, 0, 0, 0, 0, 0
13390,-0.680000, -0.041667, 0.840000,0, 0, 0, 0, 0, 0, 0, 0, 0, 0, 0
13398,-0.680000, -0.125000, 0.840000,0, 0, 0, 0, 0, 0, 0, 0, 0, 0, 0
13408,-0.640000, -0.208333, 0.880000,0, 0, 0, 0, 0, 0, 0, 0, 0, 0, 0
13417,-0.560000, -0.250000, 0.840000,0, 0, 0, 0, 0, 0, 0, 0, 0, 0, 0
13429,-0.480000, -0.291667, 0.800000,0, 0, 0, 0, 0, 0, 0, 0, 0, 0, 0
13441,-0.440000, -0.333333, 0.840000,0, 0, 0, 0, 0, 0, 0, 0, 0, 0, 0
13451,-0.400000, -0.375000, 0.840000,0, 0, 0, 0, 0, 0, 0, 0, 0, 0, 0
13460,-0.320000, -0.458333, 0.840000,0, 0, 0, 0, 0, 0, 0, 0, 0, 0, 0
13468,-0.280000, -0.458333, 0.800000,0, 0, 0, 0, 0, 0, 0, 0, 0, 0, 0
13480,-0.200000, -0.416667, 0.720000,0, 0, 0, 0, 0, 0, 0, 0, 0, 0, 0
13494,-0.160000, -0.500000, 0.720000,0, 0, 0, 0, 0, 0, 0, 0, 0, 0, 0
13501,-0.120000, -0.500000, 0.720000,0, 0, 0, 0, 0, 0, 0, 0, 0, 0, 0
13511,-0.080000, -0.500000, 0.680000,0, 0, 0, 0, 0, 0, 0, 0, 0, 0, 0
13519,-0.040000, -0.541667, 0.760000,0, 0, 0, 0, 0, 0, 0, 0, 0, 0, 0
13533,0.000000, -0.541667, 0.760000,0, 0, 0, 0, 0, 0, 0, 0, 0, 0, 0
13542,0.040000, -0.541667, 0.760000,0, 0, 0, 0, 0, 0, 0, 0, 0, 0, 0
13550,0.040000, -0.500000, 0.760000,0, 0, 0, 0, 0, 0, 0, 0, 0, 0, 0
13564,0.080000, -0.416667, 0.720000,0, 0, 0, 0, 0, 0, 0, 0, 0, 0, 0
13574,0.080000, -0.416667, 0.760000,0, 0, 0, 0, 0, 0, 0, 0, 0, 0, 0
13580,0.120000, -0.416667, 0.840000,0, 0, 0, 0, 0, 0, 0, 0, 0, 0, 0
13599,0.200000, -0.416667, 0.920000,0, 0, 0, 0, 0, 0, 0, 0, 0, 0, 0
13603,0.240000, -0.333333, 0.920000,0, 0, 0, 0, 0, 0, 0, 0, 0, 0, 0
13613,0.320000, -0.291667, 0.960000,0, 0, 0, 0, 0, 0, 0, 0, 0, 0, 0
13622,0.360000, -0.208333, 0.920000,0, 0, 0, 0, 0, 0, 0, 0, 0, 0, 0
13636,0.400000, -0.166667, 0.920000,0, 0, 0, 0, 0, 0, 0, 0, 0, 0, 0
13644,0.440000, -0.083333, 0.960000,0, 0, 0, 0, 0, 0, 0, 0, 0, 0, 0
13658,0.480000, -0.041667, 0.960000,0, 0, 0, 0, 0, 0, 0, 0, 0, 0, 0
13665,0.480000, 0.041667, 0.960000,0, 0, 0, 0, 0, 0, 0, 0, 0, 0, 0
13675,0.560000, 0.125000, 0.960000,0, 0, 0, 0, 0, 0, 0, 0, 0, 0, 0
13683,0.560000, 0.166667, 0.960000,0, 0, 0, 0, 0, 0, 0, 0, 0, 0, 0
13697,0.600000, 0.250000, 0.920000,0, 0, 0, 0, 0, 0, 0, 0, 0, 0, 0
13705,0.560000, 0.291667, 0.880000,0, 0, 0, 0, 0, 0, 0, 0, 0, 0, 0
13716,0.560000, 0.291667, 0.840000,0, 0, 0, 0, 0, 0, 0, 0, 0, 0, 0
13724,0.600000, 0.333333, 0.800000,0, 0, 0, 0, 0, 0, 0, 0, 0, 0, 0
13736,0.600000, 0.375000, 0.800000,0, 0, 0, 0, 0, 0, 0, 0, 0, 0, 0
13746,0.640000, 0.375000, 0.800000,0, 0, 0, 0, 0, 0, 0, 0, 0, 0, 0
13757,0.640000, 0.375000, 0.760000,0, 0, 0, 0, 0, 0, 0, 0, 0, 0, 0
13765,0.640000, 0.375000, 0.720000,0, 0, 0, 0, 0, 0, 0, 0, 0, 0, 0
13779,0.640000, 0.375000, 0.720000,0, 0, 0, 0, 0, 0, 0, 0, 0, 0, 0
13788,0.680000, 0.416667, 0.720000,0, 0, 0, 0, 0, 0, 0, 0, 0, 0, 0
13800,0.680000, 0.375000, 0.720000,0, 0, 0, 0, 0, 0, 0, 0, 0, 0, 0
13808,0.680000, 0.375000, 0.680000,0, 0, 0, 0, 0, 0, 0, 0, 0, 0, 0
13816,0.680000, 0.375000, 0.680000,0, 0, 0, 0, 0, 0, 0, 0, 0, 0, 0
13828,0.720000, 0.333333, 0.680000,0, 0, 0, 0, 0, 0, 0, 0, 0, 0, 0
13841,0.720000, 0.333333, 0.720000,0, 0, 0, 0, 0, 0, 0, 0, 0, 0, 0
13849,0.760000, 0.291667, 0.680000,0, 0, 0, 0, 0, 0, 0, 0, 0, 0, 0
13859,0.760000, 0.291667, 0.720000,0, 0, 0, 0, 0, 0, 0, 0, 0, 0, 0
13871,0.760000, 0.250000, 0.720000,0, 0, 0, 0, 0, 0, 0, 0, 0, 0, 0
13878,0.800000, 0.208333, 0.720000,0, 0, 0, 0, 0, 0, 0, 0, 0, 0, 0
13888,0.800000, 0.166667, 0.720000,0, 0, 0, 0, 0, 0, 0, 0, 0, 0, 0
13900,0.840000, 0.083333, 0.720000,0, 0, 0, 0, 0, 0, 0, 0, 0, 0, 0
13908,0.840000, 0.000000, 0.720000,0, 0, 0, 0, 0, 0, 0, 0, 0, 0, 0
13921,0.840000, -0.083333, 0.680000,0, 0, 0, 0, 0, 0, 0, 0, 0, 0, 0
13931,0.800000, -0.125000, 0.640000,0, 0, 0, 0, 0, 0, 0, 0, 0, 0, 0
13939,0.760000, -0.208333, 0.600000,0, 0, 0, 0, 0, 0, 0, 0, 0, 0, 0
13953,0.760000, -0.250000, 0.560000,0, 0, 0, 0, 0, 0, 0, 0, 0, 0, 0
13960,0.760000, -0.291667, 0.560000,0, 0, 0, 0, 0, 0, 0, 0, 0, 0, 0
13970,0.720000, -0.333333, 0.560000,0, 0, 0, 0, 0, 0, 0, 0, 0, 0, 0
13982,0.720000, -0.333333, 0.520000,0, 0, 0, 0, 0, 0, 0, 0, 0, 0, 0
13992,0.720000, -0.375000, 0.520000,0, 0, 0, 0, 0, 0, 0, 0, 0, 0, 0
14001,0.680000, -0.375000, 0.520000,0, 0, 0, 0, 0, 0, 0, 0, 0, 0, 0
14013,0.680000, -0.416667, 0.480000,0, 0, 0, 0, 0, 0, 0, 0, 0, 0, 0
14023,0.680000, -0.416667, 0.520000,0, 0, 0, 0, 0, 0, 0, 0, 0, 0, 0
14037,0.680000, -0.416667, 0.480000,0, 0, 0, 0, 0, 0, 0, 0, 0, 0, 0
14044,0.680000, -0.458333, 0.480000,0, 0, 0, 0, 0, 0, 0, 0, 0, 0, 0
14052,0.680000, -0.458333, 0.480000,0, 0, 0, 0, 0, 0, 0, 0, 0, 0, 0
14066,0.680000, -0.458333, 0.480000,0, 0, 0, 0, 0, 0, 0, 0, 0, 0, 0
14074,0.680000, -0.458333, 0.480000,0, 0, 0, 0, 0, 0, 0, 0, 0, 0, 0
14083,0.680000, -0.416667, 0.480000,0, 0, 0, 0, 0, 0, 0, 0, 0, 0, 0
14097,0.680000, -0.416667, 0.520000,0, 0, 0, 0, 0, 0, 0, 0, 0, 0, 0
14103,0.720000, -0.416667, 0.520000,0, 0, 0, 0, 0, 0, 0, 0, 0, 0, 0
14113,0.720000, -0.416667, 0.520000,0, 0, 0, 0, 0, 0, 0, 0, 0, 0, 0
14128,0.720000, -0.375000, 0.520000,0, 0, 0, 0, 0, 0, 0, 0, 0, 0, 0
14136,0.720000, -0.375000, 0.560000,0, 0, 0, 0, 0, 0, 0, 0, 0, 0, 0
14148,0.720000, -0.333333, 0.560000,0, 0, 0, 0, 0, 0, 0, 0, 0, 0, 0
14158,0.720000, -0.291667, 0.560000,0, 0, 0, 0, 0, 0, 0, 0, 0, 0, 0
14165,0.720000, -0.291667, 0.600000,0, 0, 0, 0, 0, 0, 0, 0, 0, 0, 0
14177,0.720000, -0.250000, 0.600000,0, 0, 0, 0, 0, 0, 0, 0, 0, 0, 0
14185,0.760000, -0.208333, 0.640000,0, 0, 0, 0, 0, 0, 0, 0, 0, 0, 0
14199,0.760000, -0.166667, 0.640000,0, 0, 0, 0, 0, 0, 0, 0, 0, 0, 0
14212,0.800000, -0.083333, 0.680000,0, 0, 0, 0, 0, 0, 0, 0, 0, 0, 0
14216,0.840000, -0.041667, 0.720000,0, 0, 0, 0, 0, 0, 0, 0, 0, 0, 0
14230,0.800000, 0.041667, 0.720000,0, 0, 0, 0, 0, 0, 0, 0, 0, 0, 0
14236,0.800000, 0.083333, 0.760000,0, 0, 0, 0, 0, 0, 0, 0, 0, 0, 0
14246,0.800000, 0.166667, 0.760000,0, 0, 0, 0, 0, 0, 0, 0, 0, 0, 0
14259,0.760000, 0.166667, 0.760000,0, 0, 0, 0, 0, 0, 0, 0, 0, 0, 0
14267,0.720000, 0.208333, 0.720000,0, 0, 0, 0, 0, 0, 0, 0, 0, 0, 0
14281,0.720000, 0.250000, 0.720000,0, 0, 0, 0, 0, 0, 0, 0, 0, 0, 0
14288,0.720000, 0.291667, 0.760000,0, 0, 0, 0, 0, 0, 0, 0, 0, 0, 0
14296,0.720000, 0.291667, 0.760000,0, 0, 0, 0, 0, 0, 0, 0, 0, 0, 0
14312,0.680000, 0.291667, 0.760000,0, 0, 0, 0, 0, 0, 0, 0, 0, 0, 0
14320,0.640000, 0.291667, 0.760000,0, 0, 0, 0, 0, 0, 0, 0, 0, 0, 0
14328,0.640000, 0.333333, 0.760000,0, 0, 0, 0, 0, 0, 0, 0, 0, 0, 0
14343,0.640000, 0.333333, 0.800000,0, 0, 0, 0, 0, 0, 0, 0, 0, 0, 0
14351,0.640000, 0.333333, 0.800000,0, 0, 0, 0, 0, 0, 0, 0, 0, 0, 0
14359,0.600000, 0.291667, 0.800000,0, 0, 0, 0, 0, 0, 0, 0, 0, 0, 0
14369,0.600000, 0.291667, 0.800000,0, 0, 0, 0, 0, 0, 0, 0, 0, 0, 0
14380,0.600000, 0.291667, 0.840000,0, 0, 0, 0, 0, 0, 0, 0, 0, 0, 0
14398,0.560000, 0.291667, 0.840000,0, 0, 0, 0, 0, 0, 0, 0, 0, 0, 0
14402,0.560000, 0.250000, 0.840000,0, 0, 0, 0, 0, 0, 0, 0, 0, 0, 0
14413,0.560000, 0.208333, 0.880000,0, 0, 0, 0, 0, 0, 0, 0, 0, 0, 0
14421,0.560000, 0.166667, 0.880000,0, 0, 0, 0, 0, 0, 0, 0, 0, 0, 0
14431,0.560000, 0.125000, 0.920000,0, 0, 0, 0, 0, 0, 0, 0, 0, 0, 0
14445,0.520000, 0.083333, 0.920000,0, 0, 0, 0, 0, 0, 0, 0, 0, 0, 0
14453,0.520000, 0.041667, 0.920000,0, 0, 0, 0, 0, 0, 0, 0, 0, 0, 0
14464,0.480000, 0.000000, 0.920000,0, 0, 0, 0, 0, 0, 0, 0, 0, 0, 0
14472,0.480000, -0.041667, 0.920000,0, 0, 0, 0, 0, 0, 0, 0, 0, 0, 0
14482,0.440000, -0.083333, 0.920000,0, 0, 0, 0, 0, 0, 0, 0, 0, 0, 0
14494,0.400000, -0.166667, 0.920000,0, 0, 0, 0, 0, 0, 0, 0, 0, 0, 0
14501,0.360000, -0.208333, 0.920000,0, 0, 0, 0, 0, 0, 0, 0, 0, 0, 0
14515,0.360000, -0.250000, 0.920000,0, 0, 0, 0, 0, 0, 0, 0, 0, 0, 0
14523,0.320000, -0.250000, 0.920000,0, 0, 0, 0, 0, 0, 0, 0, 0, 0, 0
14533,0.280000, -0.291667, 0.920000,0, 0, 0, 0, 0, 0, 0, 0, 0, 0, 0
14544,0.200000, -0.333333, 0.920000,0, 0, 0, 0, 0, 0, 0, 0, 0, 0, 0
14552,0.160000, -0.333333, 0.920000,0, 0, 0, 0, 0, 0, 0, 0, 0, 0, 0
14566,0.120000, -0.333333, 0.840000,0, 0, 0, 0, 0, 0, 0, 0, 0, 0, 0
14574,0.080000, -0.333333, 0.840000,0, 0, 0, 0, 0, 0, 0, 0, 0, 0, 0
14587,0.080000, -0.375000, 0.840000,0, 0, 0, 0, 0, 0, 0, 0, 0, 0, 0
14601,0.040000, -0.375000, 0.840000,0, 0, 0, 0, 0, 0, 0, 0, 0, 0, 0
14603,0.040000, -0.375000, 0.840000,0, 0, 0, 0, 0, 0, 0, 0, 0, 0, 0
14615,0.040000, -0.375000, 0.840000,0, 0, 0, 0, 0, 0, 0, 0, 0, 0, 0
14628,0.000000, -0.375000, 0.880000,0, 0, 0, 0, 0, 0, 0, 0, 0, 0, 0
