143,0.040000, -0.083333, 1.040000,0, 0, 0, 0, 0, 0, 0, 0, 0, 0, 0
146,0.040000, -0.083333, 1.040000,0, 0, 0, 0, 0, 0, 0, 0, 0, 0, 0
156,0.000000, -0.083333, 1.000000,0, 0, 0, 0, 0, 0, 0, 0, 0, 0, 0
166,0.040000, -0.125000, 1.000000,0, 0, 0, 0, 0, 0, 0, 0, 0, 0, 0
174,0.040000, -0.083333, 1.000000,0, 0, 0, 0, 0, 0, 0, 0, 0, 0, 0
186,0.040000, -0.125000, 1.000000,0, 0, 0, 0, 0, 0, 0, 0, 0, 0, 0
199,0.040000, -0.083333, 1.000000,0, 0, 0, 0, 0, 0, 0, 0, 0, 0, 0
209,0.000000, -0.125000, 1.000000,0, 0, 0, 0, 0, 0, 0, 0, 0, 0, 0
217,0.040000, -0.083333, 0.960000,0, 0, 0, 0, 0, 0, 0, 0, 0, 0, 0
227,0.040000, -0.125000, 0.960000,0, 0, 0, 0, 0, 0, 0, 0, 0, 0, 0
240,0.040000, -0.083333, 1.000000,0, 0, 0, 0, 0, 0, 0, 0, 0, 0, 0
254,0.040000, -0.125000, 0.960000,0, 0, 0, 0, 0, 0, 0, 0, 0, 0, 0
258,0.040000, -0.125000, 1.000000,0, 0, 0, 0, 0, 0, 0, 0, 0, 0, 0
270,0.080000, -0.083333, 0.960000,0, 0, 0, 0, 0, 0, 0, 0, 0, 0, 0
277,0.080000, -0.083333, 0.960000,0, 0, 0, 0, 0, 0, 0, 0, 0, 0, 0
287,0.080000, -0.083333, 0.960000,0, 0, 0, 0, 0, 0, 0, 0, 0, 0, 0
297,0.080000, -0.083333, 1.000000,0, 0, 0, 0, 0, 0, 0, 0, 0, 0, 0
311,0.080000, -0.125000, 1.000000,0, 0, 0, 0, 0, 0, 0, 0, 0, 0, 0
320,0.080000, -0.125000, 1.000000,0, 0, 0, 0, 0, 0, 0, 0, 0, 0, 0
328,0.080000, -0.125000, 1.000000,0, 0, 0, 0, 0, 0, 0, 0, 0, 0, 0
342,0.080000, -0.125000, 1.040000,0, 0, 0, 0, 0, 0, 0, 0, 0, 0, 0
352,0.080000, -0.125000, 1.040000,0, 0, 0, 0, 0, 0, 0, 0, 0, 0, 0
359,0.080000, -0.125000, 1.040000,0, 0, 0, 0, 0, 0, 0, 0, 0, 0, 0
373,0.080000, -0.125000, 1.040000,0, 0, 0, 0, 0, 0, 0, 0, 0, 0, 0
381,0.080000, -0.125000, 1.040000,0, 0, 0, 0, 0, 0, 0, 0, 0, 0, 0
391,0.080000, -0.125000, 1.040000,0, 0, 0, 0, 0, 0, 0, 0, 0, 0, 0
400,0.040000, -0.166667, 1.040000,0, 0, 0, 0, 0, 0, 0, 0, 0, 0, 0
414,0.040000, -0.166667, 1.080000,0, 0, 0, 0, 0, 0, 0, 0, 0, 0, 0
422,0.040000, -0.166667, 1.080000,0, 0, 0, 0, 0, 0, 0, 0, 0, 0, 0
432,0.040000, -0.083333, 1.040000,0, 0, 0, 0, 0, 0, 0, 0, 0, 0, 0
439,0.040000, -0.166667, 1.040000,0, 0, 0, 0, 0, 0, 0, 0, 0, 0, 0
453,0.040000, -0.166667, 1.040000,0, 0, 0, 0, 0, 0, 0, 0, 0, 0, 0
463,0.040000, -0.166667, 1.040000,0, 0, 0, 0, 0, 0, 0, 0, 0, 0, 0
471,0.040000, -0.125000, 1.040000,0, 0, 0, 0, 0, 0, 0, 0, 0, 0, 0
480,0.040000, -0.125000, 1.040000,0, 0, 0, 0, 0, 0, 0, 0, 0, 0, 0
494,0.040000, -0.125000, 1.040000,0, 0, 0, 0, 0, 0, 0, 0, 0, 0, 0
502,0.040000, -0.125000, 1.000000,0, 0, 0, 0, 0, 0, 0, 0, 0, 0, 0
514,0.040000, -0.125000, 1.000000,0, 0, 0, 0, 0, 0, 0, 0, 0, 0, 0
523,0.040000, -0.083333, 1.000000,0, 0, 0, 0, 0, 0, 0, 0, 0, 0, 0
533,0.040000, -0.083333, 1.000000,0, 0, 0, 0, 0, 0, 0, 0, 0, 0, 0
541,0.040000, -0.083333, 1.000000,0, 0, 0, 0, 0, 0, 0, 0, 0, 0, 0
555,0.040000, -0.083333, 1.000000,0, 0, 0, 0, 0, 0, 0, 0, 0, 0, 0
563,0.040000, -0.083333, 1.000000,0, 0, 0, 0, 0, 0, 0, 0, 0, 0, 0
576,0.040000, -0.083333, 1.000000,0, 0, 0, 0, 0, 0, 0, 0, 0, 0, 0
584,0.040000, -0.083333, 1.000000,0, 0, 0, 0, 0, 0, 0, 0, 0, 0, 0
592,0.040000, -0.083333, 1.000000,0, 0, 0, 0, 0, 0, 0, 0, 0, 0, 0
605,0.040000, -0.125000, 1.000000,0, 0, 0, 0, 0, 0, 0, 0, 0, 0, 0
615,0.040000, -0.125000, 1.000000,0, 0, 0, 0, 0, 0, 0, 0, 0, 0, 0
623,0.040000, -0.125000, 1.040000,0, 0, 0, 0, 0, 0, 0, 0, 0, 0, 0
639,0.040000, -0.166667, 1.040000,0, 0, 0, 0, 0, 0, 0, 0, 0, 0, 0
646,0.000000, -0.166667, 1.040000,0, 0, 0, 0, 0, 0, 0, 0, 0, 0, 0
656,0.000000, -0.166667, 1.040000,0, 0, 0, 0, 0, 0, 0, 0, 0, 0, 0
666,0.000000, -0.125000, 1.040000,0, 0, 0, 0, 0, 0, 0, 0, 0, 0, 0
674,0.040000, -0.125000, 1.040000,0, 0, 0, 0, 0, 0, 0, 0, 0, 0, 0
688,0.040000, -0.166667, 1.040000,0, 0, 0, 0, 0, 0, 0, 0, 0, 0, 0
695,0.040000, -0.166667, 1.040000,0, 0, 0, 0, 0, 0, 0, 0, 0, 0, 0
705,0.040000, -0.166667, 1.040000,0, 0, 0, 0, 0, 0, 0, 0, 0, 0, 0
717,0.040000, -0.166667, 1.040000,0, 0, 0, 0, 0, 0, 0, 0, 0, 0, 0
729,0.040000, -0.166667, 1.040000,0, 0, 0, 0, 0, 0, 0, 0, 0, 0, 0
738,0.040000, -0.166667, 1.000000,0, 0, 0, 0, 0, 0, 0, 0, 0, 0, 0
750,0.040000, -0.125000, 1.000000,0, 0, 0, 0, 0, 0, 0, 0, 0, 0, 0
756,0.040000, -0.125000, 1.000000,0, 0, 0, 0, 0, 0, 0, 0, 0, 0, 0
768,0.040000, -0.083333, 0.960000,0, 0, 0, 0, 0, 0, 0, 0, 0, 0, 0
781,0.040000, -0.083333, 0.960000,0, 0, 0, 0, 0, 0, 0, 0, 0, 0, 0
789,0.040000, -0.083333, 0.960000,0, 0, 0, 0, 0, 0, 0, 0, 0, 0, 0
799,0.040000, -0.083333, 0.960000,0, 0, 0, 0, 0, 0, 0, 0, 0, 0, 0
807,0.040000, -0.083333, 0.960000,0, 0, 0, 0, 0, 0, 0, 0, 0, 0, 0
820,0.040000, -0.125000, 0.960000,0, 0, 0, 0, 0, 0, 0, 0, 0, 0, 0
830,0.000000, -0.125000, 1.000000,0, 0, 0, 0, 0, 0, 0, 0, 0, 0, 0
838,0.000000, -0.125000, 1.000000,0, 0, 0, 0, 0, 0, 0, 0, 0, 0, 0
850,0.000000, -0.166667, 1.000000,0, 0, 0, 0, 0, 0, 0, 0, 0, 0, 0
861,0.000000, -0.166667, 1.000000,0, 0, 0, 0, 0, 0, 0, 0, 0, 0, 0
869,0.000000, -0.166667, 1.000000,0, 0, 0, 0, 0, 0, 0, 0, 0, 0, 0
883,0.000000, -0.166667, 1.000000,0, 0, 0, 0, 0, 0, 0, 0, 0, 0, 0
891,0.000000, -0.166667, 1.000000,0, 0, 0, 0, 0, 0, 0, 0, 0, 0, 0
900,0.000000, -0.125000, 1.000000,0, 0, 0, 0, 0, 0, 0, 0, 0, 0, 0
908,0.040000, -0.125000, 1.000000,0, 0, 0, 0, 0, 0, 0, 0, 0, 0, 0
922,0.040000, -0.125000, 1.000000,0, 0, 0, 0, 0, 0, 0, 0, 0, 0, 0
930,0.040000, -0.125000, 1.000000,0, 0, 0, 0, 0, 0, 0, 0, 0, 0, 0
939,0.080000, -0.125000, 1.000000,0, 0, 0, 0, 0, 0, 0, 0, 0, 0, 0
953,0.040000, -0.125000, 1.000000,0, 0, 0, 0, 0, 0, 0, 0, 0, 0, 0
963,0.080000, -0.125000, 1.000000,0, 0, 0, 0, 0, 0, 0, 0, 0, 0, 0
973,0.080000, -0.125000, 1.000000,0, 0, 0, 0, 0, 0, 0, 0, 0, 0, 0
984,0.080000, -0.125000, 1.000000,0, 0, 0, 0, 0, 0, 0, 0, 0, 0, 0
992,0.080000, -0.125000, 1.000000,0, 0, 0, 0, 0, 0, 0, 0, 0, 0, 0
1004,0.040000, -0.125000, 1.000000,0, 0, 0, 0, 0, 0, 0, 0, 0, 0, 0
1012,0.040000, -0.125000, 1.000000,0, 0, 0, 0, 0, 0, 0, 0, 0, 0, 0
1021,0.040000, -0.125000, 1.000000,0, 0, 0, 0, 0, 0, 0, 0, 0, 0, 0
1035,0.040000, -0.125000, 1.000000,0, 0, 0, 0, 0, 0, 0, 0, 0, 0, 0
1043,0.040000, -0.125000, 1.000000,0, 0, 0, 0, 0, 0, 0, 0, 0, 0, 0
1057,0.040000, -0.125000, 1.000000,0, 0, 0, 0, 0, 0, 0, 0, 0, 0, 0
1064,0.040000, -0.125000, 1.000000,0, 0, 0, 0, 0, 0, 0, 0, 0, 0, 0
1074,0.040000, -0.125000, 1.000000,0, 0, 0, 0, 0, 0, 0, 0, 0, 0, 0
1084,0.000000, -0.125000, 1.000000,0, 0, 0, 0, 0, 0, 0, 0, 0, 0, 0
1092,0.000000, -0.125000, 1.000000,0, 0, 0, 0, 0, 0, 0, 0, 0, 0, 0
1104,0.000000, -0.125000, 1.040000,0, 0, 0, 0, 0, 0, 0, 0, 0, 0, 0
1113,0.040000, -0.125000, 1.040000,0, 0, 0, 0, 0, 0, 0, 0, 0, 0, 0
1125,0.040000, -0.125000, 1.000000,0, 0, 0, 0, 0, 0, 0, 0, 0, 0, 0
1137,0.040000, -0.125000, 1.040000,0, 0, 0, 0, 0, 0, 0, 0, 0, 0, 0
1145,0.040000, -0.125000, 1.000000,0, 0, 0, 0, 0, 0, 0, 0, 0, 0, 0
1154,0.040000, -0.125000, 1.040000,0, 0, 0, 0, 0, 0, 0, 0, 0, 0, 0
1166,0.040000, -0.125000, 1.040000,0, 0, 0, 0, 0, 0, 0, 0, 0, 0, 0
1176,0.040000, -0.083333, 1.000000,0, 0, 0, 0, 0, 0, 0, 0, 0, 0, 0
1184,0.040000, -0.125000, 1.040000,0, 0, 0, 0, 0, 0, 0, 0, 0, 0, 0
1193,0.040000, -0.083333, 1.040000,0, 0, 0, 0, 0, 0, 0, 0, 0, 0, 0
1207,0.040000, -0.083333, 1.040000,0, 0, 0, 0, 0, 0, 0, 0, 0, 0, 0
1217,0.040000, -0.125000, 1.040000,0, 0, 0, 0, 0, 0, 0, 0, 0, 0, 0
1225,0.040000, -0.083333, 1.040000,0, 0, 0, 0, 0, 0, 0, 0, 0, 0, 0
1238,0.040000, -0.125000, 1.040000,0, 0, 0, 0, 0, 0, 0, 0, 0, 0, 0
1250,0.000000, -0.125000, 1.040000,0, 0, 0, 0, 0, 0, 0, 0, 0, 0, 0
1256,0.040000, -0.125000, 1.040000,0, 0, 0, 0, 0, 0, 0, 0, 0, 0, 0
1266,0.040000, -0.125000, 1.040000,0, 0, 0, 0, 0, 0, 0, 0, 0, 0, 0
1279,0.040000, -0.125000, 1.040000,0, 0, 0, 0, 0, 0, 0, 0, 0, 0, 0
1287,0.040000, -0.125000, 1.000000,0, 0, 0, 0, 0, 0, 0, 0, 0, 0, 0
1299,0.040000, -0.083333, 1.000000,0, 0, 0, 0, 0, 0, 0, 0, 0, 0, 0
1307,0.040000, -0.083333, 1.000000,0, 0, 0, 0, 0, 0, 0, 0, 0, 0, 0
1318,0.040000, -0.083333, 1.000000,0, 0, 0, 0, 0, 0, 0, 0, 0, 0, 0
1332,0.040000, -0.083333, 1.000000,0, 0, 0, 0, 0, 0, 0, 0, 0, 0, 0
1340,0.040000, -0.083333, 1.000000,0, 0, 0, 0, 0, 0, 0, 0, 0, 0, 0
1348,0.040000, -0.083333, 1.000000,0, 0, 0, 0, 0, 0, 0, 0, 0, 0, 0
1357,0.040000, -0.125000, 1.000000,0, 0, 0, 0, 0, 0, 0, 0, 0, 0, 0
1371,0.040000, -0.125000, 1.040000,0, 0, 0, 0, 0, 0, 0, 0, 0, 0, 0
1381,0.040000, -0.125000, 1.040000,0, 0, 0, 0, 0, 0, 0, 0, 0, 0, 0
1393,0.040000, -0.125000, 1.040000,0, 0, 0, 0, 0, 0, 0, 0, 0, 0, 0
1402,0.040000, -0.125000, 1.040000,0, 0, 0, 0, 0, 0, 0, 0, 0, 0, 0
1410,0.040000, -0.083333, 1.000000,0, 0, 0, 0, 0, 0, 0, 0, 0, 0, 0
1418,0.040000, -0.083333, 1.000000,0, 0, 0, 0, 0, 0, 0, 0, 0, 0, 0
1432,0.040000, -0.083333, 1.000000,0, 0, 0, 0, 0, 0, 0, 0, 0, 0, 0
1441,0.040000, -0.083333, 1.000000,0, 0, 0, 0, 0, 0, 0, 0, 0, 0, 0
1451,0.040000, -0.083333, 1.000000,0, 0, 0, 0, 0, 0, 0, 0, 0, 0, 0
1459,0.040000, -0.083333, 1.000000,0, 0, 0, 0, 0, 0, 0, 0, 0, 0, 0
1475,0.040000, -0.125000, 1.000000,0, 0, 0, 0, 0, 0, 0, 0, 0, 0, 0
1482,0.040000, -0.125000, 1.000000,0, 0, 0, 0, 0, 0, 0, 0, 0, 0, 0
1492,0.040000, -0.125000, 1.000000,0, 0, 0, 0, 0, 0, 0, 0, 0, 0, 0
1502,0.040000, -0.083333, 1.000000,0, 0, 0, 0, 0, 0, 0, 0, 0, 0, 0
1512,0.040000, -0.083333, 1.000000,0, 0, 0, 0, 0, 0, 0, 0, 0, 0, 0
1523,0.040000, -0.083333, 0.960000,0, 0, 0, 0, 0, 0, 0, 0, 0, 0, 0
1533,0.040000, -0.083333, 1.000000,0, 0, 0, 0, 0, 0, 0, 0, 0, 0, 0
1547,0.040000, -0.125000, 1.000000,0, 0, 0, 0, 0, 0, 0, 0, 0, 0, 0
1555,0.040000, -0.166667, 1.040000,0, 0, 0, 0, 0, 0, 0, 0, 0, 0, 0
1563,0.040000, -0.208333, 1.040000,0, 0, 0, 0, 0, 0, 0, 0, 0, 0, 0
1578,0.040000, -0.208333, 1.040000,0, 0, 0, 0, 0, 0, 0, 0, 0, 0, 0
1586,0.040000, -0.208333, 1.040000,0, 0, 0, 0, 0, 0, 0, 0, 0, 0, 0
1596,0.040000, -0.166667, 1.040000,0, 0, 0, 0, 0, 0, 0, 0, 0, 0, 0
1607,0.040000, -0.125000, 1.000000,0, 0, 0, 0, 0, 0, 0, 0, 0, 0, 0
1613,0.040000, -0.083333, 1.000000,0, 0, 0, 0, 0, 0, 0, 0, 0, 0, 0
1631,0.040000, -0.041667, 0.960000,0, 0, 0, 0, 0, 0, 0, 0, 0, 0, 0
1637,0.040000, -0.041667, 0.920000,0, 0, 0, 0, 0, 0, 0, 0, 0, 0, 0
1648,0.040000, -0.041667, 0.920000,0, 0, 0, 0, 0, 0, 0, 0, 0, 0, 0
1656,0.040000, -0.041667, 0.920000,0, 0, 0, 0, 0, 0, 0, 0, 0, 0, 0
1666,0.040000, -0.083333, 0.960000,0, 0, 0, 0, 0, 0, 0, 0, 0, 0, 0
1678,0.040000, -0.083333, 1.000000,0, 0, 0, 0, 0, 0, 0, 0, 0, 0, 0
1688,0.040000, -0.125000, 1.000000,0, 0, 0, 0, 0, 0, 0, 0, 0, 0, 0
1695,0.040000, -0.125000, 1.000000,0, 0, 0, 0, 0, 0, 0, 0, 0, 0, 0
1705,0.040000, -0.125000, 1.000000,0, 0, 0, 0, 0, 0, 0, 0, 0, 0, 0
1721,0.040000, -0.125000, 1.000000,0, 0, 0, 0, 0, 0, 0, 0, 0, 0, 0
1727,0.040000, -0.125000, 1.000000,0, 0, 0, 0, 0, 0, 0, 0, 0, 0, 0
1742,0.040000, -0.125000, 1.000000,0, 0, 0, 0, 0, 0, 0, 0, 0, 0, 0
1748,0.040000, -0.125000, 1.000000,0, 0, 0, 0, 0, 0, 0, 0, 0, 0, 0
1756,0.040000, -0.125000, 1.000000,0, 0, 0, 0, 0, 0, 0, 0, 0, 0, 0
1766,0.040000, -0.125000, 1.040000,0, 0, 0, 0, 0, 0, 0, 0, 0, 0, 0
1781,0.040000, -0.166667, 1.000000,0, 0, 0, 0, 0, 0, 0, 0, 0, 0, 0
1789,0.040000, -0.166667, 1.000000,0, 0, 0, 0, 0, 0, 0, 0, 0, 0, 0
1801,0.040000, -0.166667, 1.040000,0, 0, 0, 0, 0, 0, 0, 0, 0, 0, 0
1811,0.040000, -0.125000, 1.000000,0, 0, 0, 0, 0, 0, 0, 0, 0, 0, 0
1820,0.080000, -0.083333, 1.000000,0, 0, 0, 0, 0, 0, 0, 0, 0, 0, 0
1828,0.120000, -0.041667, 0.960000,0, 0, 0, 0, 0, 0, 0, 0, 0, 0, 0
1838,0.200000, 0.041667, 0.920000,0, 0, 0, 0, 0, 0, 0, 0, 0, 0, 0
1850,0.160000, 0.041667, 0.760000,0, 0, 0, 0, 0, 0, 0, 0, 0, 0, 0
1865,-0.120000, 0.000000, 0.400000,0, 0, 0, 0, 0, 0, 0, 0, 0, 0, 0
1873,-0.360000, -0.083333, -0.320000,0, 0, 0, 0, 0, 0, 0, 0, 0, 0, 0
1881,-0.120000, -0.083333, -0.400000,0, 0, 0, 0, 0, 0, 0, 0, 0, 0, 0
1889,0.040000, -0.041667, -0.040000,0, 0, 0, 0, 0, 0, 0, 0, 0, 0, 0
1898,0.040000, -0.041667, 0.000000,0, 0, 0, 0, 0, 0, 0, 0, 0, 0, 0
1912,-0.040000, -0.041667, 0.040000,0, 0, 0, 0, 0, 0, 0, 0, 0, 0, 0
1920,0.040000, 0.000000, 0.040000,0, 0, 0, 0, 0, 0, 0, 0, 0, 0, 0
1930,0.000000, -0.041667, 0.000000,0, 0, 0, 0, 0, 0, 0, 0, 0, 0, 0
1941,0.000000, 0.000000, 0.040000,0, 0, 0, 0, 0, 0, 0, 0, 0, 0, 0
1949,0.000000, -0.041667, 0.040000,0, 0, 0, 0, 0, 0, 0, 0, 0, 0, 0
1969,0.000000, 0.000000, 0.040000,0, 0, 0, 0, 0, 0, 0, 0, 0, 0, 0
1971,0.000000, -0.041667, 0.040000,0, 0, 0, 0, 0, 0, 0, 0, 0, 0, 0
1982,0.000000, -0.041667, 0.040000,0, 0, 0, 0, 0, 0, 0, 0, 0, 0, 0
1990,0.000000, -0.041667, 0.040000,0, 0, 0, 0, 0, 0, 0, 0, 0, 0, 0
2023,0.000000, -0.041667, 0.040000,0, 0, 0, 0, 0, 0, 0, 0, 0, 0, 0
2035,0.000000, -0.041667, 0.040000,0, 0, 0, 0, 0, 0, 0, 0, 0, 0, 0
2045,0.000000, -0.041667, 0.040000,0, 0, 0, 0, 0, 0, 0, 0, 0, 0, 0
2057,0.000000, -0.041667, 0.040000,0, 0, 0, 0, 0, 0, 0, 0, 0, 0, 0
2064,0.000000, -0.041667, 0.040000,0, 0, 0, 0, 0, 0, 0, 0, 0, 0, 0
2082,0.000000, -0.041667, 0.040000,0, 0, 0, 0, 0, 0, 0, 0, 0, 0, 0
2094,0.000000, 0.000000, 0.040000,0, 0, 0, 0, 0, 0, 0, 0, 0, 0, 0
2117,0.040000, 0.000000, 0.040000,0, 0, 0, 0, 0, 0, 0, 0, 0, 0, 0
2125,0.000000, 0.000000, 0.040000,0, 0, 0, 0, 0, 0, 0, 0, 0, 0, 0
2186,0.040000, 0.000000, 0.040000,0, 0, 0, 0, 0, 0, 0, 0, 0, 0, 0
2197,0.000000, 0.000000, 0.040000,0, 0, 0, 0, 0, 0, 0, 0, 0, 0, 0
2211,0.040000, 0.000000, 0.080000,0, 0, 0, 0, 0, 0, 0, 0, 0, 0, 0
2215,0.000000, 0.000000, 0.080000,0, 0, 0, 0, 0, 0, 0, 0, 0, 0, 0
2229,0.040000, 0.000000, 0.080000,0, 0, 0, 0, 0, 0, 0, 0, 0, 0, 0
2236,0.000000, 0.000000, 0.080000,0, 0, 0, 0, 0, 0, 0, 0, 0, 0, 0
2246,0.040000, 0.000000, 0.080000,0, 0, 0, 0, 0, 0, 0, 0, 0, 0, 0
2299,0.040000, 0.000000, 0.080000,0, 0, 0, 0, 0, 0, 0, 0, 0, 0, 0
2309,0.040000, 0.000000, 0.080000,0, 0, 0, 0, 0, 0, 0, 0, 0, 0, 0
2342,0.040000, 0.000000, 0.120000,0, 0, 0, 0, 0, 0, 0, 0, 0, 0, 0
2352,0.040000, 0.000000, 0.120000,0, 0, 0, 0, 0, 0, 0, 0, 0, 0, 0
2359,0.040000, 0.000000, 0.120000,0, 0, 0, 0, 0, 0, 0, 0, 0, 0, 0
2369,0.040000, 0.000000, 0.120000,0, 0, 0, 0, 0, 0, 0, 0, 0, 0, 0
2402,0.080000, 0.000000, 0.120000,0, 0, 0, 0, 0, 0, 0, 0, 0, 0, 0
2410,0.040000, 0.000000, 0.120000,0, 0, 0, 0, 0, 0, 0, 0, 0, 0, 0
2420,0.080000, 0.000000, 0.120000,0, 0, 0, 0, 0, 0, 0, 0, 0, 0, 0
2432,0.040000, 0.000000, 0.120000,0, 0, 0, 0, 0, 0, 0, 0, 0, 0, 0
2439,0.080000, 0.000000, 0.120000,0, 0, 0, 0, 0, 0, 0, 0, 0, 0, 0
2457,0.080000, 0.000000, 0.120000,0, 0, 0, 0, 0, 0, 0, 0, 0, 0, 0
2473,0.080000, 0.000000, 0.120000,0, 0, 0, 0, 0, 0, 0, 0, 0, 0, 0
2492,0.080000, 0.000000, 0.120000,0, 0, 0, 0, 0, 0, 0, 0, 0, 0, 0
2510,0.120000, 0.000000, 0.120000,0, 0, 0, 0, 0, 0, 0, 0, 0, 0, 0
2543,0.120000, 0.000000, 0.120000,0, 0, 0, 0, 0, 0, 0, 0, 0, 0, 0
2551,0.120000, 0.000000, 0.120000,0, 0, 0, 0, 0, 0, 0, 0, 0, 0, 0
2563,0.120000, 0.000000, 0.120000,0, 0, 0, 0, 0, 0, 0, 0, 0, 0, 0
2570,0.120000, 0.000000, 0.120000,0, 0, 0, 0, 0, 0, 0, 0, 0, 0, 0
2623,0.120000, 0.000000, 0.120000,0, 0, 0, 0, 0, 0, 0, 0, 0, 0, 0
2625,0.120000, 0.000000, 0.120000,0, 0, 0, 0, 0, 0, 0, 0, 0, 0, 0
2633,0.120000, 0.000000, 0.120000,0, 0, 0, 0, 0, 0, 0, 0, 0, 0, 0
2646,0.120000, 0.041667, 0.120000,0, 0, 0, 0, 0, 0, 0, 0, 0, 0, 0
2658,0.120000, 0.000000, 0.120000,0, 0, 0, 0, 0, 0, 0, 0, 0, 0, 0
2664,0.120000, 0.041667, 0.160000,0, 0, 0, 0, 0, 0, 0, 0, 0, 0, 0
2676,0.120000, 0.041667, 0.120000,0, 0, 0, 0, 0, 0, 0, 0, 0, 0, 0
2686,0.120000, 0.041667, 0.160000,0, 0, 0, 0, 0, 0, 0, 0, 0, 0, 0
2693,0.160000, 0.041667, 0.160000,0, 0, 0, 0, 0, 0, 0, 0, 0, 0, 0
2707,0.120000, 0.041667, 0.160000,0, 0, 0, 0, 0, 0, 0, 0, 0, 0, 0
2725,0.160000, 0.041667, 0.160000,0, 0, 0, 0, 0, 0, 0, 0, 0, 0, 0
2746,0.160000, 0.041667, 0.160000,0, 0, 0, 0, 0, 0, 0, 0, 0, 0, 0
2756,0.160000, 0.041667, 0.200000,0, 0, 0, 0, 0, 0, 0, 0, 0, 0, 0
2777,0.120000, 0.041667, 0.200000,0, 0, 0, 0, 0, 0, 0, 0, 0, 0, 0
2801,0.120000, 0.041667, 0.200000,0, 0, 0, 0, 0, 0, 0, 0, 0, 0, 0
2809,0.120000, 0.041667, 0.200000,0, 0, 0, 0, 0, 0, 0, 0, 0, 0, 0
2826,0.120000, 0.041667, 0.240000,0, 0, 0, 0, 0, 0, 0, 0, 0, 0, 0
2838,0.120000, 0.041667, 0.280000,0, 0, 0, 0, 0, 0, 0, 0, 0, 0, 0
2848,0.080000, 0.041667, 0.280000,0, 0, 0, 0, 0, 0, 0, 0, 0, 0, 0
2855,0.080000, 0.041667, 0.280000,0, 0, 0, 0, 0, 0, 0, 0, 0, 0, 0
2869,0.080000, 0.041667, 0.280000,0, 0, 0, 0, 0, 0, 0, 0, 0, 0, 0
2877,0.040000, 0.083333, 0.280000,0, 0, 0, 0, 0, 0, 0, 0, 0, 0, 0
2891,0.040000, 0.041667, 0.320000,0, 0, 0, 0, 0, 0, 0, 0, 0, 0, 0
2898,0.040000, 0.041667, 0.320000,0, 0, 0, 0, 0, 0, 0, 0, 0, 0, 0
2920,0.040000, 0.041667, 0.320000,0, 0, 0, 0, 0, 0, 0, 0, 0, 0, 0
2943,0.000000, 0.041667, 0.360000,0, 0, 0, 0, 0, 0, 0, 0, 0, 0, 0
2951,0.000000, 0.041667, 0.320000,0, 0, 0, 0, 0, 0, 0, 0, 0, 0, 0
2959,0.000000, 0.041667, 0.320000,0, 0, 0, 0, 0, 0, 0, 0, 0, 0, 0
2973,0.000000, 0.041667, 0.360000,0, 0, 0, 0, 0, 0, 0, 0, 0, 0, 0
2982,0.000000, 0.041667, 0.320000,0, 0, 0, 0, 0, 0, 0, 0, 0, 0, 0
3000,0.000000, 0.041667, 0.360000,0, 0, 0, 0, 0, 0, 0, 0, 0, 0, 0
3020,-0.040000, 0.041667, 0.360000,0, 0, 0, 0, 0, 0, 0, 0, 0, 0, 0
3023,-0.080000, 0.041667, 0.360000,0, 0, 0, 0, 0, 0, 0, 0, 0, 0, 0
3031,-0.080000, 0.041667, 0.360000,0, 0, 0, 0, 0, 0, 0, 0, 0, 0, 0
3043,-0.080000, 0.041667, 0.360000,0, 0, 0, 0, 0, 0, 0, 0, 0, 0, 0
3053,-0.080000, 0.041667, 0.360000,0, 0, 0, 0, 0, 0, 0, 0, 0, 0, 0
3064,-0.080000, 0.041667, 0.360000,0, 0, 0, 0, 0, 0, 0, 0, 0, 0, 0
3072,-0.080000, 0.041667, 0.360000,0, 0, 0, 0, 0, 0, 0, 0, 0, 0, 0
3084,-0.120000, 0.000000, 0.400000,0, 0, 0, 0, 0, 0, 0, 0, 0, 0, 0
3094,-0.160000, 0.000000, 0.400000,0, 0, 0, 0, 0, 0, 0, 0, 0, 0, 0
3115,-0.120000, 0.000000, 0.360000,0, 0, 0, 0, 0, 0, 0, 0, 0, 0, 0
3123,-0.160000, 0.000000, 0.400000,0, 0, 0, 0, 0, 0, 0, 0, 0, 0, 0
3135,-0.160000, 0.000000, 0.360000,0, 0, 0, 0, 0, 0, 0, 0, 0, 0, 0
3145,-0.120000, 0.000000, 0.360000,0, 0, 0, 0, 0, 0, 0, 0, 0, 0, 0
3156,-0.160000, -0.041667, 0.360000,0, 0, 0, 0, 0, 0, 0, 0, 0, 0, 0
3166,-0.200000, -0.083333, 0.360000,0, 0, 0, 0, 0, 0, 0, 0, 0, 0, 0
3176,-0.200000, -0.083333, 0.360000,0, 0, 0, 0, 0, 0, 0, 0, 0, 0, 0
3189,-0.200000, -0.083333, 0.360000,0, 0, 0, 0, 0, 0, 0, 0, 0, 0, 0
3205,-0.200000, -0.083333, 0.400000,0, 0, 0, 0, 0, 0, 0, 0, 0, 0, 0
3217,-0.200000, -0.083333, 0.400000,0, 0, 0, 0, 0, 0, 0, 0, 0, 0, 0
3227,-0.160000, -0.041667, 0.400000,0, 0, 0, 0, 0, 0, 0, 0, 0, 0, 0
3234,-0.160000, -0.041667, 0.440000,0, 0, 0, 0, 0, 0, 0, 0, 0, 0, 0
3252,-2.640000, 0.916667, 1.720000,0, 1, 0, 0, 0, 0, 0, 0, 0, 0, 0
3256,1.280000, -2.041667, -2.640000,0, 0, 0, 0, 0, 0, 0, 0, 0, 0, 0
3268,0.160000, 3.125000, 1.120000,0, 0, 0, 0, 0, 0, 0, 0, 0, 0, 0
3277,-0.720000, 0.708333, 3.400000,0, 0, 0, 0, 0, 0, 0, 0, 0, 0, 0
3287,-0.360000, 0.375000, -0.680000,0, 0, 0, 0, 0, 0, 0, 0, 0, 0, 0
3295,0.520000, 1.083333, -0.320000,0, 0, 0, 0, 0, 0, 0, 0, 0, 0, 0
3309,-0.080000, 0.833333, 0.280000,0, 0, 0, 0, 0, 0, 0, 0, 0, 0, 0
3318,0.200000, 0.791667, -0.360000,0, 0, 0, 0, 0, 0, 0, 0, 0, 0, 0
3332,0.080000, 0.875000, 0.080000,0, 0, 0, 0, 0, 0, 0, 0, 0, 0, 0
3338,0.120000, 0.791667, -0.200000,0, 0, 0, 0, 0, 0, 0, 0, 0, 0, 0
3348,0.080000, 0.833333, -0.040000,0, 0, 0, 0, 0, 0, 0, 0, 0, 0, 0
3361,0.120000, 0.791667, -0.160000,0, 0, 0, 0, 0, 0, 0, 0, 0, 0, 0
3369,0.120000, 0.791667, -0.120000,0, 0, 0, 0, 0, 0, 0, 0, 0, 0, 0
3379,0.120000, 0.791667, -0.160000,0, 0, 0, 0, 0, 0, 0, 0, 0, 0, 0
3393,0.120000, 0.791667, -0.160000,0, 0, 0, 0, 0, 0, 0, 0, 0, 0, 0
3400,0.120000, 0.791667, -0.200000,0, 0, 0, 0, 0, 0, 0, 0, 0, 0, 0
3410,0.120000, 0.791667, -0.200000,0, 0, 0, 0, 0, 0, 0, 0, 0, 0, 0
3422,0.120000, 0.791667, -0.200000,0, 0, 0, 0, 0, 0, 0, 0, 0, 0, 0
3430,0.120000, 0.791667, -0.240000,0, 0, 0, 0, 0, 0, 0, 0, 0, 0, 0
3439,0.080000, 0.791667, -0.240000,0, 0, 0, 0, 0, 0, 0, 0, 0, 0, 0
3449,0.080000, 0.791667, -0.240000,0, 0, 0, 0, 0, 0, 0, 0, 0, 0, 0
3463,0.080000, 0.791667, -0.280000,0, 0, 0, 0, 0, 0, 0, 0, 0, 0, 0
3480,0.080000, 0.791667, -0.320000,0, 0, 0, 0, 0, 0, 0, 0, 0, 0, 0
3492,0.040000, 0.791667, -0.320000,0, 0, 0, 0, 0, 0, 0, 0, 0, 0, 0
3500,0.040000, 0.791667, -0.360000,0, 0, 0, 0, 0, 0, 0, 0, 0, 0, 0
3514,0.040000, 0.791667, -0.400000,0, 0, 0, 0, 0, 0, 0, 0, 0, 0, 0
3523,0.040000, 0.791667, -0.400000,0, 0, 0, 0, 0, 0, 0, 0, 0, 0, 0
3533,0.000000, 0.791667, -0.440000,0, 0, 0, 0, 0, 0, 0, 0, 0, 0, 0
3543,0.000000, 0.791667, -0.440000,0, 0, 0, 0, 0, 0, 0, 0, 0, 0, 0
3553,0.000000, 0.791667, -0.480000,0, 0, 0, 0, 0, 0, 0, 0, 0, 0, 0
3563,-0.040000, 0.791667, -0.480000,0, 0, 0, 0, 0, 0, 0, 0, 0, 0, 0
3576,-0.040000, 0.791667, -0.480000,0, 0, 0, 0, 0, 0, 0, 0, 0, 0, 0
3584,-0.080000, 0.791667, -0.480000,0, 0, 0, 0, 0, 0, 0, 0, 0, 0, 0
3596,-0.080000, 0.833333, -0.520000,0, 0, 0, 0, 0, 0, 0, 0, 0, 0, 0
3605,-0.080000, 0.833333, -0.480000,0, 0, 0, 0, 0, 0, 0, 0, 0, 0, 0
3617,-0.120000, 0.833333, -0.520000,0, 0, 0, 0, 0, 0, 0, 0, 0, 0, 0
3625,-0.120000, 0.833333, -0.520000,0, 0, 0, 0, 0, 0, 0, 0, 0, 0, 0
3635,-0.120000, 0.833333, -0.520000,0, 0, 0, 0, 0, 0, 0, 0, 0, 0, 0
3646,-0.120000, 0.875000, -0.520000,0, 0, 0, 0, 0, 0, 0, 0, 0, 0, 0
3656,-0.160000, 0.833333, -0.520000,0, 0, 0, 0, 0, 0, 0, 0, 0, 0, 0
3664,-0.160000, 0.833333, -0.520000,0, 0, 0, 0, 0, 0, 0, 0, 0, 0, 0
3678,-0.160000, 0.833333, -0.520000,0, 0, 0, 0, 0, 0, 0, 0, 0, 0, 0
3686,-0.160000, 0.833333, -0.520000,0, 0, 0, 0, 0, 0, 0, 0, 0, 0, 0
3695,-0.200000, 0.833333, -0.520000,0, 0, 0, 0, 0, 0, 0, 0, 0, 0, 0
3703,-0.200000, 0.833333, -0.520000,0, 0, 0, 0, 0, 0, 0, 0, 0, 0, 0
3715,-0.200000, 0.875000, -0.520000,0, 0, 0, 0, 0, 0, 0, 0, 0, 0, 0
3725,-0.240000, 0.833333, -0.520000,0, 0, 0, 0, 0, 0, 0, 0, 0, 0, 0
3738,-0.240000, 0.875000, -0.520000,0, 0, 0, 0, 0, 0, 0, 0, 0, 0, 0
3746,-0.240000, 0.875000, -0.520000,0, 0, 0, 0, 0, 0, 0, 0, 0, 0, 0
3756,-0.240000, 0.875000, -0.520000,0, 0, 0, 0, 0, 0, 0, 0, 0, 0, 0
3770,-0.280000, 0.875000, -0.520000,0, 0, 0, 0, 0, 0, 0, 0, 0, 0, 0
3779,-0.280000, 0.875000, -0.480000,0, 0, 0, 0, 0, 0, 0, 0, 0, 0, 0
3787,-0.280000, 0.875000, -0.520000,0, 0, 0, 0, 0, 0, 0, 0, 0, 0, 0
3797,-0.280000, 0.875000, -0.480000,0, 0, 0, 0, 0, 0, 0, 0, 0, 0, 0
3811,-0.280000, 0.875000, -0.480000,0, 0, 0, 0, 0, 0, 0, 0, 0, 0, 0
3818,-0.280000, 0.875000, -0.480000,0, 0, 0, 0, 0, 0, 0, 0, 0, 0, 0
3830,-0.280000, 0.916667, -0.480000,0, 0, 0, 0, 0, 0, 0, 0, 0, 0, 0
3838,-0.280000, 0.916667, -0.480000,0, 0, 0, 0, 0, 0, 0, 0, 0, 0, 0
3848,-0.320000, 0.916667, -0.440000,0, 0, 0, 0, 0, 0, 0, 0, 0, 0, 0
3857,-0.320000, 0.916667, -0.440000,0, 0, 0, 0, 0, 0, 0, 0, 0, 0, 0
3869,-0.320000, 0.916667, -0.440000,0, 0, 0, 0, 0, 0, 0, 0, 0, 0, 0
3877,-0.360000, 0.916667, -0.440000,0, 0, 0, 0, 0, 0, 0, 0, 0, 0, 0
3891,-0.360000, 0.916667, -0.440000,0, 0, 0, 0, 0, 0, 0, 0, 0, 0, 0
3898,-0.360000, 0.916667, -0.440000,0, 0, 0, 0, 0, 0, 0, 0, 0, 0, 0
3912,-0.360000, 0.916667, -0.440000,0, 0, 0, 0, 0, 0, 0, 0, 0, 0, 0
3920,-0.400000, 0.916667, -0.440000,0, 0, 0, 0, 0, 0, 0, 0, 0, 0, 0
3930,-0.400000, 0.916667, -0.440000,0, 0, 0, 0, 0, 0, 0, 0, 0, 0, 0
3943,-0.400000, 0.916667, -0.440000,0, 0, 0, 0, 0, 0, 0, 0, 0, 0, 0
3951,-0.400000, 0.958333, -0.440000,0, 0, 0, 0, 0, 0, 0, 0, 0, 0, 0
3959,-0.400000, 0.916667, -0.440000,0, 0, 0, 0, 0, 0, 0, 0, 0, 0, 0
3969,-0.440000, 0.916667, -0.480000,0, 0, 0, 0, 0, 0, 0, 0, 0, 0, 0
3980,-0.440000, 0.958333, -0.480000,0, 0, 0, 0, 0, 0, 0, 0, 0, 0, 0
3992,-0.440000, 0.958333, -0.440000,0, 0, 0, 0, 0, 0, 0, 0, 0, 0, 0
4002,-0.440000, 0.958333, -0.440000,0, 0, 0, 0, 0, 0, 0, 0, 0, 0, 0
4014,-0.440000, 0.958333, -0.440000,0, 0, 0, 0, 0, 0, 0, 0, 0, 0, 0
4021,-0.440000, 0.958333, -0.440000,0, 0, 0, 0, 0, 0, 0, 0, 0, 0, 0
4029,-0.440000, 0.958333, -0.440000,0, 0, 0, 0, 0, 0, 0, 0, 0, 0, 0
4039,-0.440000, 0.958333, -0.440000,0, 0, 0, 0, 0, 0, 0, 0, 0, 0, 0
4055,-0.400000, 0.916667, -0.400000,0, 0, 0, 0, 0, 0, 0, 0, 0, 0, 0
4063,-0.400000, 0.916667, -0.400000,0, 0, 0, 0, 0, 0, 0, 0, 0, 0, 0
4070,-0.400000, 0.916667, -0.400000,0, 0, 0, 0, 0, 0, 0, 0, 0, 0, 0
4082,-0.400000, 0.916667, -0.360000,0, 0, 0, 0, 0, 0, 0, 0, 0, 0, 0
4094,-0.400000, 0.916667, -0.360000,0, 0, 0, 0, 0, 0, 0, 0, 0, 0, 0
4104,-0.360000, 0.916667, -0.360000,0, 0, 0, 0, 0, 0, 0, 0, 0, 0, 0
4111,-0.360000, 0.916667, -0.360000,0, 0, 0, 0, 0, 0, 0, 0, 0, 0, 0
4121,-0.400000, 0.916667, -0.360000,0, 0, 0, 0, 0, 0, 0, 0, 0, 0, 0
4135,-0.400000, 0.916667, -0.360000,0, 0, 0, 0, 0, 0, 0, 0, 0, 0, 0
4145,-0.400000, 0.916667, -0.320000,0, 0, 0, 0, 0, 0, 0, 0, 0, 0, 0
4152,-0.360000, 0.916667, -0.320000,0, 0, 0, 0, 0, 0, 0, 0, 0, 0, 0
4164,-0.360000, 0.916667, -0.320000,0, 0, 0, 0, 0, 0, 0, 0, 0, 0, 0
4174,-0.320000, 0.958333, -0.320000,0, 0, 0, 0, 0, 0, 0, 0, 0, 0, 0
4182,-0.320000, 1.000000, -0.240000,0, 0, 0, 0, 0, 0, 0, 0, 0, 0, 0
4193,3.280000, 3.250000, 3.200000,0, 1, 0, 0, 0, 0, 0, 0, 0, 0, 0
4203,0.960000, 4.041667, 2.800000,0, 0, 0, 0, 0, 0, 0, 0, 0, 0, 0
4217,-1.720000, -0.333333, -2.240000,0, 0, 0, 0, 0, 0, 0, 0, 0, 0, 0
4225,0.080000, 1.375000, 0.640000,0, 0, 0, 0, 0, 0, 0, 0, 0, 0, 0
4232,0.400000, 0.625000, -0.080000,0, 0, 0, 0, 0, 0, 0, 0, 0, 0, 0
4248,-0.720000, 0.416667, -0.680000,0, 0, 0, 0, 0, 0, 0, 0, 0, 0, 0
4258,-0.080000, 0.791667, 0.160000,0, 0, 0, 0, 0, 0, 0, 0, 0, 0, 0
4270,-0.280000, 0.541667, -0.320000,0, 0, 0, 0, 0, 0, 0, 0, 0, 0, 0
4279,-0.280000, 0.708333, -0.160000,0, 0, 0, 0, 0, 0, 0, 0, 0, 0, 0
4285,-0.160000, 0.666667, -0.120000,0, 0, 0, 0, 0, 0, 0, 0, 0, 0, 0
4295,-0.320000, 0.625000, -0.240000,0, 0, 0, 0, 0, 0, 0, 0, 0, 0, 0
4309,-0.160000, 0.666667, -0.080000,0, 0, 0, 0, 0, 0, 0, 0, 0, 0, 0
4318,-0.280000, 0.666667, -0.240000,0, 0, 0, 0, 0, 0, 0, 0, 0, 0, 0
4338,-0.200000, 0.666667, -0.080000,0, 0, 0, 0, 0, 0, 0, 0, 0, 0, 0
4346,-0.200000, 0.708333, -0.160000,0, 0, 0, 0, 0, 0, 0, 0, 0, 0, 0
4359,-0.200000, 0.666667, -0.160000,0, 0, 0, 0, 0, 0, 0, 0, 0, 0, 0
4367,-0.200000, 0.708333, -0.160000,0, 0, 0, 0, 0, 0, 0, 0, 0, 0, 0
4381,-0.200000, 0.708333, -0.160000,0, 0, 0, 0, 0, 0, 0, 0, 0, 0, 0
4391,-0.200000, 0.708333, -0.120000,0, 0, 0, 0, 0, 0, 0, 0, 0, 0, 0
4398,-0.200000, 0.708333, -0.120000,0, 0, 0, 0, 0, 0, 0, 0, 0, 0, 0
4410,-0.200000, 0.708333, -0.120000,0, 0, 0, 0, 0, 0, 0, 0, 0, 0, 0
4418,-0.200000, 0.708333, -0.120000,0, 0, 0, 0, 0, 0, 0, 0, 0, 0, 0
4439,-0.200000, 0.708333, -0.080000,0, 0, 0, 0, 0, 0, 0, 0, 0, 0, 0
4457,-0.200000, 0.666667, -0.080000,0, 0, 0, 0, 0, 0, 0, 0, 0, 0, 0
4465,-0.200000, 0.666667, -0.080000,0, 0, 0, 0, 0, 0, 0, 0, 0, 0, 0
4469,-0.200000, 0.666667, -0.080000,0, 0, 0, 0, 0, 0, 0, 0, 0, 0, 0
4492,-0.240000, 0.666667, -0.080000,0, 0, 0, 0, 0, 0, 0, 0, 0, 0, 0
4510,-0.240000, 0.666667, -0.080000,0, 0, 0, 0, 0, 0, 0, 0, 0, 0, 0
4523,-0.240000, 0.666667, -0.040000,0, 0, 0, 0, 0, 0, 0, 0, 0, 0, 0
4531,-0.240000, 0.666667, -0.040000,0, 0, 0, 0, 0, 0, 0, 0, 0, 0, 0
4543,-0.240000, 0.625000, -0.040000,0, 0, 0, 0, 0, 0, 0, 0, 0, 0, 0
4553,-0.280000, 0.625000, -0.080000,0, 0, 0, 0, 0, 0, 0, 0, 0, 0, 0
4561,-0.280000, 0.625000, -0.080000,0, 0, 0, 0, 0, 0, 0, 0, 0, 0, 0
4572,-0.280000, 0.625000, -0.080000,0, 0, 0, 0, 0, 0, 0, 0, 0, 0, 0
4605,-0.320000, 0.583333, -0.080000,0, 0, 0, 0, 0, 0, 0, 0, 0, 0, 0
4613,-0.320000, 0.583333, -0.080000,0, 0, 0, 0, 0, 0, 0, 0, 0, 0, 0
4621,-0.320000, 0.583333, -0.120000,0, 0, 0, 0, 0, 0, 0, 0, 0, 0, 0
4635,-0.320000, 0.583333, -0.120000,0, 0, 0, 0, 0, 0, 0, 0, 0, 0, 0
4643,-0.320000, 0.541667, -0.120000,0, 0, 0, 0, 0, 0, 0, 0, 0, 0, 0
4658,-0.320000, 0.541667, -0.120000,0, 0, 0, 0, 0, 0, 0, 0, 0, 0, 0
4666,-0.320000, 0.541667, -0.160000,0, 0, 0, 0, 0, 0, 0, 0, 0, 0, 0
4676,-0.320000, 0.541667, -0.160000,0, 0, 0, 0, 0, 0, 0, 0, 0, 0, 0
4684,-0.320000, 0.541667, -0.160000,0, 0, 0, 0, 0, 0, 0, 0, 0, 0, 0
4697,-0.320000, 0.500000, -0.200000,0, 0, 0, 0, 0, 0, 0, 0, 0, 0, 0
4715,-0.280000, 0.500000, -0.200000,0, 0, 0, 0, 0, 0, 0, 0, 0, 0, 0
4727,-0.280000, 0.500000, -0.200000,0, 0, 0, 0, 0, 0, 0, 0, 0, 0, 0
4744,-0.280000, 0.458333, -0.240000,0, 0, 0, 0, 0, 0, 0, 0, 0, 0, 0
4758,-0.280000, 0.458333, -0.240000,0, 0, 0, 0, 0, 0, 0, 0, 0, 0, 0
4768,-0.240000, 0.458333, -0.240000,0, 0, 0, 0, 0, 0, 0, 0, 0, 0, 0
4777,-0.240000, 0.458333, -0.240000,0, 0, 0, 0, 0, 0, 0, 0, 0, 0, 0
4787,0.280000, 2.750000, -1.520000,0, 0, 0, 0, 0, 0, 0, 0, 0, 0, 0
4799,3.840000, 4.625000, -1.880000,0, 0, 0, 0, 0, 0, 0, 0, 0, 0, 0
4809,0.280000, 5.000000, 1.240000,0, 0, 0, 0, 0, 0, 0, 0, 0, 0, 0
4816,-1.400000, 1.500000, 0.360000,0, 0, 0, 0, 0, 0, 0, 0, 0, 0, 0
4826,-0.840000, 0.833333, 0.000000,0, 0, 0, 0, 0, 0, 0, 0, 0, 0, 0
4840,-0.360000, 0.791667, -0.360000,0, 0, 0, 0, 0, 0, 0, 0, 0, 0, 0
4850,-0.320000, 0.833333, 0.040000,0, 0, 0, 0, 0, 0, 0, 0, 0, 0, 0
4857,-0.200000, 0.833333, -0.240000,0, 0, 0, 0, 0, 0, 0, 0, 0, 0, 0
4869,-0.360000, 0.833333, -0.040000,0, 0, 0, 0, 0, 0, 0, 0, 0, 0, 0
4881,-0.240000, 0.833333, -0.160000,0, 0, 0, 0, 0, 0, 0, 0, 0, 0, 0
4891,-0.280000, 0.791667, -0.080000,0, 0, 0, 0, 0, 0, 0, 0, 0, 0, 0
4898,-0.160000, 0.625000, -0.200000,0, 0, 0, 0, 0, 0, 0, 0, 0, 0, 0
4908,3.520000, -3.416667, 1.120000,0, 0, 0, 0, 0, 0, 0, 0, 0, 0, 0
4920,-1.200000, -4.666667, -0.680000,0, 0, 0, 0, 0, 0, 0, 0, 0, 0, 0
4930,0.040000, -0.541667, 0.720000,0, 0, 0, 0, 0, 0, 0, 0, 0, 0, 0
4941,0.680000, 0.791667, -0.120000,0, 0, 0, 0, 0, 0, 0, 0, 0, 0, 0
4949,-0.360000, -0.083333, -0.240000,0, 0, 0, 0, 0, 0, 0, 0, 0, 0, 0
4963,0.080000, 0.458333, 0.040000,0, 0, 0, 0, 0, 0, 0, 0, 0, 0, 0
4969,-0.240000, 0.208333, -0.040000,0, 0, 0, 0, 0, 0, 0, 0, 0, 0, 0
4979,-0.040000, 0.291667, 0.000000,0, 0, 0, 0, 0, 0, 0, 0, 0, 0, 0
4990,-0.160000, 0.291667, -0.080000,0, 0, 0, 0, 0, 0, 0, 0, 0, 0, 0
5002,-0.080000, 0.291667, 0.000000,0, 0, 0, 0, 0, 0, 0, 0, 0, 0, 0
5010,-0.160000, 0.291667, -0.040000,0, 0, 0, 0, 0, 0, 0, 0, 0, 0, 0
5023,-0.080000, 0.291667, -0.040000,0, 0, 0, 0, 0, 0, 0, 0, 0, 0, 0
5031,-0.160000, 0.291667, -0.040000,0, 0, 0, 0, 0, 0, 0, 0, 0, 0, 0
5041,-0.160000, 0.291667, -0.040000,0, 0, 0, 0, 0, 0, 0, 0, 0, 0, 0
5055,-0.160000, 0.250000, -0.040000,0, 0, 0, 0, 0, 0, 0, 0, 0, 0, 0
5063,-0.120000, 0.291667, -0.040000,0, 0, 0, 0, 0, 0, 0, 0, 0, 0, 0
5072,-0.120000, 0.291667, -0.040000,0, 0, 0, 0, 0, 0, 0, 0, 0, 0, 0
5080,-0.120000, 0.291667, -0.040000,0, 0, 0, 0, 0, 0, 0, 0, 0, 0, 0
5094,-0.160000, 0.291667, -0.040000,0, 0, 0, 0, 0, 0, 0, 0, 0, 0, 0
5107,-0.120000, 0.291667, -0.040000,0, 0, 0, 0, 0, 0, 0, 0, 0, 0, 0
5111,-0.160000, 0.291667, -0.040000,0, 0, 0, 0, 0, 0, 0, 0, 0, 0, 0
5123,-0.160000, 0.250000, -0.040000,0, 0, 0, 0, 0, 0, 0, 0, 0, 0, 0
5133,-3.200000, -1.166667, -1.720000,0, 0, 0, 0, 0, 0, 0, 0, 0, 0, 0
5141,-4.400000, -3.458333, -2.600000,0, 0, 0, 0, 0, 0, 0, 0, 0, 0, 0
5154,-0.040000, 0.375000, 0.320000,0, 0, 0, 0, 0, 0, 0, 0, 0, 0, 0
5164,-1.320000, 0.291667, -0.240000,0, 0, 0, 0, 0, 0, 0, 0, 0, 0, 0
5172,-0.160000, 0.541667, -0.200000,0, 0, 0, 0, 0, 0, 0, 0, 0, 0, 0
5188,-0.960000, 0.500000, -0.200000,0, 0, 0, 0, 0, 0, 0, 0, 0, 0, 0
5195,-2.840000, 1.375000, -0.920000,0, 0, 0, 0, 0, 0, 0, 0, 0, 0, 0
5203,-2.080000, 2.833333, -0.440000,0, 0, 0, 0, 0, 0, 0, 0, 0, 0, 0
5217,-1.040000, 1.333333, -0.360000,0, 0, 0, 0, 0, 0, 0, 0, 0, 0, 0
5227,-0.280000, 0.500000, -0.160000,0, 0, 0, 0, 0, 0, 0, 0, 0, 0, 0
5234,-0.560000, 0.291667, -0.040000,0, 0, 0, 0, 0, 0, 0, 0, 0, 0, 0
5252,-0.240000, 0.208333, -0.040000,0, 0, 0, 0, 0, 0, 0, 0, 0, 0, 0
5256,-0.320000, 0.250000, 0.000000,0, 0, 0, 0, 0, 0, 0, 0, 0, 0, 0
5268,-0.200000, 0.375000, -0.040000,0, 0, 0, 0, 0, 0, 0, 0, 0, 0, 0
5277,-0.200000, 0.625000, -0.040000,0, 0, 0, 0, 0, 0, 0, 0, 0, 0, 0
5285,-0.320000, 1.000000, -0.040000,0, 0, 0, 0, 0, 0, 0, 0, 0, 0, 0
5295,-0.320000, 1.375000, -0.040000,0, 0, 0, 0, 0, 0, 0, 0, 0, 0, 0
5309,-0.160000, 1.250000, 0.000000,0, 0, 0, 0, 0, 0, 0, 0, 0, 0, 0
5316,-0.240000, 0.916667, 0.000000,0, 0, 0, 0, 0, 0, 0, 0, 0, 0, 0
5326,-0.120000, 0.708333, 0.040000,0, 0, 0, 0, 0, 0, 0, 0, 0, 0, 0
5340,-0.080000, 0.625000, 0.040000,0, 0, 0, 0, 0, 0, 0, 0, 0, 0, 0
5350,-0.120000, 0.666667, 0.040000,0, 0, 0, 0, 0, 0, 0, 0, 0, 0, 0
5357,-0.080000, 1.041667, 0.040000,0, 0, 0, 0, 0, 0, 0, 0, 0, 0, 0
5365,0.040000, 1.291667, 0.120000,0, 0, 0, 0, 0, 0, 0, 0, 0, 0, 0
5379,0.160000, 1.208333, 0.080000,0, 0, 0, 0, 0, 0, 0, 0, 0, 0, 0
5387,0.080000, 1.000000, 0.040000,0, 0, 0, 0, 0, 0, 0, 0, 0, 0, 0
5398,0.120000, 0.833333, 0.040000,0, 0, 0, 0, 0, 0, 0, 0, 0, 0, 0
5408,0.120000, 0.708333, 0.040000,0, 0, 0, 0, 0, 0, 0, 0, 0, 0, 0
5418,0.080000, 0.666667, 0.040000,0, 0, 0, 0, 0, 0, 0, 0, 0, 0, 0
5430,0.160000, 0.708333, 0.040000,0, 0, 0, 0, 0, 0, 0, 0, 0, 0, 0
5439,0.240000, 0.750000, 0.080000,0, 0, 0, 0, 0, 0, 0, 0, 0, 0, 0
5451,0.200000, 0.791667, 0.120000,0, 0, 0, 0, 0, 0, 0, 0, 0, 0, 0
5457,0.240000, 0.833333, 0.120000,0, 0, 0, 0, 0, 0, 0, 0, 0, 0, 0
5469,0.280000, 0.875000, 0.160000,0, 0, 0, 0, 0, 0, 0, 0, 0, 0, 0
5479,0.320000, 0.833333, 0.160000,0, 0, 0, 0, 0, 0, 0, 0, 0, 0, 0
5492,0.320000, 0.833333, 0.160000,0, 0, 0, 0, 0, 0, 0, 0, 0, 0, 0
5500,0.400000, 0.833333, 0.200000,0, 0, 0, 0, 0, 0, 0, 0, 0, 0, 0
5510,0.480000, 0.875000, 0.240000,0, 0, 0, 0, 0, 0, 0, 0, 0, 0, 0
5521,0.640000, 1.083333, 0.360000,0, 0, 0, 0, 0, 0, 0, 0, 0, 0, 0
5529,0.920000, 1.250000, 0.520000,0, 0, 0, 0, 0, 0, 0, 0, 0, 0, 0
5537,1.120000, 1.333333, 0.680000,0, 0, 0, 0, 0, 0, 0, 0, 0, 0, 0
5553,1.320000, 1.250000, 0.680000,0, 0, 0, 0, 0, 0, 0, 0, 0, 0, 0
5561,1.400000, 1.083333, 0.760000,0, 0, 0, 0, 0, 0, 0, 0, 0, 0, 0
5572,1.400000, 0.791667, 0.760000,0, 0, 0, 0, 0, 0, 0, 0, 0, 0, 0
5582,1.840000, 0.208333, 1.080000,0, 0, 0, 0, 0, 0, 0, 0, 0, 0, 0
5590,1.680000, -2.708333, 0.720000,0, 0, 0, 0, 0, 0, 0, 0, 0, 0, 0
5604,-1.840000, -4.500000, -2.040000,0, 0, 0, 0, 0, 0, 0, 0, 0, 0, 0
5615,0.800000, -2.500000, -0.320000,0, 0, 0, 0, 0, 0, 0, 0, 0, 0, 0
5623,0.120000, -0.833333, 0.680000,0, 0, 0, 0, 0, 0, 0, 0, 0, 0, 0
5631,-0.560000, -0.250000, -0.360000,0, 0, 0, 0, 0, 0, 0, 0, 0, 0, 0
5646,0.400000, 0.083333, 0.120000,0, 0, 0, 0, 0, 0, 0, 0, 0, 0, 0
5656,-0.160000, -0.083333, -0.040000,0, 0, 0, 0, 0, 0, 0, 0, 0, 0, 0
5664,0.120000, 0.000000, 0.040000,0, 0, 0, 0, 0, 0, 0, 0, 0, 0, 0
5672,-0.040000, -0.041667, 0.000000,0, 0, 0, 0, 0, 0, 0, 0, 0, 0, 0
5682,0.480000, -0.500000, 0.040000,0, 0, 0, 0, 0, 0, 0, 0, 0, 0, 0
5693,1.080000, -1.083333, 1.560000,0, 0, 0, 0, 0, 0, 0, 0, 0, 0, 0
5703,0.960000, -1.166667, 0.560000,0, 0, 0, 0, 0, 0, 0, 0, 0, 0, 0
5715,0.160000, -0.041667, 0.320000,0, 0, 0, 0, 0, 0, 0, 0, 0, 0, 0
5725,0.240000, -0.208333, 0.120000,0, 0, 0, 0, 0, 0, 0, 0, 0, 0, 0
5732,0.480000, -0.166667, 0.520000,0, 0, 0, 0, 0, 0, 0, 0, 0, 0, 0
5746,1.000000, -0.375000, 1.280000,0, 0, 0, 0, 0, 0, 0, 0, 0, 0, 0
5756,1.240000, -0.125000, 1.600000,0, 0, 0, 0, 0, 0, 0, 0, 0, 0, 0
5768,0.800000, 0.041667, 1.080000,0, 0, 0, 0, 0, 0, 0, 0, 0, 0, 0
5775,0.480000, 0.166667, 0.640000,0, 0, 0, 0, 0, 0, 0, 0, 0, 0, 0
5785,0.400000, 0.166667, 0.640000,0, 0, 0, 0, 0, 0, 0, 0, 0, 0, 0
5793,0.600000, 0.375000, 1.000000,0, 0, 0, 0, 0, 0, 0, 0, 0, 0, 0
5807,0.720000, 0.583333, 1.280000,0, 0, 0, 0, 0, 0, 0, 0, 0, 0, 0
5818,0.600000, 0.666667, 1.240000,0, 0, 0, 0, 0, 0, 0, 0, 0, 0, 0
5828,0.440000, 0.500000, 0.880000,0, 0, 0, 0, 0, 0, 0, 0, 0, 0, 0
5836,0.280000, 0.458333, 0.720000,0, 0, 0, 0, 0, 0, 0, 0, 0, 0, 0
5848,0.280000, 0.458333, 0.720000,0, 0, 0, 0, 0, 0, 0, 0, 0, 0, 0
5855,0.320000, 0.625000, 0.840000,0, 0, 0, 0, 0, 0, 0, 0, 0, 0, 0
5869,0.320000, 0.750000, 1.000000,0, 0, 0, 0, 0, 0, 0, 0, 0, 0, 0
5877,0.280000, 0.708333, 0.920000,0, 0, 0, 0, 0, 0, 0, 0, 0, 0, 0
5887,0.200000, 0.583333, 0.800000,0, 0, 0, 0, 0, 0, 0, 0, 0, 0, 0
5898,0.160000, 0.500000, 0.720000,0, 0, 0, 0, 0, 0, 0, 0, 0, 0, 0
5908,0.120000, 0.541667, 0.800000,0, 0, 0, 0, 0, 0, 0, 0, 0, 0, 0
5916,0.120000, 0.625000, 0.840000,0, 0, 0, 0, 0, 0, 0, 0, 0, 0, 0
5932,0.120000, 0.625000, 0.880000,0, 0, 0, 0, 0, 0, 0, 0, 0, 0, 0
5939,0.120000, 0.583333, 0.840000,0, 0, 0, 0, 0, 0, 0, 0, 0, 0, 0
5949,0.080000, 0.541667, 0.840000,0, 0, 0, 0, 0, 0, 0, 0, 0, 0, 0
5957,0.040000, 0.500000, 0.840000,0, 0, 0, 0, 0, 0, 0, 0, 0, 0, 0
5971,0.040000, 0.541667, 0.880000,0, 0, 0, 0, 0, 0, 0, 0, 0, 0, 0
5979,0.040000, 0.541667, 0.920000,0, 0, 0, 0, 0, 0, 0, 0, 0, 0, 0
5988,0.040000, 0.500000, 0.960000,0, 0, 0, 0, 0, 0, 0, 0, 0, 0, 0
6002,0.000000, 0.458333, 1.000000,0, 0, 0, 0, 0, 0, 0, 0, 0, 0, 0
6010,0.000000, 0.416667, 1.080000,0, 0, 0, 0, 0, 0, 0, 0, 0, 0, 0
6020,-0.040000, 0.375000, 1.080000,0, 0, 0, 0, 0, 0, 0, 0, 0, 0, 0
6029,-0.080000, 0.333333, 1.120000,0, 0, 0, 0, 0, 0, 0, 0, 0, 0, 0
6039,-0.080000, 0.333333, 1.120000,0, 0, 0, 0, 0, 0, 0, 0, 0, 0, 0
6057,-0.120000, 0.125000, 1.200000,0, 0, 0, 0, 0, 0, 0, 0, 0, 0, 0
6059,-0.160000, 0.041667, 1.080000,0, 0, 0, 0, 0, 0, 0, 0, 0, 0, 0
6072,-0.200000, -0.041667, 1.080000,0, 0, 0, 0, 0, 0, 0, 0, 0, 0, 0
6080,-0.240000, -0.208333, 1.160000,0, 0, 0, 0, 0, 0, 0, 0, 0, 0, 0
6094,-0.280000, -0.333333, 1.200000,0, 0, 0, 0, 0, 0, 0, 0, 0, 0, 0
6102,-0.280000, -0.416667, 1.040000,0, 0, 0, 0, 0, 0, 0, 0, 0, 0, 0
6111,-0.280000, -0.458333, 0.840000,0, 0, 0, 0, 0, 0, 0, 0, 0, 0, 0
6119,-0.280000, -0.458333, 0.720000,0, 0, 0, 0, 0, 0, 0, 0, 0, 0, 0
6131,-0.280000, -0.458333, 0.640000,0, 0, 0, 0, 0, 0, 0, 0, 0, 0, 0
6145,-0.280000, -0.500000, 0.640000,0, 0, 0, 0, 0, 0, 0, 0, 0, 0, 0
6154,-0.320000, -0.583333, 0.680000,0, 0, 0, 0, 0, 0, 0, 0, 0, 0, 0
6162,-0.360000, -0.625000, 0.640000,0, 0, 0, 0, 0, 0, 0, 0, 0, 0, 0
6174,-0.360000, -0.583333, 0.600000,0, 0, 0, 0, 0, 0, 0, 0, 0, 0, 0
6184,-0.360000, -0.583333, 0.560000,0, 0, 0, 0, 0, 0, 0, 0, 0, 0, 0
6193,-0.400000, -0.583333, 0.520000,0, 0, 0, 0, 0, 0, 0, 0, 0, 0, 0
6201,-0.400000, -0.583333, 0.520000,0, 0, 0, 0, 0, 0, 0, 0, 0, 0, 0
6215,-0.440000, -0.625000, 0.520000,0, 0, 0, 0, 0, 0, 0, 0, 0, 0, 0
6223,-0.480000, -0.583333, 0.520000,0, 0, 0, 0, 0, 0, 0, 0, 0, 0, 0
6232,-0.480000, -0.541667, 0.480000,0, 0, 0, 0, 0, 0, 0, 0, 0, 0, 0
6246,-0.520000, -0.541667, 0.480000,0, 0, 0, 0, 0, 0, 0, 0, 0, 0, 0
6256,-0.520000, -0.500000, 0.480000,0, 0, 0, 0, 0, 0, 0, 0, 0, 0, 0
6268,-0.560000, -0.500000, 0.520000,0, 0, 0, 0, 0, 0, 0, 0, 0, 0, 0
6275,-0.640000, -0.500000, 0.520000,0, 0, 0, 0, 0, 0, 0, 0, 0, 0, 0
6283,-0.640000, -0.458333, 0.560000,0, 0, 0, 0, 0, 0, 0, 0, 0, 0, 0
6297,-0.640000, -0.416667, 0.520000,0, 0, 0, 0, 0, 0, 0, 0, 0, 0, 0
6305,-0.680000, -0.375000, 0.560000,0, 0, 0, 0, 0, 0, 0, 0, 0, 0, 0
6314,-0.760000, -0.333333, 0.560000,0, 0, 0, 0, 0, 0, 0, 0, 0, 0, 0
6322,-0.800000, -0.291667, 0.600000,0, 0, 0, 0, 0, 0, 0, 0, 0, 0, 0
6338,-0.840000, -0.250000, 0.600000,0, 0, 0, 0, 0, 0, 0, 0, 0, 0, 0
6346,-0.920000, -0.166667, 0.560000,0, 0, 0, 0, 0, 0, 0, 0, 0, 0, 0
6355,-0.920000, -0.083333, 0.600000,0, 0, 0, 0, 0, 0, 0, 0, 0, 0, 0
6367,-0.960000, -0.041667, 0.640000,0, 0, 0, 0, 0, 0, 0, 0, 0, 0, 0
6377,-1.000000, 0.041667, 0.640000,0, 0, 0, 0, 0, 0, 0, 0, 0, 0, 0
6385,-0.960000, 0.083333, 0.600000,0, 0, 0, 0, 0, 0, 0, 0, 0, 0, 0
6398,-0.920000, 0.125000, 0.560000,0, 0, 0, 0, 0, 0, 0, 0, 0, 0, 0
6406,-0.920000, 0.166667, 0.520000,0, 0, 0, 0, 0, 0, 0, 0, 0, 0, 0
6420,-0.880000, 0.208333, 0.520000,0, 0, 0, 0, 0, 0, 0, 0, 0, 0, 0
6428,-0.920000, 0.250000, 0.560000,0, 0, 0, 0, 0, 0, 0, 0, 0, 0, 0
6438,-0.920000, 0.375000, 0.520000,0, 0, 0, 0, 0, 0, 0, 0, 0, 0, 0
6447,-0.880000, 0.333333, 0.520000,0, 0, 0, 0, 0, 0, 0, 0, 0, 0, 0
6455,-0.840000, 0.333333, 0.480000,0, 0, 0, 0, 0, 0, 0, 0, 0, 0, 0
6467,-0.840000, 0.333333, 0.480000,0, 0, 0, 0, 0, 0, 0, 0, 0, 0, 0
6479,-0.840000, 0.333333, 0.480000,0, 0, 0, 0, 0, 0, 0, 0, 0, 0, 0
6488,-0.840000, 0.375000, 0.480000,0, 0, 0, 0, 0, 0, 0, 0, 0, 0, 0
6500,-0.840000, 0.375000, 0.440000,0, 0, 0, 0, 0, 0, 0, 0, 0, 0, 0
6508,-0.840000, 0.375000, 0.480000,0, 0, 0, 0, 0, 0, 0, 0, 0, 0, 0
6518,-0.800000, 0.375000, 0.440000,0, 0, 0, 0, 0, 0, 0, 0, 0, 0, 0
6531,-0.840000, 0.375000, 0.480000,0, 0, 0, 0, 0, 0, 0, 0, 0, 0, 0
6541,-0.840000, 0.333333, 0.480000,0, 0, 0, 0, 0, 0, 0, 0, 0, 0, 0
6549,-0.840000, 0.333333, 0.480000,0, 0, 0, 0, 0, 0, 0, 0, 0, 0, 0
6561,-0.840000, 0.333333, 0.480000,0, 0, 0, 0, 0, 0, 0, 0, 0, 0, 0
6568,-0.840000, 0.291667, 0.480000,0, 0, 0, 0, 0, 0, 0, 0, 0, 0, 0
6578,-0.840000, 0.291667, 0.520000,0, 0, 0, 0, 0, 0, 0, 0, 0, 0, 0
6590,-0.840000, 0.250000, 0.520000,0, 0, 0, 0, 0, 0, 0, 0, 0, 0, 0
6600,-0.880000, 0.208333, 0.520000,0, 0, 0, 0, 0, 0, 0, 0, 0, 0, 0
6609,-0.880000, 0.166667, 0.520000,0, 0, 0, 0, 0, 0, 0, 0, 0, 0, 0
6621,-0.920000, 0.166667, 0.560000,0, 0, 0, 0, 0, 0, 0, 0, 0, 0, 0
6631,-0.920000, 0.125000, 0.560000,0, 0, 0, 0, 0, 0, 0, 0, 0, 0, 0
6643,-0.880000, 0.083333, 0.560000,0, 0, 0, 0, 0, 0, 0, 0, 0, 0, 0
6658,-0.880000, 0.041667, 0.560000,0, 0, 0, 0, 0, 0, 0, 0, 0, 0, 0
6660,-0.880000, 0.000000, 0.560000,0, 0, 0, 0, 0, 0, 0, 0, 0, 0, 0
6672,-0.880000, -0.083333, 0.560000,0, 0, 0, 0, 0, 0, 0, 0, 0, 0, 0
6684,-0.880000, -0.125000, 0.560000,0, 0, 0, 0, 0, 0, 0, 0, 0, 0, 0
6693,-0.880000, -0.166667, 0.600000,0, 0, 0, 0, 0, 0, 0, 0, 0, 0, 0
6703,-0.840000, -0.208333, 0.600000,0, 0, 0, 0, 0, 0, 0, 0, 0, 0, 0
6711,-0.760000, -0.250000, 0.520000,0, 0, 0, 0, 0, 0, 0, 0, 0, 0, 0
6725,-0.720000, -0.291667, 0.520000,0, 0, 0, 0, 0, 0, 0, 0, 0, 0, 0
6734,-0.720000, -0.333333, 0.520000,0, 0, 0, 0, 0, 0, 0, 0, 0, 0, 0
6742,-0.720000, -0.375000, 0.520000,0, 0, 0, 0, 0, 0, 0, 0, 0, 0, 0
6756,-0.680000, -0.375000, 0.520000,0, 0, 0, 0, 0, 0, 0, 0, 0, 0, 0
6764,-0.680000, -0.416667, 0.520000,0, 0, 0, 0, 0, 0, 0, 0, 0, 0, 0
6773,-0.640000, -0.416667, 0.520000,0, 0, 0, 0, 0, 0, 0, 0, 0, 0, 0
6783,-0.640000, -0.416667, 0.520000,0, 0, 0, 0, 0, 0, 0, 0, 0, 0, 0
6795,-0.600000, -0.458333, 0.520000,0, 0, 0, 0, 0, 0, 0, 0, 0, 0, 0
6805,-0.600000, -0.458333, 0.520000,0, 0, 0, 0, 0, 0, 0, 0, 0, 0, 0
6814,-0.600000, -0.458333, 0.520000,0, 0, 0, 0, 0, 0, 0, 0, 0, 0, 0
6826,-0.600000, -0.458333, 0.520000,0, 0, 0, 0, 0, 0, 0, 0, 0, 0, 0
6836,-0.600000, -0.458333, 0.560000,0, 0, 0, 0, 0, 0, 0, 0, 0, 0, 0
6848,-0.600000, -0.416667, 0.560000,0, 0, 0, 0, 0, 0, 0, 0, 0, 0, 0
6857,-0.600000, -0.416667, 0.600000,0, 0, 0, 0, 0, 0, 0, 0, 0, 0, 0
6865,-0.600000, -0.375000, 0.640000,0, 0, 0, 0, 0, 0, 0, 0, 0, 0, 0
6879,-0.600000, -0.333333, 0.640000,0, 0, 0, 0, 0, 0, 0, 0, 0, 0, 0
6887,-0.600000, -0.333333, 0.680000,0, 0, 0, 0, 0, 0, 0, 0, 0, 0, 0
6896,-0.600000, -0.291667, 0.680000,0, 0, 0, 0, 0, 0, 0, 0, 0, 0, 0
6904,-0.600000, -0.291667, 0.720000,0, 0, 0, 0, 0, 0, 0, 0, 0, 0, 0
6926,-0.600000, -0.250000, 0.760000,0, 0, 0, 0, 0, 0, 0, 0, 0, 0, 0
6928,-0.640000, -0.208333, 0.800000,0, 0, 0, 0, 0, 0, 0, 0, 0, 0, 0
6939,-0.640000, -0.166667, 0.800000,0, 0, 0, 0, 0, 0, 0, 0, 0, 0, 0
6947,-0.600000, -0.083333, 0.840000,0, 0, 0, 0, 0, 0, 0, 0, 0, 0, 0
6957,-0.600000, -0.041667, 0.880000,0, 0, 0, 0, 0, 0, 0, 0, 0, 0, 0
6969,-0.640000, 0.000000, 0.960000,0, 0, 0, 0, 0, 0, 0, 0, 0, 0, 0
6979,-0.600000, 0.041667, 0.960000,0, 0, 0, 0, 0, 0, 0, 0, 0, 0, 0
6986,-0.560000, 0.083333, 0.960000,0, 0, 0, 0, 0, 0, 0, 0, 0, 0, 0
7002,-0.520000, 0.125000, 0.960000,0, 0, 0, 0, 0, 0, 0, 0, 0, 0, 0
7010,-0.440000, 0.166667, 0.920000,0, 0, 0, 0, 0, 0, 0, 0, 0, 0, 0
7021,-0.440000, 0.208333, 0.960000,0, 0, 0, 0, 0, 0, 0, 0, 0, 0, 0
7027,-0.400000, 0.250000, 0.960000,0, 0, 0, 0, 0, 0, 0, 0, 0, 0, 0
7041,-0.360000, 0.250000, 0.960000,0, 0, 0, 0, 0, 0, 0, 0, 0, 0, 0
7051,-0.320000, 0.250000, 0.920000,0, 0, 0, 0, 0, 0, 0, 0, 0, 0, 0
7068,-0.320000, 0.250000, 0.920000,0, 0, 0, 0, 0, 0, 0, 0, 0, 0, 0
7082,-0.280000, 0.291667, 0.960000,0, 0, 0, 0, 0, 0, 0, 0, 0, 0, 0
7090,-0.280000, 0.291667, 0.960000,0, 0, 0, 0, 0, 0, 0, 0, 0, 0, 0
7098,-0.240000, 0.291667, 0.960000,0, 0, 0, 0, 0, 0, 0, 0, 0, 0, 0
7111,-0.240000, 0.250000, 0.960000,0, 0, 0, 0, 0, 0, 0, 0, 0, 0, 0
7121,-0.240000, 0.250000, 1.000000,0, 0, 0, 0, 0, 0, 0, 0, 0, 0, 0
7129,-0.240000, 0.208333, 1.000000,0, 0, 0, 0, 0, 0, 0, 0, 0, 0, 0
7143,-0.240000, 0.208333, 1.000000,0, 0, 0, 0, 0, 0, 0, 0, 0, 0, 0
7150,-0.200000, 0.166667, 1.000000,0, 0, 0, 0, 0, 0, 0, 0, 0, 0, 0
7160,-0.200000, 0.125000, 1.000000,0, 0, 0, 0, 0, 0, 0, 0, 0, 0, 0
7172,-0.200000, 0.083333, 1.000000,0, 0, 0, 0, 0, 0, 0, 0, 0, 0, 0
7182,-0.200000, 0.083333, 1.000000,0, 0, 0, 0, 0, 0, 0, 0, 0, 0, 0
7189,-0.200000, 0.041667, 1.000000,0, 0, 0, 0, 0, 0, 0, 0, 0, 0, 0
7203,-0.200000, 0.000000, 1.040000,0, 0, 0, 0, 0, 0, 0, 0, 0, 0, 0
7213,-0.200000, -0.041667, 1.000000,0, 0, 0, 0, 0, 0, 0, 0, 0, 0, 0
7221,-0.160000, -0.083333, 1.000000,0, 0, 0, 0, 0, 0, 0, 0, 0, 0, 0
7234,-0.160000, -0.125000, 1.000000,0, 0, 0, 0, 0, 0, 0, 0, 0, 0, 0
7240,-0.160000, -0.166667, 1.000000,0, 0, 0, 0, 0, 0, 0, 0, 0, 0, 0
7256,-0.160000, -0.208333, 0.960000,0, 0, 0, 0, 0, 0, 0, 0, 0, 0, 0
7264,-0.160000, -0.250000, 0.960000,0, 0, 0, 0, 0, 0, 0, 0, 0, 0, 0
7273,-0.160000, -0.291667, 0.920000,0, 0, 0, 0, 0, 0, 0, 0, 0, 0, 0
7281,-0.120000, -0.291667, 0.880000,0, 0, 0, 0, 0, 0, 0, 0, 0, 0, 0
7293,-0.120000, -0.333333, 0.880000,0, 0, 0, 0, 0, 0, 0, 0, 0, 0, 0
7303,-0.120000, -0.333333, 0.880000,0, 0, 0, 0, 0, 0, 0, 0, 0, 0, 0
7314,-0.120000, -0.375000, 0.840000,0, 0, 0, 0, 0, 0, 0, 0, 0, 0, 0
7324,-0.120000, -0.375000, 0.840000,0, 0, 0, 0, 0, 0, 0, 0, 0, 0, 0
7336,-0.160000, -0.375000, 0.840000,0, 0, 0, 0, 0, 0, 0, 0, 0, 0, 0
7344,-0.160000, -0.375000, 0.880000,0, 0, 0, 0, 0, 0, 0, 0, 0, 0, 0
7357,-0.120000, -0.333333, 0.880000,0, 0, 0, 0, 0, 0, 0, 0, 0, 0, 0
7365,-0.160000, -0.333333, 0.880000,0, 0, 0, 0, 0, 0, 0, 0, 0, 0, 0
7375,-0.120000, -0.291667, 0.880000,0, 0, 0, 0, 0, 0, 0, 0, 0, 0, 0
7385,-0.160000, -0.291667, 0.920000,0, 0, 0, 0, 0, 0, 0, 0, 0, 0, 0
7396,-0.160000, -0.250000, 0.920000,0, 0, 0, 0, 0, 0, 0, 0, 0, 0, 0
7406,-0.160000, -0.208333, 0.960000,0, 0, 0, 0, 0, 0, 0, 0, 0, 0, 0
7416,-0.160000, -0.208333, 0.960000,0, 0, 0, 0, 0, 0, 0, 0, 0, 0, 0
7428,-0.160000, -0.166667, 1.000000,0, 0, 0, 0, 0, 0, 0, 0, 0, 0, 0
7438,-0.160000, -0.125000, 1.040000,0, 0, 0, 0, 0, 0, 0, 0, 0, 0, 0
7449,-0.160000, -0.083333, 1.000000,0, 0, 0, 0, 0, 0, 0, 0, 0, 0, 0
7455,-0.160000, -0.041667, 1.000000,0, 0, 0, 0, 0, 0, 0, 0, 0, 0, 0
7467,-0.200000, -0.041667, 1.000000,0, 0, 0, 0, 0, 0, 0, 0, 0, 0, 0
7475,-0.200000, 0.000000, 1.000000,0, 0, 0, 0, 0, 0, 0, 0, 0, 0, 0
7488,-0.200000, 0.000000, 1.000000,0, 0, 0, 0, 0, 0, 0, 0, 0, 0, 0
7496,-0.200000, 0.041667, 1.000000,0, 0, 0, 0, 0, 0, 0, 0, 0, 0, 0
7510,-0.200000, 0.041667, 1.000000,0, 0, 0, 0, 0, 0, 0, 0, 0, 0, 0
7520,-0.200000, 0.041667, 1.000000,0, 0, 0, 0, 0, 0, 0, 0, 0, 0, 0
7527,-0.200000, 0.083333, 1.000000,0, 0, 0, 0, 0, 0, 0, 0, 0, 0, 0
7537,-0.240000, 0.083333, 1.000000,0, 0, 0, 0, 0, 0, 0, 0, 0, 0, 0
7547,-0.240000, 0.083333, 1.000000,0, 0, 0, 0, 0, 0, 0, 0, 0, 0, 0
7559,-0.240000, 0.083333, 1.000000,0, 0, 0, 0, 0, 0, 0, 0, 0, 0, 0
7568,-0.240000, 0.083333, 1.000000,0, 0, 0, 0, 0, 0, 0, 0, 0, 0, 0
7576,-0.240000, 0.083333, 1.000000,0, 0, 0, 0, 0, 0, 0, 0, 0, 0, 0
7592,-0.280000, 0.083333, 1.000000,0, 0, 0, 0, 0, 0, 0, 0, 0, 0, 0
7598,-0.280000, 0.083333, 1.000000,0, 0, 0, 0, 0, 0, 0, 0, 0, 0, 0
7613,-0.280000, 0.083333, 1.000000,0, 0, 0, 0, 0, 0, 0, 0, 0, 0, 0
7621,-0.280000, 0.083333, 1.000000,0, 0, 0, 0, 0, 0, 0, 0, 0, 0, 0
7629,-0.280000, 0.083333, 0.960000,0, 0, 0, 0, 0, 0, 0, 0, 0, 0, 0
7639,-0.280000, 0.041667, 0.960000,0, 0, 0, 0, 0, 0, 0, 0, 0, 0, 0
7652,-0.320000, 0.041667, 0.960000,0, 0, 0, 0, 0, 0, 0, 0, 0, 0, 0
7662,-0.320000, 0.000000, 0.960000,0, 0, 0, 0, 0, 0, 0, 0, 0, 0, 0
7670,-0.320000, 0.000000, 0.960000,0, 0, 0, 0, 0, 0, 0, 0, 0, 0, 0
7682,-0.360000, 0.000000, 0.960000,0, 0, 0, 0, 0, 0, 0, 0, 0, 0, 0
7691,-0.360000, -0.041667, 0.960000,0, 0, 0, 0, 0, 0, 0, 0, 0, 0, 0
7699,-0.360000, -0.083333, 0.920000,0, 0, 0, 0, 0, 0, 0, 0, 0, 0, 0
7711,-0.400000, -0.083333, 0.920000,0, 0, 0, 0, 0, 0, 0, 0, 0, 0, 0
7721,-0.400000, -0.083333, 0.920000,0, 0, 0, 0, 0, 0, 0, 0, 0, 0, 0
7734,-0.400000, -0.125000, 0.920000,0, 0, 0, 0, 0, 0, 0, 0, 0, 0, 0
7742,-0.440000, -0.125000, 0.880000,0, 0, 0, 0, 0, 0, 0, 0, 0, 0, 0
7750,-0.440000, -0.166667, 0.880000,0, 0, 0, 0, 0, 0, 0, 0, 0, 0, 0
7766,-0.440000, -0.166667, 0.880000,0, 0, 0, 0, 0, 0, 0, 0, 0, 0, 0
7773,-0.480000, -0.166667, 0.880000,0, 0, 0, 0, 0, 0, 0, 0, 0, 0, 0
7783,-0.480000, -0.166667, 0.840000,0, 0, 0, 0, 0, 0, 0, 0, 0, 0, 0
7791,-0.480000, -0.166667, 0.840000,0, 0, 0, 0, 0, 0, 0, 0, 0, 0, 0
7805,-0.480000, -0.166667, 0.840000,0, 0, 0, 0, 0, 0, 0, 0, 0, 0, 0
7814,-0.520000, -0.166667, 0.840000,0, 0, 0, 0, 0, 0, 0, 0, 0, 0, 0
7822,-0.520000, -0.166667, 0.840000,0, 0, 0, 0, 0, 0, 0, 0, 0, 0, 0
7830,-0.520000, -0.166667, 0.840000,0, 0, 0, 0, 0, 0, 0, 0, 0, 0, 0
7846,-0.520000, -0.166667, 0.840000,0, 0, 0, 0, 0, 0, 0, 0, 0, 0, 0
7857,-0.520000, -0.166667, 0.840000,0, 0, 0, 0, 0, 0, 0, 0, 0, 0, 0
7863,-0.520000, -0.166667, 0.840000,0, 0, 0, 0, 0, 0, 0, 0, 0, 0, 0
7873,-0.560000, -0.125000, 0.840000,0, 0, 0, 0, 0, 0, 0, 0, 0, 0, 0
7885,-0.520000, -0.125000, 0.840000,0, 0, 0, 0, 0, 0, 0, 0, 0, 0, 0
7893,-0.560000, -0.125000, 0.840000,0, 0, 0, 0, 0, 0, 0, 0, 0, 0, 0
7904,-0.520000, -0.083333, 0.840000,0, 0, 0, 0, 0, 0, 0, 0, 0, 0, 0
7912,-0.560000, -0.083333, 0.880000,0, 0, 0, 0, 0, 0, 0, 0, 0, 0, 0
7922,-0.520000, -0.083333, 0.880000,0, 0, 0, 0, 0, 0, 0, 0, 0, 0, 0
7936,-0.520000, -0.083333, 0.880000,0, 0, 0, 0, 0, 0, 0, 0, 0, 0, 0
7945,-0.520000, -0.041667, 0.880000,0, 0, 0, 0, 0, 0, 0, 0, 0, 0, 0
7953,-0.520000, -0.041667, 0.880000,0, 0, 0, 0, 0, 0, 0, 0, 0, 0, 0
7967,-0.520000, -0.041667, 0.880000,0, 0, 0, 0, 0, 0, 0, 0, 0, 0, 0
7975,-0.520000, 0.000000, 0.880000,0, 0, 0, 0, 0, 0, 0, 0, 0, 0, 0
7984,-0.480000, 0.000000, 0.880000,0, 0, 0, 0, 0, 0, 0, 0, 0, 0, 0
7996,-0.480000, 0.000000, 0.920000,0, 0, 0, 0, 0, 0, 0, 0, 0, 0, 0
8006,-0.480000, 0.000000, 0.920000,0, 0, 0, 0, 0, 0, 0, 0, 0, 0, 0
8014,-0.480000, 0.000000, 0.920000,0, 0, 0, 0, 0, 0, 0, 0, 0, 0, 0
8027,-0.440000, 0.000000, 0.920000,0, 0, 0, 0, 0, 0, 0, 0, 0, 0, 0
8037,-0.440000, 0.000000, 0.920000,0, 0, 0, 0, 0, 0, 0, 0, 0, 0, 0
8045,-0.440000, 0.000000, 0.920000,0, 0, 0, 0, 0, 0, 0, 0, 0, 0, 0
8055,-0.440000, 0.000000, 0.920000,0, 0, 0, 0, 0, 0, 0, 0, 0, 0, 0
8064,-0.440000, 0.000000, 0.920000,0, 0, 0, 0, 0, 0, 0, 0, 0, 0, 0
8076,-0.440000, 0.000000, 0.920000,0, 0, 0, 0, 0, 0, 0, 0, 0, 0, 0
8086,-0.400000, -0.041667, 0.920000,0, 0, 0, 0, 0, 0, 0, 0, 0, 0, 0
8096,-0.400000, -0.041667, 0.920000,0, 0, 0, 0, 0, 0, 0, 0, 0, 0, 0
8109,-0.400000, -0.041667, 0.920000,0, 0, 0, 0, 0, 0, 0, 0, 0, 0, 0
8115,-0.400000, -0.083333, 0.920000,0, 0, 0, 0, 0, 0, 0, 0, 0, 0, 0
8129,-0.400000, -0.083333, 0.920000,0, 0, 0, 0, 0, 0, 0, 0, 0, 0, 0
8139,-0.400000, -0.083333, 0.920000,0, 0, 0, 0, 0, 0, 0, 0, 0, 0, 0
8148,-0.400000, -0.083333, 0.880000,0, 0, 0, 0, 0, 0, 0, 0, 0, 0, 0
8156,-0.440000, -0.083333, 0.880000,0, 0, 0, 0, 0, 0, 0, 0, 0, 0, 0
8170,-0.440000, -0.083333, 0.920000,0, 0, 0, 0, 0, 0, 0, 0, 0, 0, 0
8178,-0.440000, -0.125000, 0.880000,0, 0, 0, 0, 0, 0, 0, 0, 0, 0, 0
8188,-0.400000, -0.125000, 0.880000,0, 0, 0, 0, 0, 0, 0, 0, 0, 0, 0
8199,-0.440000, -0.125000, 0.880000,0, 0, 0, 0, 0, 0, 0, 0, 0, 0, 0
8207,-0.440000, -0.125000, 0.880000,0, 0, 0, 0, 0, 0, 0, 0, 0, 0, 0
8223,-0.440000, -0.125000, 0.880000,0, 0, 0, 0, 0, 0, 0, 0, 0, 0, 0
8230,-0.440000, -0.125000, 0.880000,0, 0, 0, 0, 0, 0, 0, 0, 0, 0, 0
8240,-0.440000, -0.083333, 0.880000,0, 0, 0, 0, 0, 0, 0, 0, 0, 0, 0
8250,-0.440000, -0.125000, 0.880000,0, 0, 0, 0, 0, 0, 0, 0, 0, 0, 0
8260,-0.440000, -0.083333, 0.880000,0, 0, 0, 0, 0, 0, 0, 0, 0, 0, 0
8270,-0.440000, -0.083333, 0.880000,0, 0, 0, 0, 0, 0, 0, 0, 0, 0, 0
8279,-0.440000, -0.083333, 0.880000,0, 0, 0, 0, 0, 0, 0, 0, 0, 0, 0
8291,-0.440000, -0.083333, 0.880000,0, 0, 0, 0, 0, 0, 0, 0, 0, 0, 0
8301,-0.440000, -0.083333, 0.880000,0, 0, 0, 0, 0, 0, 0, 0, 0, 0, 0
8313,-0.440000, -0.083333, 0.920000,0, 0, 0, 0, 0, 0, 0, 0, 0, 0, 0
8322,-0.440000, -0.041667, 0.920000,0, 0, 0, 0, 0, 0, 0, 0, 0, 0, 0
8330,-0.440000, -0.041667, 0.880000,0, 0, 0, 0, 0, 0, 0, 0, 0, 0, 0
8344,-0.440000, -0.041667, 0.920000,0, 0, 0, 0, 0, 0, 0, 0, 0, 0, 0
8354,-0.480000, -0.041667, 0.920000,0, 0, 0, 0, 0, 0, 0, 0, 0, 0, 0
8361,-0.480000, -0.041667, 0.920000,0, 0, 0, 0, 0, 0, 0, 0, 0, 0, 0
8375,-0.480000, -0.041667, 0.920000,0, 0, 0, 0, 0, 0, 0, 0, 0, 0, 0
8385,-0.480000, -0.041667, 0.920000,0, 0, 0, 0, 0, 0, 0, 0, 0, 0, 0
8393,-0.480000, -0.041667, 0.920000,0, 0, 0, 0, 0, 0, 0, 0, 0, 0, 0
8400,-0.480000, -0.041667, 0.880000,0, 0, 0, 0, 0, 0, 0, 0, 0, 0, 0
8416,-0.480000, -0.041667, 0.880000,0, 0, 0, 0, 0, 0, 0, 0, 0, 0, 0
8424,-0.480000, -0.041667, 0.880000,0, 0, 0, 0, 0, 0, 0, 0, 0, 0, 0
8432,-0.480000, -0.041667, 0.880000,0, 0, 0, 0, 0, 0, 0, 0, 0, 0, 0
8447,-0.480000, -0.041667, 0.880000,0, 0, 0, 0, 0, 0, 0, 0, 0, 0, 0
8453,-0.480000, -0.083333, 0.920000,0, 0, 0, 0, 0, 0, 0, 0, 0, 0, 0
8465,-0.480000, -0.083333, 0.880000,0, 0, 0, 0, 0, 0, 0, 0, 0, 0, 0
8475,-0.440000, -0.083333, 0.880000,0, 0, 0, 0, 0, 0, 0, 0, 0, 0, 0
8484,-0.480000, -0.083333, 0.880000,0, 0, 0, 0, 0, 0, 0, 0, 0, 0, 0
8496,-0.480000, -0.083333, 0.880000,0, 0, 0, 0, 0, 0, 0, 0, 0, 0, 0
8504,-0.480000, -0.083333, 0.880000,0, 0, 0, 0, 0, 0, 0, 0, 0, 0, 0
8516,-0.480000, -0.083333, 0.880000,0, 0, 0, 0, 0, 0, 0, 0, 0, 0, 0
8523,-0.440000, -0.083333, 0.880000,0, 0, 0, 0, 0, 0, 0, 0, 0, 0, 0
8537,-0.480000, -0.083333, 0.880000,0, 0, 0, 0, 0, 0, 0, 0, 0, 0, 0
8547,-0.440000, -0.083333, 0.880000,0, 0, 0, 0, 0, 0, 0, 0, 0, 0, 0
8555,-0.440000, -0.083333, 0.880000,0, 0, 0, 0, 0, 0, 0, 0, 0, 0, 0
8568,-0.440000, -0.083333, 0.880000,0, 0, 0, 0, 0, 0, 0, 0, 0, 0, 0
8576,-0.440000, -0.083333, 0.880000,0, 0, 0, 0, 0, 0, 0, 0, 0, 0, 0
8586,-0.440000, -0.083333, 0.920000,0, 0, 0, 0, 0, 0, 0, 0, 0, 0, 0
8596,-0.440000, -0.083333, 0.880000,0, 0, 0, 0, 0, 0, 0, 0, 0, 0, 0
8605,-0.440000, -0.083333, 0.880000,0, 0, 0, 0, 0, 0, 0, 0, 0, 0, 0
8617,-0.440000, -0.083333, 0.880000,0, 0, 0, 0, 0, 0, 0, 0, 0, 0, 0
8625,-0.440000, -0.083333, 0.920000,0, 0, 0, 0, 0, 0, 0, 0, 0, 0, 0
8639,-0.440000, -0.083333, 0.920000,0, 0, 0, 0, 0, 0, 0, 0, 0, 0, 0
8654,-0.440000, -0.083333, 0.920000,0, 0, 0, 0, 0, 0, 0, 0, 0, 0, 0
8656,-0.440000, -0.083333, 0.880000,0, 0, 0, 0, 0, 0, 0, 0, 0, 0, 0
8670,-0.440000, -0.083333, 0.880000,0, 0, 0, 0, 0, 0, 0, 0, 0, 0, 0
8680,-0.440000, -0.041667, 0.920000,0, 0, 0, 0, 0, 0, 0, 0, 0, 0, 0
8688,-0.440000, -0.041667, 0.880000,0, 0, 0, 0, 0, 0, 0, 0, 0, 0, 0
8699,-0.440000, -0.083333, 0.880000,0, 0, 0, 0, 0, 0, 0, 0, 0, 0, 0
8707,-0.440000, -0.083333, 0.880000,0, 0, 0, 0, 0, 0, 0, 0, 0, 0, 0
8721,-0.480000, -0.083333, 0.880000,0, 0, 0, 0, 0, 0, 0, 0, 0, 0, 0
8729,-0.480000, -0.083333, 0.920000,0, 0, 0, 0, 0, 0, 0, 0, 0, 0, 0
8742,-0.440000, -0.083333, 0.880000,0, 0, 0, 0, 0, 0, 0, 0, 0, 0, 0
8750,-0.480000, -0.083333, 0.880000,0, 0, 0, 0, 0, 0, 0, 0, 0, 0, 0
8762,-0.480000, -0.083333, 0.880000,0, 0, 0, 0, 0, 0, 0, 0, 0, 0, 0
8771,-0.480000, -0.083333, 0.920000,0, 0, 0, 0, 0, 0, 0, 0, 0, 0, 0
8779,-0.440000, -0.083333, 0.880000,0, 0, 0, 0, 0, 0, 0, 0, 0, 0, 0
8793,-0.480000, -0.083333, 0.880000,0, 0, 0, 0, 0, 0, 0, 0, 0, 0, 0
8803,-0.480000, -0.083333, 0.880000,0, 0, 0, 0, 0, 0, 0, 0, 0, 0, 0
8811,-0.480000, -0.083333, 0.880000,0, 0, 0, 0, 0, 0, 0, 0, 0, 0, 0
8824,-0.440000, -0.083333, 0.920000,0, 0, 0, 0, 0, 0, 0, 0, 0, 0, 0
8832,-0.440000, -0.083333, 0.880000,0, 0, 0, 0, 0, 0, 0, 0, 0, 0, 0
8842,-0.480000, -0.083333, 0.880000,0, 0, 0, 0, 0, 0, 0, 0, 0, 0, 0
8855,-0.440000, -0.083333, 0.880000,0, 0, 0, 0, 0, 0, 0, 0, 0, 0, 0
8865,-0.440000, -0.083333, 0.880000,0, 0, 0, 0, 0, 0, 0, 0, 0, 0, 0
8873,-0.440000, -0.083333, 0.920000,0, 0, 0, 0, 0, 0, 0, 0, 0, 0, 0
8887,-0.440000, -0.083333, 0.880000,0, 0, 0, 0, 0, 0, 0, 0, 0, 0, 0
8895,-0.440000, -0.083333, 0.920000,0, 0, 0, 0, 0, 0, 0, 0, 0, 0, 0
8904,-0.440000, -0.083333, 0.880000,0, 0, 0, 0, 0, 0, 0, 0, 0, 0, 0
8912,-0.440000, -0.083333, 0.920000,0, 0, 0, 0, 0, 0, 0, 0, 0, 0, 0
8924,-0.440000, -0.083333, 0.880000,0, 0, 0, 0, 0, 0, 0, 0, 0, 0, 0
8932,-0.440000, -0.083333, 0.880000,0, 0, 0, 0, 0, 0, 0, 0, 0, 0, 0
8947,-0.440000, -0.083333, 0.880000,0, 0, 0, 0, 0, 0, 0, 0, 0, 0, 0
8955,-0.440000, -0.083333, 0.880000,0, 0, 0, 0, 0, 0, 0, 0, 0, 0, 0
8963,-0.440000, -0.083333, 0.920000,0, 0, 0, 0, 0, 0, 0, 0, 0, 0, 0
8975,-0.440000, -0.083333, 0.880000,0, 0, 0, 0, 0, 0, 0, 0, 0, 0, 0
8984,-0.440000, -0.083333, 0.880000,0, 0, 0, 0, 0, 0, 0, 0, 0, 0, 0
8994,-0.440000, -0.083333, 0.880000,0, 0, 0, 0, 0, 0, 0, 0, 0, 0, 0
9008,-0.440000, -0.083333, 0.880000,0, 0, 0, 0, 0, 0, 0, 0, 0, 0, 0
9016,-0.440000, -0.083333, 0.920000,0, 0, 0, 0, 0, 0, 0, 0, 0, 0, 0
9027,-0.440000, -0.083333, 0.880000,0, 0, 0, 0, 0, 0, 0, 0, 0, 0, 0
9035,-0.440000, -0.083333, 0.920000,0, 0, 0, 0, 0, 0, 0, 0, 0, 0, 0
9047,-0.440000, -0.083333, 0.880000,0, 0, 0, 0, 0, 0, 0, 0, 0, 0, 0
9057,-0.440000, -0.083333, 0.880000,0, 0, 0, 0, 0, 0, 0, 0, 0, 0, 0
9064,-0.440000, -0.083333, 0.880000,0, 0, 0, 0, 0, 0, 0, 0, 0, 0, 0
9078,-0.440000, -0.083333, 0.880000,0, 0, 0, 0, 0, 0, 0, 0, 0, 0, 0
9088,-0.440000, -0.083333, 0.880000,0, 0, 0, 0, 0, 0, 0, 0, 0, 0, 0
9100,-0.480000, -0.083333, 0.880000,0, 0, 0, 0, 0, 0, 0, 0, 0, 0, 0
9107,-0.440000, -0.083333, 0.880000,0, 0, 0, 0, 0, 0, 0, 0, 0, 0, 0
9117,-0.440000, -0.083333, 0.880000,0, 0, 0, 0, 0, 0, 0, 0, 0, 0, 0
9129,-0.440000, -0.083333, 0.880000,0, 0, 0, 0, 0, 0, 0, 0, 0, 0, 0
9139,-0.480000, -0.083333, 0.880000,0, 0, 0, 0, 0, 0, 0, 0, 0, 0, 0
9150,-0.440000, -0.083333, 0.920000,0, 0, 0, 0, 0, 0, 0, 0, 0, 0, 0
9160,-0.440000, -0.083333, 0.880000,0, 0, 0, 0, 0, 0, 0, 0, 0, 0, 0
9168,-0.440000, -0.083333, 0.880000,0, 0, 0, 0, 0, 0, 0, 0, 0, 0, 0
9182,-0.440000, -0.083333, 0.880000,0, 0, 0, 0, 0, 0, 0, 0, 0, 0, 0
9188,-0.440000, -0.083333, 0.880000,0, 0, 0, 0, 0, 0, 0, 0, 0, 0, 0
9201,-0.440000, -0.083333, 0.880000,0, 0, 0, 0, 0, 0, 0, 0, 0, 0, 0
9209,-0.440000, -0.083333, 0.880000,0, 0, 0, 0, 0, 0, 0, 0, 0, 0, 0
9223,-0.440000, -0.083333, 0.880000,0, 0, 0, 0, 0, 0, 0, 0, 0, 0, 0
9230,-0.440000, -0.083333, 0.880000,0, 0, 0, 0, 0, 0, 0, 0, 0, 0, 0
9240,-0.440000, -0.083333, 0.920000,0, 0, 0, 0, 0, 0, 0, 0, 0, 0, 0
9254,-0.440000, -0.083333, 0.880000,0, 0, 0, 0, 0, 0, 0, 0, 0, 0, 0
9264,-0.440000, -0.083333, 0.880000,0, 0, 0, 0, 0, 0, 0, 0, 0, 0, 0
9271,-0.440000, -0.083333, 0.880000,0, 0, 0, 0, 0, 0, 0, 0, 0, 0, 0
9279,-0.440000, -0.083333, 0.880000,0, 0, 0, 0, 0, 0, 0, 0, 0, 