118,-0.120000, 0.291667, 1.000000,0, 0, 0, 0, 0, 0, 0, 0, 0, 0, 0
125,-0.120000, 0.291667, 1.000000,0, 0, 0, 0, 0, 0, 0, 0, 0, 0, 0
139,-0.080000, 0.291667, 1.000000,0, 0, 0, 0, 0, 0, 0, 0, 0, 0, 0
149,-0.120000, 0.291667, 0.960000,0, 0, 0, 0, 0, 0, 0, 0, 0, 0, 0
157,-0.120000, 0.291667, 0.960000,0, 0, 0, 0, 0, 0, 0, 0, 0, 0, 0
168,-0.120000, 0.291667, 0.960000,0, 0, 0, 0, 0, 0, 0, 0, 0, 0, 0
178,-0.120000, 0.291667, 1.000000,0, 0, 0, 0, 0, 0, 0, 0, 0, 0, 0
190,-0.120000, 0.291667, 0.960000,0, 0, 0, 0, 0, 0, 0, 0, 0, 0, 0
198,-0.120000, 0.291667, 1.000000,0, 0, 0, 0, 0, 0, 0, 0, 0, 0, 0
211,-0.120000, 0.291667, 1.000000,0, 0, 0, 0, 0, 0, 0, 0, 0, 0, 0
219,-0.120000, 0.291667, 1.000000,0, 0, 0, 0, 0, 0, 0, 0, 0, 0, 0
231,-0.120000, 0.333333, 1.000000,0, 0, 0, 0, 0, 0, 0, 0, 0, 0, 0
239,-0.080000, 0.333333, 1.000000,0, 0, 0, 0, 0, 0, 0, 0, 0, 0, 0
252,-0.080000, 0.333333, 1.000000,0, 0, 0, 0, 0, 0, 0, 0, 0, 0, 0
260,-0.120000, 0.291667, 1.000000,0, 0, 0, 0, 0, 0, 0, 0, 0, 0, 0
272,-0.120000, 0.291667, 1.000000,0, 0, 0, 0, 0, 0, 0, 0, 0, 0, 0
278,-0.120000, 0.291667, 1.000000,0, 0, 0, 0, 0, 0, 0, 0, 0, 0, 0
291,-0.120000, 0.291667, 1.000000,0, 0, 0, 0, 0, 0, 0, 0, 0, 0, 0
301,-0.120000, 0.291667, 1.000000,0, 0, 0, 0, 0, 0, 0, 0, 0, 0, 0
309,-0.120000, 0.291667, 0.960000,0, 0, 0, 0, 0, 0, 0, 0, 0, 0, 0
323,-0.120000, 0.333333, 0.960000,0, 0, 0, 0, 0, 0, 0, 0, 0, 0, 0
332,-0.120000, 0.291667, 0.960000,0, 0, 0, 0, 0, 0, 0, 0, 0, 0, 0
340,-0.120000, 0.291667, 0.960000,0, 0, 0, 0, 0, 0, 0, 0, 0, 0, 0
350,-0.120000, 0.291667, 0.960000,0, 0, 0, 0, 0, 0, 0, 0, 0, 0, 0
364,-0.120000, 0.291667, 0.960000,0, 0, 0, 0, 0, 0, 0, 0, 0, 0, 0
372,-0.120000, 0.291667, 0.960000,0, 0, 0, 0, 0, 0, 0, 0, 0, 0, 0
379,-0.120000, 0.291667, 0.960000,0, 0, 0, 0, 0, 0, 0, 0, 0, 0, 0
393,-0.080000, 0.291667, 0.960000,0, 0, 0, 0, 0, 0, 0, 0, 0, 0, 0
403,-0.080000, 0.291667, 0.960000,0, 0, 0, 0, 0, 0, 0, 0, 0, 0, 0
413,-0.080000, 0.291667, 0.960000,0, 0, 0, 0, 0, 0, 0, 0, 0, 0, 0
420,-0.080000, 0.291667, 0.960000,0, 0, 0, 0, 0, 0, 0, 0, 0, 0, 0
434,-0.080000, 0.291667, 0.960000,0, 0, 0, 0, 0, 0, 0, 0, 0, 0, 0
442,-0.080000, 0.291667, 0.920000,0, 0, 0, 0, 0, 0, 0, 0, 0, 0, 0
452,-0.120000, 0.291667, 0.920000,0, 0, 0, 0, 0, 0, 0, 0, 0, 0, 0
465,-0.120000, 0.250000, 0.920000,0, 0, 0, 0, 0, 0, 0, 0, 0, 0, 0
475,-0.120000, 0.291667, 0.920000,0, 0, 0, 0, 0, 0, 0, 0, 0, 0, 0
483,-0.080000, 0.291667, 0.920000,0, 0, 0, 0, 0, 0, 0, 0, 0, 0, 0
497,-0.080000, 0.291667, 0.920000,0, 0, 0, 0, 0, 0, 0, 0, 0, 0, 0
504,-0.080000, 0.291667, 0.920000,0, 0, 0, 0, 0, 0, 0, 0, 0, 0, 0
514,-0.080000, 0.291667, 0.920000,0, 0, 0, 0, 0, 0, 0, 0, 0, 0, 0
522,-0.080000, 0.291667, 0.920000,0, 0, 0, 0, 0, 0, 0, 0, 0, 0, 0
536,-0.080000, 0.291667, 0.920000,0, 0, 0, 0, 0, 0, 0, 0, 0, 0, 0
543,-0.080000, 0.250000, 0.920000,0, 0, 0, 0, 0, 0, 0, 0, 0, 0, 0
555,-0.080000, 0.250000, 0.960000,0, 0, 0, 0, 0, 0, 0, 0, 0, 0, 0
563,-0.080000, 0.250000, 0.960000,0, 0, 0, 0, 0, 0, 0, 0, 0, 0, 0
577,-0.080000, 0.250000, 0.920000,0, 0, 0, 0, 0, 0, 0, 0, 0, 0, 0
586,-0.080000, 0.250000, 0.920000,0, 0, 0, 0, 0, 0, 0, 0, 0, 0, 0
596,-0.080000, 0.250000, 0.960000,0, 0, 0, 0, 0, 0, 0, 0, 0, 0, 0
604,-0.080000, 0.250000, 0.960000,0, 0, 0, 0, 0, 0, 0, 0, 0, 0, 0
616,-0.080000, 0.250000, 0.960000,0, 0, 0, 0, 0, 0, 0, 0, 0, 0, 0
623,-0.080000, 0.250000, 0.960000,0, 0, 0, 0, 0, 0, 0, 0, 0, 0, 0
637,-0.120000, 0.250000, 0.960000,0, 0, 0, 0, 0, 0, 0, 0, 0, 0, 0
645,-0.120000, 0.250000, 0.960000,0, 0, 0, 0, 0, 0, 0, 0, 0, 0, 0
657,-0.120000, 0.250000, 0.960000,0, 0, 0, 0, 0, 0, 0, 0, 0, 0, 0
666,-0.120000, 0.250000, 0.960000,0, 0, 0, 0, 0, 0, 0, 0, 0, 0, 0
674,-0.120000, 0.250000, 1.000000,0, 0, 0, 0, 0, 0, 0, 0, 0, 0, 0
688,-0.120000, 0.250000, 1.000000,0, 0, 0, 0, 0, 0, 0, 0, 0, 0, 0
696,-0.120000, 0.250000, 1.000000,0, 0, 0, 0, 0, 0, 0, 0, 0, 0, 0
709,-0.080000, 0.250000, 1.000000,0, 0, 0, 0, 0, 0, 0, 0, 0, 0, 0
715,-0.080000, 0.250000, 1.000000,0, 0, 0, 0, 0, 0, 0, 0, 0, 0, 0
729,-0.080000, 0.250000, 1.000000,0, 0, 0, 0, 0, 0, 0, 0, 0, 0, 0
737,-0.080000, 0.250000, 1.000000,0, 0, 0, 0, 0, 0, 0, 0, 0, 0, 0
750,-0.120000, 0.250000, 1.000000,0, 0, 0, 0, 0, 0, 0, 0, 0, 0, 0
760,-0.120000, 0.250000, 1.000000,0, 0, 0, 0, 0, 0, 0, 0, 0, 0, 0
766,-0.120000, 0.250000, 1.000000,0, 0, 0, 0, 0, 0, 0, 0, 0, 0, 0
780,-0.120000, 0.250000, 1.000000,0, 0, 0, 0, 0, 0, 0, 0, 0, 0, 0
788,-0.120000, 0.250000, 1.000000,0, 0, 0, 0, 0, 0, 0, 0, 0, 0, 0
797,-0.080000, 0.250000, 1.000000,0, 0, 0, 0, 0, 0, 0, 0, 0, 0, 0
807,-0.080000, 0.291667, 1.000000,0, 0, 0, 0, 0, 0, 0, 0, 0, 0, 0
821,-0.080000, 0.291667, 1.000000,0, 0, 0, 0, 0, 0, 0, 0, 0, 0, 0
827,-0.080000, 0.250000, 1.000000,0, 0, 0, 0, 0, 0, 0, 0, 0, 0, 0
840,-0.080000, 0.250000, 1.000000,0, 0, 0, 0, 0, 0, 0, 0, 0, 0, 0
848,-0.080000, 0.250000, 1.000000,0, 0, 0, 0, 0, 0, 0, 0, 0, 0, 0
862,-0.080000, 0.250000, 1.000000,0, 0, 0, 0, 0, 0, 0, 0, 0, 0, 0
870,-0.080000, 0.250000, 1.000000,0, 0, 0, 0, 0, 0, 0, 0, 0, 0, 0
881,-0.080000, 0.250000, 0.960000,0, 0, 0, 0, 0, 0, 0, 0, 0, 0, 0
887,-0.080000, 0.250000, 0.960000,0, 0, 0, 0, 0, 0, 0, 0, 0, 0, 0
899,-0.120000, 0.250000, 0.960000,0, 0, 0, 0, 0, 0, 0, 0, 0, 0, 0
909,-0.120000, 0.250000, 0.960000,0, 0, 0, 0, 0, 0, 0, 0, 0, 0, 0
920,-0.120000, 0.250000, 0.960000,0, 0, 0, 0, 0, 0, 0, 0, 0, 0, 0
930,-0.120000, 0.250000, 1.000000,0, 0, 0, 0, 0, 0, 0, 0, 0, 0, 0
944,-0.120000, 0.250000, 0.960000,0, 0, 0, 0, 0, 0, 0, 0, 0, 0, 0
952,-0.120000, 0.250000, 0.960000,0, 0, 0, 0, 0, 0, 0, 0, 0, 0, 0
961,-0.120000, 0.291667, 0.960000,0, 0, 0, 0, 0, 0, 0, 0, 0, 0, 0
973,-0.120000, 0.291667, 1.000000,0, 0, 0, 0, 0, 0, 0, 0, 0, 0, 0
983,-0.080000, 0.333333, 1.000000,0, 0, 0, 0, 0, 0, 0, 0, 0, 0, 0
997,-0.120000, 0.333333, 1.000000,0, 0, 0, 0, 0, 0, 0, 0, 0, 0, 0
1004,-0.080000, 0.333333, 1.000000,0, 0, 0, 0, 0, 0, 0, 0, 0, 0, 0
1010,-0.120000, 0.333333, 1.000000,0, 0, 0, 0, 0, 0, 0, 0, 0, 0, 0
1024,-0.120000, 0.333333, 1.000000,0, 0, 0, 0, 0, 0, 0, 0, 0, 0, 0
1034,-0.120000, 0.333333, 1.000000,0, 0, 0, 0, 0, 0, 0, 0, 0, 0, 0
1041,-0.120000, 0.291667, 1.000000,0, 0, 0, 0, 0, 0, 0, 0, 0, 0, 0
1053,-0.120000, 0.291667, 1.000000,0, 0, 0, 0, 0, 0, 0, 0, 0, 0, 0
1063,-0.120000, 0.291667, 1.000000,0, 0, 0, 0, 0, 0, 0, 0, 0, 0, 0
1073,-0.120000, 0.291667, 0.960000,0, 0, 0, 0, 0, 0, 0, 0, 0, 0, 0
1082,-0.120000, 0.291667, 0.960000,0, 0, 0, 0, 0, 0, 0, 0, 0, 0, 0
1094,-0.120000, 0.291667, 0.960000,0, 0, 0, 0, 0, 0, 0, 0, 0, 0, 0
1102,-0.120000, 0.291667, 1.000000,0, 0, 0, 0, 0, 0, 0, 0, 0, 0, 0
1118,-0.120000, 0.333333, 0.960000,0, 0, 0, 0, 0, 0, 0, 0, 0, 0, 0
1125,-0.120000, 0.291667, 0.960000,0, 0, 0, 0, 0, 0, 0, 0, 0, 0, 0
1135,-0.120000, 0.291667, 0.960000,0, 0, 0, 0, 0, 0, 0, 0, 0, 0, 0
1143,-0.120000, 0.250000, 1.000000,0, 0, 0, 0, 0, 0, 0, 0, 0, 0, 0
1157,-0.120000, 0.250000, 1.000000,0, 0, 0, 0, 0, 0, 0, 0, 0, 0, 0
1166,-0.120000, 0.250000, 1.000000,0, 0, 0, 0, 0, 0, 0, 0, 0, 0, 0
1174,-0.080000, 0.291667, 1.000000,0, 0, 0, 0, 0, 0, 0, 0, 0, 0, 0
1186,-0.080000, 0.291667, 0.960000,0, 0, 0, 0, 0, 0, 0, 0, 0, 0, 0
1196,-0.120000, 0.291667, 0.960000,0, 0, 0, 0, 0, 0, 0, 0, 0, 0, 0
1207,-0.120000, 0.291667, 0.960000,0, 0, 0, 0, 0, 0, 0, 0, 0, 0, 0
1217,-0.120000, 0.291667, 0.960000,0, 0, 0, 0, 0, 0, 0, 0, 0, 0, 0
1225,-0.120000, 0.250000, 0.960000,0, 0, 0, 0, 0, 0, 0, 0, 0, 0, 0
1241,-0.120000, 0.291667, 0.960000,0, 0, 0, 0, 0, 0, 0, 0, 0, 0, 0
1248,-0.120000, 0.291667, 1.000000,0, 0, 0, 0, 0, 0, 0, 0, 0, 0, 0
1256,-0.120000, 0.291667, 0.960000,0, 0, 0, 0, 0, 0, 0, 0, 0, 0, 0
1270,-0.120000, 0.291667, 0.960000,0, 0, 0, 0, 0, 0, 0, 0, 0, 0, 0
1278,-0.120000, 0.291667, 0.960000,0, 0, 0, 0, 0, 0, 0, 0, 0, 0, 0
1286,-0.120000, 0.291667, 0.960000,0, 0, 0, 0, 0, 0, 0, 0, 0, 0, 0
1301,-0.120000, 0.291667, 0.960000,0, 0, 0, 0, 0, 0, 0, 0, 0, 0, 0
1310,-0.120000, 0.291667, 0.920000,0, 0, 0, 0, 0, 0, 0, 0, 0, 0, 0
1318,-0.120000, 0.250000, 0.960000,0, 0, 0, 0, 0, 0, 0, 0, 0, 0, 0
1330,-0.120000, 0.250000, 0.960000,0, 0, 0, 0, 0, 0, 0, 0, 0, 0, 0
1339,-0.120000, 0.250000, 0.960000,0, 0, 0, 0, 0, 0, 0, 0, 0, 0, 0
1351,-0.120000, 0.291667, 0.960000,0, 0, 0, 0, 0, 0, 0, 0, 0, 0, 0
1359,-0.080000, 0.291667, 0.920000,0, 0, 0, 0, 0, 0, 0, 0, 0, 0, 0
1367,-0.120000, 0.291667, 0.960000,0, 0, 0, 0, 0, 0, 0, 0, 0, 0, 0
1378,-0.120000, 0.291667, 0.960000,0, 0, 0, 0, 0, 0, 0, 0, 0, 0, 0
1392,-0.080000, 0.291667, 0.960000,0, 0, 0, 0, 0, 0, 0, 0, 0, 0, 0
1396,-0.120000, 0.291667, 0.960000,0, 0, 0, 0, 0, 0, 0, 0, 0, 0, 0
1412,-0.080000, 0.291667, 0.960000,0, 0, 0, 0, 0, 0, 0, 0, 0, 0, 0
1417,-0.080000, 0.291667, 1.000000,0, 0, 0, 0, 0, 0, 0, 0, 0, 0, 0
1431,-0.080000, 0.291667, 1.000000,0, 0, 0, 0, 0, 0, 0, 0, 0, 0, 0
1439,-0.080000, 0.291667, 1.000000,0, 0, 0, 0, 0, 0, 0, 0, 0, 0, 0
1449,-0.080000, 0.291667, 0.960000,0, 0, 0, 0, 0, 0, 0, 0, 0, 0, 0
1462,-0.080000, 0.333333, 0.960000,0, 0, 0, 0, 0, 0, 0, 0, 0, 0, 0
1470,-0.120000, 0.333333, 0.960000,0, 0, 0, 0, 0, 0, 0, 0, 0, 0, 0
1480,-0.120000, 0.333333, 0.920000,0, 0, 0, 0, 0, 0, 0, 0, 0, 0, 0
1490,-0.120000, 0.333333, 0.920000,0, 0, 0, 0, 0, 0, 0, 0, 0, 0, 0
1501,-0.120000, 0.333333, 0.840000,0, 0, 0, 0, 0, 0, 0, 0, 0, 0, 0
1515,-0.120000, 0.375000, 0.720000,0, 0, 0, 0, 0, 0, 0, 0, 0, 0, 0
1523,-0.080000, 0.375000, 0.640000,0, 0, 0, 0, 0, 0, 0, 0, 0, 0, 0
1533,0.040000, 0.333333, 0.520000,0, 0, 0, 0, 0, 0, 0, 0, 0, 0, 0
1540,0.080000, 0.208333, 0.360000,0, 0, 0, 0, 0, 0, 0, 0, 0, 0, 0
1554,0.360000, 0.583333, -0.160000,0, 0, 0, 0, 0, 0, 0, 0, 0, 0, 0
1564,0.120000, 0.083333, -0.520000,0, 0, 0, 0, 0, 0, 0, 0, 0, 0, 0
1572,0.040000, 0.083333, 0.000000,0, 0, 0, 0, 0, 0, 0, 0, 0, 0, 0
1585,0.000000, 0.000000, -0.040000,0, 0, 0, 0, 0, 0, 0, 0, 0, 0, 0
1595,0.000000, -0.041667, 0.080000,0, 0, 0, 0, 0, 0, 0, 0, 0, 0, 0
1603,0.000000, 0.000000, 0.000000,0, 0, 0, 0, 0, 0, 0, 0, 0, 0, 0
1613,0.000000, 0.000000, 0.040000,0, 0, 0, 0, 0, 0, 0, 0, 0, 0, 0
1642,0.000000, 0.000000, 0.040000,0, 0, 0, 0, 0, 0, 0, 0, 0, 0, 0
1656,0.000000, -0.041667, 0.040000,0, 0, 0, 0, 0, 0, 0, 0, 0, 0, 0
1664,0.000000, 0.000000, 0.040000,0, 0, 0, 0, 0, 0, 0, 0, 0, 0, 0
1695,0.000000, 0.000000, 0.040000,0, 0, 0, 0, 0, 0, 0, 0, 0, 0, 0
1705,0.000000, 0.000000, 0.040000,0, 0, 0, 0, 0, 0, 0, 0, 0, 0, 0
1716,0.000000, 0.000000, 0.040000,0, 0, 0, 0, 0, 0, 0, 0, 0, 0, 0
1746,0.000000, 0.000000, 0.040000,0, 0, 0, 0, 0, 0, 0, 0, 0, 0, 0
1753,0.000000, 0.000000, 0.040000,0, 0, 0, 0, 0, 0, 0, 0, 0, 0, 0
1806,0.000000, 0.000000, 0.040000,0, 0, 0, 0, 0, 0, 0, 0, 0, 0, 0
1816,-0.040000, -0.041667, 0.160000,0, 0, 0, 0, 0, 0, 0, 0, 0, 0, 0
1824,-0.040000, -0.041667, 0.080000,0, 0, 0, 0, 0, 0, 0, 0, 0, 0, 0
1837,-0.040000, -0.041667, 0.040000,0, 0, 0, 0, 0, 0, 0, 0, 0, 0, 0
1845,-0.040000, 0.000000, 0.080000,0, 0, 0, 0, 0, 0, 0, 0, 0, 0, 0
1859,0.000000, -0.041667, 0.080000,0, 0, 0, 0, 0, 0, 0, 0, 0, 0, 0
1869,-0.040000, 0.000000, 0.080000,0, 0, 0, 0, 0, 0, 0, 0, 0, 0, 0
1876,-0.040000, -0.041667, 0.080000,0, 0, 0, 0, 0, 0, 0, 0, 0, 0, 0
1886,-0.040000, -0.041667, 0.080000,0, 0, 0, 0, 0, 0, 0, 0, 0, 0, 0
1912,-0.040000, 0.000000, 0.080000,0, 0, 0, 0, 0, 0, 0, 0, 0, 0, 0
1919,-0.040000, -0.041667, 0.080000,0, 0, 0, 0, 0, 0, 0, 0, 0, 0, 0
1929,-0.040000, -0.041667, 0.080000,0, 0, 0, 0, 0, 0, 0, 0, 0, 0, 0
1951,-0.040000, -0.041667, 0.120000,0, 0, 0, 0, 0, 0, 0, 0, 0, 0, 0
1958,-0.040000, 0.000000, 0.080000,0, 0, 0, 0, 0, 0, 0, 0, 0, 0, 0
1972,-0.040000, -0.041667, 0.120000,0, 0, 0, 0, 0, 0, 0, 0, 0, 0, 0
1982,-0.040000, 0.000000, 0.120000,0, 0, 0, 0, 0, 0, 0, 0, 0, 0, 0
1994,-0.080000, -0.041667, 0.120000,0, 0, 0, 0, 0, 0, 0, 0, 0, 0, 0
2021,-0.080000, -0.041667, 0.120000,0, 0, 0, 0, 0, 0, 0, 0, 0, 0, 0
2033,-0.080000, -0.041667, 0.120000,0, 0, 0, 0, 0, 0, 0, 0, 0, 0, 0
2040,-0.080000, -0.041667, 0.120000,0, 0, 0, 0, 0, 0, 0, 0, 0, 0, 0
2054,-0.080000, -0.041667, 0.120000,0, 0, 0, 0, 0, 0, 0, 0, 0, 0, 0
2080,-0.080000, -0.041667, 0.120000,0, 0, 0, 0, 0, 0, 0, 0, 0, 0, 0
2126,-0.120000, -0.041667, 0.120000,0, 0, 0, 0, 0, 0, 0, 0, 0, 0, 0
2146,-0.120000, -0.041667, 0.160000,0, 0, 0, 0, 0, 0, 0, 0, 0, 0, 0
2154,-0.080000, -0.041667, 0.160000,0, 0, 0, 0, 0, 0, 0, 0, 0, 0, 0
2164,-0.120000, -0.041667, 0.160000,0, 0, 0, 0, 0, 0, 0, 0, 0, 0, 0
2173,-0.120000, -0.041667, 0.160000,0, 0, 0, 0, 0, 0, 0, 0, 0, 0, 0
2189,-0.120000, -0.041667, 0.160000,0, 0, 0, 0, 0, 0, 0, 0, 0, 0, 0
2195,-0.120000, -0.041667, 0.200000,0, 0, 0, 0, 0, 0, 0, 0, 0, 0, 0
2208,-0.080000, -0.041667, 0.200000,0, 0, 0, 0, 0, 0, 0, 0, 0, 0, 0
2214,-0.120000, -0.041667, 0.200000,0, 0, 0, 0, 0, 0, 0, 0, 0, 0, 0
2247,-0.120000, -0.041667, 0.200000,0, 0, 0, 0, 0, 0, 0, 0, 0, 0, 0
2255,-0.080000, -0.041667, 0.200000,0, 0, 0, 0, 0, 0, 0, 0, 0, 0, 0
2265,-0.120000, -0.041667, 0.200000,0, 0, 0, 0, 0, 0, 0, 0, 0, 0, 0
2279,-0.080000, 0.000000, 0.200000,0, 0, 0, 0, 0, 0, 0, 0, 0, 0, 0
2318,-0.080000, 0.000000, 0.160000,0, 0, 0, 0, 0, 0, 0, 0, 0, 0, 0
2328,-0.120000, 0.000000, 0.160000,0, 0, 0, 0, 0, 0, 0, 0, 0, 0, 0
2335,-0.120000, 0.000000, 0.160000,0, 0, 0, 0, 0, 0, 0, 0, 0, 0, 0
2347,-0.080000, 0.000000, 0.160000,0, 0, 0, 0, 0, 0, 0, 0, 0, 0, 0
2355,-0.080000, 0.000000, 0.160000,0, 0, 0, 0, 0, 0, 0, 0, 0, 0, 0
2394,-0.080000, 0.000000, 0.200000,0, 0, 0, 0, 0, 0, 0, 0, 0, 0, 0
2398,-0.080000, 0.000000, 0.160000,0, 0, 0, 0, 0, 0, 0, 0, 0, 0, 0
2417,-0.080000, 0.000000, 0.160000,0, 0, 0, 0, 0, 0, 0, 0, 0, 0, 0
2429,-0.080000, 0.000000, 0.160000,0, 0, 0, 0, 0, 0, 0, 0, 0, 0, 0
2458,-0.080000, 0.000000, 0.160000,0, 0, 0, 0, 0, 0, 0, 0, 0, 0, 0
2466,-0.080000, 0.000000, 0.200000,0, 0, 0, 0, 0, 0, 0, 0, 0, 0, 0
2488,-0.080000, 0.000000, 0.200000,0, 0, 0, 0, 0, 0, 0, 0, 0, 0, 0
2501,-0.080000, 0.000000, 0.200000,0, 0, 0, 0, 0, 0, 0, 0, 0, 0, 0
2511,-0.080000, 0.000000, 0.200000,0, 0, 0, 0, 0, 0, 0, 0, 0, 0, 0
2517,-0.080000, 0.000000, 0.200000,0, 0, 0, 0, 0, 0, 0, 0, 0, 0, 0
2533,-0.120000, 0.000000, 0.200000,0, 0, 0, 0, 0, 0, 0, 0, 0, 0, 0
2540,-0.120000, 0.000000, 0.200000,0, 0, 0, 0, 0, 0, 0, 0, 0, 0, 0
2552,-0.120000, 0.000000, 0.200000,0, 0, 0, 0, 0, 0, 0, 0, 0, 0, 0
2560,-0.120000, 0.000000, 0.200000,0, 0, 0, 0, 0, 0, 0, 0, 0, 0, 0
2574,-0.120000, 0.000000, 0.200000,0, 0, 0, 0, 0, 0, 0, 0, 0, 0, 0
2581,-0.120000, 0.000000, 0.200000,0, 0, 0, 0, 0, 0, 0, 0, 0, 0, 0
2601,-0.160000, 0.000000, 0.240000,0, 0, 0, 0, 0, 0, 0, 0, 0, 0, 0
2622,-0.160000, 0.041667, 0.240000,0, 0, 0, 0, 0, 0, 0, 0, 0, 0, 0
2644,-0.160000, 0.000000, 0.240000,0, 0, 0, 0, 0, 0, 0, 0, 0, 0, 0
2652,-0.160000, 0.041667, 0.280000,0, 0, 0, 0, 0, 0, 0, 0, 0, 0, 0
2662,-0.160000, 0.041667, 0.240000,0, 0, 0, 0, 0, 0, 0, 0, 0, 0, 0
2675,-0.160000, 0.041667, 0.280000,0, 0, 0, 0, 0, 0, 0, 0, 0, 0, 0
2683,-0.160000, 0.000000, 0.280000,0, 0, 0, 0, 0, 0, 0, 0, 0, 0, 0
2691,-0.160000, 0.041667, 0.280000,0, 0, 0, 0, 0, 0, 0, 0, 0, 0, 0
2705,-0.160000, 0.000000, 0.280000,0, 0, 0, 0, 0, 0, 0, 0, 0, 0, 0
2714,-0.160000, 0.041667, 0.280000,0, 0, 0, 0, 0, 0, 0, 0, 0, 0, 0
2726,-0.160000, 0.041667, 0.280000,0, 0, 0, 0, 0, 0, 0, 0, 0, 0, 0
2734,-0.160000, 0.041667, 0.320000,0, 0, 0, 0, 0, 0, 0, 0, 0, 0, 0
2744,-0.160000, 0.041667, 0.320000,0, 0, 0, 0, 0, 0, 0, 0, 0, 0, 0
2757,-0.160000, 0.041667, 0.320000,0, 0, 0, 0, 0, 0, 0, 0, 0, 0, 0
2765,-0.120000, 0.041667, 0.360000,0, 0, 0, 0, 0, 0, 0, 0, 0, 0, 0
2773,-0.120000, 0.041667, 0.320000,0, 0, 0, 0, 0, 0, 0, 0, 0, 0, 0
2787,-0.160000, 0.041667, 0.360000,0, 0, 0, 0, 0, 0, 0, 0, 0, 0, 0
2794,-0.160000, 0.041667, 0.320000,0, 0, 0, 0, 0, 0, 0, 0, 0, 0, 0
2806,-0.160000, 0.000000, 0.320000,0, 0, 0, 0, 0, 0, 0, 0, 0, 0, 0
2814,-0.200000, 0.000000, 0.320000,0, 0, 0, 0, 0, 0, 0, 0, 0, 0, 0
2824,-0.200000, 0.000000, 0.360000,0, 0, 0, 0, 0, 0, 0, 0, 0, 0, 0
2837,-0.200000, 0.000000, 0.400000,0, 0, 0, 0, 0, 0, 0, 0, 0, 0, 0
2845,-0.160000, 0.000000, 0.480000,0, 0, 0, 0, 0, 0, 0, 0, 0, 0, 0
2855,-0.160000, 0.000000, 0.440000,0, 0, 0, 0, 0, 0, 0, 0, 0, 0, 0
2869,-0.200000, -0.041667, 0.440000,0, 0, 0, 0, 0, 0, 0, 0, 0, 0, 0
2876,-0.200000, 0.000000, 0.440000,0, 0, 0, 0, 0, 0, 0, 0, 0, 0, 0
2886,-0.200000, -0.041667, 0.440000,0, 0, 0, 0, 0, 0, 0, 0, 0, 0, 0
2898,-0.200000, -0.041667, 0.480000,0, 0, 0, 0, 0, 0, 0, 0, 0, 0, 0
2908,-0.200000, -0.041667, 0.480000,0, 0, 0, 0, 0, 0, 0, 0, 0, 0, 0
2915,-0.200000, -0.041667, 0.440000,0, 0, 0, 0, 0, 0, 0, 0, 0, 0, 0
2929,-0.240000, -0.041667, 0.440000,0, 0, 0, 0, 0, 0, 0, 0, 0, 0, 0
2937,-1.600000, 1.333333, 1.800000,1, 1, 0, 0, 0, 0, 0, 1, 0, 1, 0
2947,-2.840000, 2.000000, 2.560000,0, 0, 0, 0, 0, 0, 0, 0, 0, 0, 0
2960,-0.160000, 3.500000, 1.480000,0, 0, 0, 0, 0, 0, 0, 0, 0, 0, 0
2968,0.280000, 2.375000, -0.520000,0, 0, 0, 0, 0, 0, 0, 0, 0, 0, 0
2976,0.920000, 1.875000, 0.400000,0, 0, 0, 0, 0, 0, 0, 0, 0, 0, 0
2988,-0.480000, 1.250000, 0.040000,0, 0, 0, 0, 0, 0, 0, 0, 0, 0, 0
2997,-0.280000, 1.666667, 0.720000,0, 0, 0, 0, 0, 0, 0, 0, 0, 0, 0
3011,-0.320000, 1.625000, 0.560000,0, 0, 0, 0, 0, 0, 0, 0, 0, 0, 0
3019,-0.480000, 1.625000, 0.800000,0, 0, 0, 0, 0, 0, 0, 0, 0, 0, 0
3029,-0.480000, 1.625000, 0.800000,0, 0, 0, 0, 0, 0, 0, 0, 0, 0, 0
3039,-0.800000, 1.666667, 0.480000,0, 0, 0, 0, 0, 0, 0, 0, 0, 0, 0
3052,-0.800000, 1.750000, 0.520000,0, 0, 0, 0, 0, 0, 0, 0, 0, 0, 0
3060,-0.840000, 1.791667, 0.400000,0, 0, 0, 0, 0, 0, 0, 0, 0, 0, 0
3070,-0.880000, 1.833333, 0.400000,0, 0, 0, 0, 0, 0, 0, 0, 0, 0, 0
3081,-1.000000, 1.875000, 0.320000,0, 0, 0, 0, 0, 0, 0, 0, 0, 0, 0
3091,-1.080000, 1.916667, 0.280000,0, 0, 0, 0, 0, 0, 0, 0, 0, 0, 0
3099,-1.120000, 1.916667, 0.320000,0, 0, 0, 0, 0, 0, 0, 0, 0, 0, 0
3113,-1.080000, 2.000000, 0.400000,0, 0, 0, 0, 0, 0, 0, 0, 0, 0, 0
3121,-0.960000, 2.041667, 0.320000,0, 0, 0, 0, 0, 0, 0, 0, 0, 0, 0
3132,-0.960000, 2.041667, 0.080000,0, 0, 0, 0, 0, 0, 0, 0, 0, 0, 0
3142,-1.120000, 2.000000, 0.000000,0, 0, 0, 0, 0, 0, 0, 0, 0, 0, 0
3150,-1.040000, 2.041667, 0.120000,0, 0, 0, 0, 0, 0, 0, 0, 0, 0, 0
3164,-1.000000, 2.083333, 0.040000,0, 0, 0, 0, 0, 0, 0, 0, 0, 0, 0
3171,-1.080000, 2.083333, -0.040000,0, 0, 0, 0, 0, 0, 0, 0, 0, 0, 0
3185,-1.040000, 2.125000, -0.120000,0, 0, 0, 0, 0, 0, 0, 0, 0, 0, 0
3195,-1.080000, 2.125000, -0.160000,0, 0, 0, 0, 0, 0, 0, 0, 0, 0, 0
3201,-1.040000, 2.166667, -0.200000,0, 0, 0, 0, 0, 0, 0, 0, 0, 0, 0
3214,-1.040000, 2.208333, -0.240000,0, 0, 0, 0, 0, 0, 0, 0, 0, 0, 0
3222,-1.040000, 2.250000, -0.280000,0, 0, 0, 0, 0, 0, 0, 0, 0, 0, 0
3230,-1.000000, 2.291667, -0.320000,0, 0, 0, 0, 0, 0, 0, 0, 0, 0, 0
3244,-1.000000, 2.333333, -0.360000,0, 0, 0, 0, 0, 0, 0, 0, 0, 0, 0
3251,-1.000000, 2.333333, -0.400000,0, 0, 0, 0, 0, 0, 0, 0, 0, 0, 0
3265,-0.920000, 2.375000, -0.440000,0, 0, 0, 0, 0, 0, 0, 0, 0, 0, 0
3273,-0.920000, 2.416667, -0.440000,0, 0, 0, 0, 0, 0, 0, 0, 0, 0, 0
3283,-0.880000, 2.416667, -0.480000,0, 0, 0, 0, 0, 0, 0, 0, 0, 0, 0
3294,-0.840000, 2.458333, -0.520000,0, 0, 0, 0, 0, 0, 0, 0, 0, 0, 0
3302,-0.840000, 2.500000, -0.520000,0, 0, 0, 0, 0, 0, 0, 0, 0, 0, 0
3314,-0.800000, 2.500000, -0.520000,0, 0, 0, 0, 0, 0, 0, 0, 0, 0, 0
3324,-0.760000, 2.583333, -0.520000,0, 0, 0, 0, 0, 0, 0, 0, 0, 0, 0
3335,-0.720000, 2.583333, -0.520000,0, 0, 0, 0, 0, 0, 0, 0, 0, 0, 0
3345,-0.720000, 2.625000, -0.520000,0, 0, 0, 0, 0, 0, 0, 0, 0, 0, 0
3353,-0.680000, 2.625000, -0.520000,0, 0, 0, 0, 0, 0, 0, 0, 0, 0, 0
3367,-0.680000, 2.666667, -0.520000,0, 0, 0, 0, 0, 0, 0, 0, 0, 0, 0
3376,-0.640000, 2.666667, -0.480000,0, 0, 0, 0, 0, 0, 0, 0, 0, 0, 0
3388,-0.600000, 2.708333, -0.480000,0, 0, 0, 0, 0, 0, 0, 0, 0, 0, 0
3396,-0.600000, 2.708333, -0.440000,0, 0, 0, 0, 0, 0, 0, 0, 0, 0, 0
3406,-0.600000, 2.708333, -0.400000,0, 0, 0, 0, 0, 0, 0, 0, 0, 0, 0
3417,-0.600000, 2.708333, -0.400000,0, 0, 0, 0, 0, 0, 0, 0, 0, 0, 0
3427,-0.600000, 2.750000, -0.360000,0, 0, 0, 0, 0, 0, 0, 0, 0, 0, 0
3435,-0.600000, 2.708333, -0.320000,0, 0, 0, 0, 0, 0, 0, 0, 0, 0, 0
3447,-0.600000, 2.708333, -0.320000,0, 0, 0, 0, 0, 0, 0, 0, 0, 0, 0
3456,-0.600000, 2.708333, -0.320000,0, 0, 0, 0, 0, 0, 0, 0, 0, 0, 0
3470,-0.640000, 2.666667, -0.280000,0, 0, 0, 0, 0, 0, 0, 0, 0, 0, 0
3478,-0.640000, 2.666667, -0.280000,0, 0, 0, 0, 0, 0, 0, 0, 0, 0, 0
3486,-0.680000, 2.666667, -0.280000,0, 0, 0, 0, 0, 0, 0, 0, 0, 0, 0
3499,-0.680000, 2.625000, -0.280000,0, 0, 0, 0, 0, 0, 0, 0, 0, 0, 0
3507,-0.720000, 2.625000, -0.280000,0, 0, 0, 0, 0, 0, 0, 0, 0, 0, 0
3521,-0.720000, 2.583333, -0.280000,0, 0, 0, 0, 0, 0, 0, 0, 0, 0, 0
3529,-0.760000, 2.583333, -0.320000,0, 0, 0, 0, 0, 0, 0, 0, 0, 0, 0
3539,-0.760000, 2.541667, -0.360000,0, 0, 0, 0, 0, 0, 0, 0, 0, 0, 0
3546,-0.800000, 2.541667, -0.360000,0, 0, 0, 0, 0, 0, 0, 0, 0, 0, 0
3560,-0.800000, 2.500000, -0.400000,0, 0, 0, 0, 0, 0, 0, 0, 0, 0, 0
3570,-0.840000, 2.500000, -0.400000,0, 0, 0, 0, 0, 0, 0, 0, 0, 0, 0
3578,-0.840000, 2.458333, -0.440000,0, 0, 0, 0, 0, 0, 0, 0, 0, 0, 0
3595,-0.840000, 2.416667, -0.480000,0, 0, 0, 0, 0, 0, 0, 0, 0, 0, 0
3599,-0.840000, 2.416667, -0.520000,0, 0, 0, 0, 0, 0, 0, 0, 0, 0, 0
3609,-0.840000, 2.375000, -0.560000,0, 0, 0, 0, 0, 0, 0, 0, 0, 0, 0
3622,-0.840000, 2.333333, -0.600000,0, 0, 0, 0, 0, 0, 0, 0, 0, 0, 0
3630,-0.800000, 2.333333, -0.640000,0, 0, 0, 0, 0, 0, 0, 0, 0, 0, 0
3638,-0.760000, 2.291667, -0.720000,0, 0, 0, 0, 0, 0, 0, 0, 0, 0, 0
3652,-0.720000, 2.250000, -0.760000,0, 0, 0, 0, 0, 0, 0, 0, 0, 0, 0
3660,-0.720000, 2.208333, -0.800000,0, 0, 0, 0, 0, 0, 0, 0, 0, 0, 0
3673,-0.680000, 2.166667, -0.840000,0, 0, 0, 0, 0, 0, 0, 0, 0, 0, 0
3681,-0.600000, 2.166667, -0.840000,0, 0, 0, 0, 0, 0, 0, 0, 0, 0, 0
3691,-0.600000, 2.125000, -0.880000,0, 0, 0, 0, 0, 0, 0, 0, 0, 0, 0
3699,-0.560000, 2.083333, -0.920000,0, 0, 0, 0, 0, 0, 0, 0, 0, 0, 0
3712,-0.520000, 2.041667, -0.960000,0, 0, 0, 0, 0, 0, 0, 0, 0, 0, 0
3722,-0.480000, 2.000000, -1.000000,0, 0, 0, 0, 0, 0, 0, 0, 0, 0, 0
3730,-0.440000, 1.916667, -1.000000,0, 0, 0, 0, 0, 0, 0, 0, 0, 0, 0
3744,-0.400000, 1.875000, -1.040000,0, 0, 0, 0, 0, 0, 0, 0, 0, 0, 0
3751,-0.320000, 1.791667, -1.040000,0, 0, 0, 0, 0, 0, 0, 0, 0, 0, 0
3761,-0.280000, 1.708333, -1.040000,0, 0, 0, 0, 0, 0, 0, 0, 0, 0, 0
3775,-0.200000, 1.666667, -1.040000,0, 0, 0, 0, 0, 0, 0, 0, 0, 0, 0
3783,-0.160000, 1.625000, -1.040000,0, 0, 0, 0, 0, 0, 0, 0, 0, 0, 0
3792,-0.080000, 1.541667, -1.000000,0, 0, 0, 0, 0, 0, 0, 0, 0, 0, 0
3802,-0.040000, 1.500000, -1.000000,0, 0, 0, 0, 0, 0, 0, 0, 0, 0, 0
3814,0.040000, 1.458333, -0.960000,0, 0, 0, 0, 0, 0, 0, 0, 0, 0, 0
3824,0.080000, 1.416667, -0.920000,0, 0, 0, 0, 0, 0, 0, 0, 0, 0, 0
3831,0.160000, 1.375000, -0.880000,0, 0, 0, 0, 0, 0, 0, 0, 0, 0, 0
3845,0.200000, 1.333333, -0.840000,0, 0, 0, 0, 0, 0, 0, 0, 0, 0, 0
3853,0.240000, 1.333333, -0.760000,0, 0, 0, 0, 0, 0, 0, 0, 0, 0, 0
3863,-0.880000, 0.708333, -3.600000,0, 0, 0, 0, 0, 0, 0, 0, 0, 0, 0
3874,0.560000, 3.166667, -2.160000,0, 0, 0, 0, 0, 0, 0, 0, 0, 0, 0
3882,1.280000, 4.666667, -1.160000,0, 0, 0, 0, 0, 0, 0, 0, 0, 0, 0
3896,0.680000, 5.000000, -1.480000,0, 0, 0, 0, 0, 0, 0, 0, 0, 0, 0
3904,0.120000, 1.291667, -3.440000,0, 0, 0, 0, 0, 0, 0, 0, 0, 0, 0
3914,1.960000, -1.500000, 1.440000,0, 0, 0, 0, 0, 0, 0, 0, 0, 0, 0
3927,0.040000, -0.708333, 1.200000,0, 0, 0, 0, 0, 0, 0, 0, 0, 0, 0
3935,0.680000, 0.208333, 1.040000,0, 0, 0, 0, 0, 0, 0, 0, 0, 0, 0
3945,-0.320000, 4.041667, -2.200000,0, 0, 0, 0, 0, 0, 0, 0, 0, 0, 0
3953,0.280000, 4.875000, -0.840000,0, 0, 0, 0, 0, 0, 0, 0, 0, 0, 0
3966,0.040000, 5.041667, -1.920000,0, 0, 0, 0, 0, 0, 0, 0, 0, 0, 0
3974,0.120000, 5.083333, -1.920000,0, 0, 0, 0, 0, 0, 0, 0, 0, 0, 0
3992,0.080000, 5.125000, -1.800000,0, 0, 0, 0, 0, 0, 0, 0, 0, 0, 0
3996,0.040000, 5.125000, -1.880000,0, 0, 0, 0, 0, 0, 0, 0, 0, 0, 0
4009,0.000000, 5.125000, -1.920000,0, 0, 0, 0, 0, 0, 0, 0, 0, 0, 0
4015,0.000000, 5.125000, -1.840000,0, 0, 0, 0, 0, 0, 0, 0, 0, 0, 0
4029,-0.040000, 5.125000, -1.880000,0, 0, 0, 0, 0, 0, 0, 0, 0, 0, 0
4037,-0.080000, 5.125000, -1.840000,0, 0, 0, 0, 0, 0, 0, 0, 0, 0, 0
4048,-0.080000, 5.125000, -1.840000,0, 0, 0, 0, 0, 0, 0, 0, 0, 0, 0
4056,1.320000, 1.125000, 0.880000,0, 0, 0, 0, 0, 0, 0, 0, 0, 0, 0
4066,2.280000, -3.083333, 3.000000,0, 0, 0, 0, 0, 0, 0, 0, 0, 0, 0
4080,-2.400000, 0.333333, -3.040000,0, 0, 0, 0, 0, 0, 0, 0, 0, 0, 0
4087,1.600000, 4.000000, 0.040000,0, 1, 0, 0, 0, 0, 0, 0, 0, 0, 0
4099,1.680000, 4.875000, 3.880000,0, 1, 0, 0, 0, 0, 0, 0, 0, 0, 0
4109,0.160000, 4.708333, 1.120000,0, 0, 0, 0, 0, 0, 0, 0, 0, 0, 0
4117,-0.320000, 0.208333, 0.000000,0, 0, 0, 0, 0, 0, 0, 0, 0, 0, 0
4130,0.160000, 1.458333, -1.120000,0, 0, 0, 0, 0, 0, 0, 0, 0, 0, 0
4138,0.040000, 1.500000, 0.000000,0, 0, 0, 0, 0, 0, 0, 0, 0, 0, 0
4152,0.000000, 1.500000, -0.640000,0, 0, 0, 0, 0, 0, 0, 0, 0, 0, 0
4160,0.040000, 1.500000, -0.240000,0, 0, 0, 0, 0, 0, 0, 0, 0, 0, 0
4167,-0.040000, 1.458333, -0.400000,0, 0, 0, 0, 0, 0, 0, 0, 0, 0, 0
4181,0.080000, 1.500000, -0.360000,0, 0, 0, 0, 0, 0, 0, 0, 0, 0, 0
4195,-0.040000, 1.500000, -0.320000,0, 0, 0, 0, 0, 0, 0, 0, 0, 0, 0
4199,0.040000, 1.458333, -0.360000,0, 0, 0, 0, 0, 0, 0, 0, 0, 0, 0
4212,0.000000, 1.500000, -0.320000,0, 0, 0, 0, 0, 0, 0, 0, 0, 0, 0
4220,0.040000, 1.500000, -0.360000,0, 0, 0, 0, 0, 0, 0, 0, 0, 0, 0
4228,0.040000, 1.458333, -0.320000,0, 0, 0, 0, 0, 0, 0, 0, 0, 0, 0
4242,0.000000, 1.458333, -0.320000,0, 0, 0, 0, 0, 0, 0, 0, 0, 0, 0
4251,0.040000, 1.500000, -0.280000,0, 0, 0, 0, 0, 0, 0, 0, 0, 0, 0
4259,0.000000, 1.458333, -0.280000,0, 0, 0, 0, 0, 0, 0, 0, 0, 0, 0
4273,0.040000, 1.500000, -0.280000,0, 0, 0, 0, 0, 0, 0, 0, 0, 0, 0
4283,0.000000, 1.500000, -0.240000,0, 0, 0, 0, 0, 0, 0, 0, 0, 0, 0
4290,0.000000, 1.500000, -0.240000,0, 0, 0, 0, 0, 0, 0, 0, 0, 0, 0
4312,0.000000, 1.500000, -0.240000,0, 0, 0, 0, 0, 0, 0, 0, 0, 0, 0
4322,0.000000, 1.500000, -0.240000,0, 0, 0, 0, 0, 0, 0, 0, 0, 0, 0
4333,0.000000, 1.500000, -0.200000,0, 0, 0, 0, 0, 0, 0, 0, 0, 0, 0
4343,0.040000, 1.500000, -0.200000,0, 0, 0, 0, 0, 0, 0, 0, 0, 0, 0
4351,0.000000, 1.500000, -0.200000,0, 0, 0, 0, 0, 0, 0, 0, 0, 0, 0
4361,0.000000, 1.500000, -0.200000,0, 0, 0, 0, 0, 0, 0, 0, 0, 0, 0
4386,0.000000, 1.500000, -0.200000,0, 0, 0, 0, 0, 0, 0, 0, 0, 0, 0
4394,0.040000, 1.500000, -0.200000,0, 0, 0, 0, 0, 0, 0, 0, 0, 0, 0
4402,0.000000, 1.500000, -0.280000,0, 0, 0, 0, 0, 0, 0, 0, 0, 0, 0
4415,0.000000, 1.500000, -0.200000,0, 0, 0, 0, 0, 0, 0, 0, 0, 0, 0
4423,0.000000, 1.541667, -0.200000,0, 0, 0, 0, 0, 0, 0, 0, 0, 0, 0
4437,0.040000, 1.541667, -0.160000,0, 0, 0, 0, 0, 0, 0, 0, 0, 0, 0
4447,0.000000, 1.541667, -0.160000,0, 0, 0, 0, 0, 0, 0, 0, 0, 0, 0
4468,0.000000, 1.541667, -0.160000,0, 0, 0, 0, 0, 0, 0, 0, 0, 0, 0
4478,0.000000, 1.541667, -0.120000,0, 0, 0, 0, 0, 0, 0, 0, 0, 0, 0
4486,0.000000, 1.500000, -0.120000,0, 0, 0, 0, 0, 0, 0, 0, 0, 0, 0
4496,0.000000, 1.500000, -0.120000,0, 0, 0, 0, 0, 0, 0, 0, 0, 0, 0
4509,0.000000, 1.458333, -0.080000,0, 0, 0, 0, 0, 0, 0, 0, 0, 0, 0
4517,0.000000, 1.458333, -0.080000,0, 0, 0, 0, 0, 0, 0, 0, 0, 0, 0
4525,1.080000, -1.708333, -1.160000,0, 0, 0, 0, 0, 0, 0, 0, 0, 0, 0
4539,1.880000, -3.708333, -2.880000,0, 0, 0, 0, 0, 0, 0, 0, 0, 0, 0
4546,-0.280000, 1.875000, 0.280000,0, 0, 0, 0, 0, 0, 0, 0, 0, 0, 0
4560,1.200000, 0.333333, 0.680000,0, 0, 0, 0, 0, 0, 0, 0, 0, 0, 0
4568,-0.320000, 0.291667, -0.360000,0, 0, 0, 0, 0, 0, 0, 0, 0, 0, 0
4578,0.240000, 0.125000, 0.120000,0, 0, 0, 0, 0, 0, 0, 0, 0, 0, 0
4587,-0.080000, 0.250000, -0.040000,0, 0, 0, 0, 0, 0, 0, 0, 0, 0, 0
4597,0.080000, 0.208333, 0.000000,0, 0, 0, 0, 0, 0, 0, 0, 0, 0, 0
4611,0.000000, 0.166667, 0.000000,0, 0, 0, 0, 0, 0, 0, 0, 0, 0, 0
4619,0.040000, 0.250000, 0.000000,0, 0, 0, 0, 0, 0, 0, 0, 0, 0, 0
4626,0.000000, 0.208333, 0.000000,0, 0, 0, 0, 0, 0, 0, 0, 0, 0, 0
4638,0.040000, 0.208333, 0.000000,0, 0, 0, 0, 0, 0, 0, 0, 0, 0, 0
4648,0.000000, 0.208333, -0.040000,0, 0, 0, 0, 0, 0, 0, 0, 0, 0, 0
4662,0.040000, 0.208333, 0.000000,0, 0, 0, 0, 0, 0, 0, 0, 0, 0, 0
4669,0.040000, 0.208333, 0.000000,0, 0, 0, 0, 0, 0, 0, 0, 0, 0, 0
4679,0.040000, 0.208333, 0.000000,0, 0, 0, 0, 0, 0, 0, 0, 0, 0, 0
4691,0.040000, 0.208333, -0.040000,0, 0, 0, 0, 0, 0, 0, 0, 0, 0, 0
4699,0.040000, 0.208333, 0.000000,0, 0, 0, 0, 0, 0, 0, 0, 0, 0, 0
4714,0.040000, 0.208333, 0.000000,0, 0, 0, 0, 0, 0, 0, 0, 0, 0, 0
4722,0.040000, 0.208333, 0.000000,0, 0, 0, 0, 0, 0, 0, 0, 0, 0, 0
4730,0.040000, 0.208333, -0.040000,0, 0, 0, 0, 0, 0, 0, 0, 0, 0, 0
4751,0.040000, 0.208333, -0.040000,0, 0, 0, 0, 0, 0, 0, 0, 0, 0, 0
4759,0.040000, 0.208333, -0.040000,0, 0, 0, 0, 0, 0, 0, 0, 0, 0, 0
4773,0.040000, 0.208333, -0.040000,0, 0, 0, 0, 0, 0, 0, 0, 0, 0, 0
4812,0.040000, 0.208333, -0.040000,0, 0, 0, 0, 0, 0, 0, 0, 0, 0, 0
4830,0.040000, 0.208333, -0.040000,0, 0, 0, 0, 0, 0, 0, 0, 0, 0, 0
4845,0.040000, 0.208333, -0.040000,0, 0, 0, 0, 0, 0, 0, 0, 0, 0, 0
4853,0.040000, 0.208333, -0.040000,0, 0, 0, 0, 0, 0, 0, 0, 0, 0, 0
4863,0.040000, 0.208333, -0.040000,0, 0, 0, 0, 0, 0, 0, 0, 0, 0, 0
4871,0.040000, 0.208333, -0.040000,0, 0, 0, 0, 0, 0, 0, 0, 0, 0, 0
4882,0.040000, 0.208333, -0.040000,0, 0, 0, 0, 0, 0, 0, 0, 0, 0, 0
4894,0.040000, 0.208333, -0.080000,0, 0, 0, 0, 0, 0, 0, 0, 0, 0, 0
4902,0.560000, 2.416667, -0.160000,0, 0, 0, 0, 0, 0, 0, 0, 0, 0, 0
4912,2.760000, 4.500000, 1.480000,0, 0, 0, 0, 0, 0, 0, 0, 0, 0, 0
4925,2.040000, 4.958333, 0.840000,0, 0, 0, 0, 0, 0, 0, 0, 0, 0, 0
4931,-1.120000, 1.958333, -1.640000,0, 0, 0, 0, 0, 0, 0, 0, 0, 0, 0
4945,-0.280000, 1.166667, -0.680000,0, 0, 0, 0, 0, 0, 0, 0, 0, 0, 0
4955,0.560000, 0.583333, 0.360000,0, 0, 0, 0, 0, 0, 0, 0, 0, 0, 0
4962,-0.120000, 0.041667, -0.320000,0, 0, 0, 0, 0, 0, 0, 0, 0, 0, 0
4976,0.200000, 0.125000, 0.120000,0, 0, 0, 0, 0, 0, 0, 0, 0, 0, 0
4984,-0.040000, 0.083333, -0.040000,0, 0, 0, 0, 0, 0, 0, 0, 0, 0, 0
4997,0.040000, 0.083333, 0.000000,0, 0, 0, 0, 0, 0, 0, 0, 0, 0, 0
5005,0.040000, 0.083333, 0.000000,0, 0, 0, 0, 0, 0, 0, 0, 0, 0, 0
5015,0.040000, 0.083333, 0.000000,0, 0, 0, 0, 0, 0, 0, 0, 0, 0, 0
5025,0.200000, 0.250000, -0.200000,0, 0, 0, 0, 0, 0, 0, 0, 0, 0, 0
5039,0.520000, 1.041667, -0.760000,0, 0, 0, 0, 0, 0, 0, 0, 0, 0, 0
5044,0.560000, 2.083333, -0.880000,0, 0, 0, 0, 0, 0, 0, 0, 0, 0, 0
5056,0.560000, 2.083333, -0.880000,0, 0, 0, 0, 0, 0, 0, 0, 0, 0, 0
5064,0.440000, 1.083333, -0.480000,0, 0, 0, 0, 0, 0, 0, 0, 0, 0, 0
5078,0.120000, 0.333333, -0.160000,0, 0, 0, 0, 0, 0, 0, 0, 0, 0, 0
5087,0.080000, 0.291667, -0.040000,0, 0, 0, 0, 0, 0, 0, 0, 0, 0, 0
5095,0.440000, 0.333333, -0.960000,0, 0, 0, 0, 0, 0, 0, 0, 0, 0, 0
5105,1.040000, 1.583333, -2.400000,0, 0, 0, 0, 0, 0, 0, 0, 0, 0, 0
5119,1.120000, 1.791667, -2.600000,0, 0, 0, 0, 0, 0, 0, 0, 0, 0, 0
5126,0.760000, 0.916667, -1.880000,0, 0, 0, 0, 0, 0, 0, 0, 0, 0, 0
5136,0.480000, 0.500000, -1.080000,0, 0, 0, 0, 0, 0, 0, 0, 0, 0, 0
5150,0.360000, 0.416667, -0.920000,0, 0, 0, 0, 0, 0, 0, 0, 0, 0, 0
5160,0.520000, 0.041667, -1.400000,0, 0, 0, 0, 0, 0, 0, 0, 0, 0, 0
5167,0.560000, -0.541667, -1.560000,0, 0, 0, 0, 0, 0, 0, 0, 0, 0, 0
5175,0.360000, -0.375000, -1.000000,0, 0, 0, 0, 0, 0, 0, 0, 0, 0, 0
5195,0.160000, 0.041667, -0.360000,0, 0, 0, 0, 0, 0, 0, 0, 0, 0, 0
5197,0.080000, -0.083333, -0.320000,0, 0, 0, 0, 0, 0, 0, 0, 0, 0, 0
5208,0.080000, -1.500000, -0.840000,0, 0, 0, 0, 0, 0, 0, 0, 0, 0, 0
5216,0.040000, -1.541667, -0.560000,0, 0, 0, 0, 0, 0, 0, 0, 0, 0, 0
5230,0.080000, -0.375000, -0.240000,0, 0, 0, 0, 0, 0, 0, 0, 0, 0, 0
5238,0.000000, -0.083333, -0.040000,0, 0, 0, 0, 0, 0, 0, 0, 0, 0, 0
5251,0.040000, -0.291667, -0.120000,0, 0, 0, 0, 0, 0, 0, 0, 0, 0, 0
5259,-0.040000, -0.541667, -0.120000,0, 0, 0, 0, 0, 0, 0, 0, 0, 0, 0
5269,-0.040000, -1.000000, -0.160000,0, 0, 0, 0, 0, 0, 0, 0, 0, 0, 0
5283,-0.080000, -1.083333, -0.240000,0, 0, 0, 0, 0, 0, 0, 0, 0, 0, 0
5290,-0.040000, -0.958333, -0.160000,0, 0, 0, 0, 0, 0, 0, 0, 0, 0, 0
5300,-0.040000, -0.750000, -0.160000,0, 0, 0, 0, 0, 0, 0, 0, 0, 0, 0
5308,-0.040000, -0.541667, -0.080000,0, 0, 0, 0, 0, 0, 0, 0, 0, 0, 0
5322,-0.040000, -0.541667, -0.080000,0, 0, 0, 0, 0, 0, 0, 0, 0, 0, 0
5330,-0.080000, -0.625000, -0.120000,0, 0, 0, 0, 0, 0, 0, 0, 0, 0, 0
5343,-0.080000, -0.833333, -0.120000,0, 0, 0, 0, 0, 0, 0, 0, 0, 0, 0
5353,-0.120000, -1.083333, -0.160000,0, 0, 0, 0, 0, 0, 0, 0, 0, 0, 0
5361,-0.160000, -1.166667, -0.120000,0, 0, 0, 0, 0, 0, 0, 0, 0, 0, 0
5372,-0.160000, -1.041667, -0.120000,0, 0, 0, 0, 0, 0, 0, 0, 0, 0, 0
5382,-0.120000, -0.916667, -0.080000,0, 0, 0, 0, 0, 0, 0, 0, 0, 0, 0
5394,-0.120000, -0.833333, -0.080000,0, 0, 0, 0, 0, 0, 0, 0, 0, 0, 0
5402,-0.120000, -0.791667, -0.080000,0, 0, 0, 0, 0, 0, 0, 0, 0, 0, 0
5412,-0.120000, -0.791667, -0.040000,0, 0, 0, 0, 0, 0, 0, 0, 0, 0, 0
5423,-0.160000, -0.833333, -0.040000,0, 0, 0, 0, 0, 0, 0, 0, 0, 0, 0
5433,-0.160000, -0.916667, -0.040000,0, 0, 0, 0, 0, 0, 0, 0, 0, 0, 0
5443,-0.160000, -0.958333, -0.040000,0, 0, 0, 0, 0, 0, 0, 0, 0, 0, 0
5451,-0.200000, -1.041667, -0.040000,0, 0, 0, 0, 0, 0, 0, 0, 0, 0, 0
5464,-0.160000, -0.958333, 0.000000,0, 0, 0, 0, 0, 0, 0, 0, 0, 0, 0
5472,-0.160000, -0.916667, 0.000000,0, 0, 0, 0, 0, 0, 0, 0, 0, 0, 0
5486,-0.160000, -0.833333, 0.000000,0, 0, 0, 0, 0, 0, 0, 0, 0, 0, 0
5497,-0.120000, -0.791667, 0.040000,0, 0, 0, 0, 0, 0, 0, 0, 0, 0, 0
5501,-0.120000, -0.791667, 0.000000,0, 0, 0, 0, 0, 0, 0, 0, 0, 0, 0
5515,-0.160000, -0.791667, 0.040000,0, 0, 0, 0, 0, 0, 0, 0, 0, 0, 0
5525,-0.160000, -0.833333, 0.040000,0, 0, 0, 0, 0, 0, 0, 0, 0, 0, 0
5533,-0.160000, -0.833333, 0.040000,0, 0, 0, 0, 0, 0, 0, 0, 0, 0, 0
5546,-0.120000, -0.833333, 0.080000,0, 0, 0, 0, 0, 0, 0, 0, 0, 0, 0
5556,-0.120000, -0.791667, 0.080000,0, 0, 0, 0, 0, 0, 0, 0, 0, 0, 0
5564,-0.160000, -0.708333, 0.120000,0, 0, 0, 0, 0, 0, 0, 0, 0, 0, 0
5578,-0.120000, -0.541667, 0.120000,0, 0, 0, 0, 0, 0, 0, 0, 0, 0, 0
5585,-0.120000, -0.458333, 0.120000,0, 0, 0, 0, 0, 0, 0, 0, 0, 0, 0
5595,-0.080000, -0.416667, 0.120000,0, 0, 0, 0, 0, 0, 0, 0, 0, 0, 0
5603,-0.160000, -0.583333, 0.200000,0, 0, 0, 0, 0, 0, 0, 0, 0, 0, 0
5617,-0.200000, -0.625000, 0.280000,0, 0, 0, 0, 0, 0, 0, 0, 0, 0, 0
5626,-0.240000, -0.666667, 0.400000,0, 0, 0, 0, 0, 0, 0, 0, 0, 0, 0
5634,-0.320000, -0.625000, 0.560000,0, 0, 0, 0, 0, 0, 0, 0, 0, 0, 0
5648,-0.280000, -0.375000, 0.560000,0, 0, 0, 0, 0, 0, 0, 0, 0, 0, 0
5658,-0.280000, -0.166667, 0.680000,0, 0, 0, 0, 0, 0, 0, 0, 0, 0, 0
5665,-0.600000, -0.041667, 1.280000,0, 0, 0, 0, 0, 0, 0, 0, 0, 0, 0
5675,-1.320000, 0.083333, 3.000000,0, 0, 0, 0, 0, 0, 0, 0, 0, 0, 0
5685,-0.760000, 0.500000, 2.000000,0, 0, 0, 0, 0, 0, 0, 0, 0, 0, 0
5695,-0.680000, 0.708333, 1.440000,0, 0, 0, 0, 0, 0, 0, 0, 0, 0, 0
5706,-0.520000, 0.916667, 1.440000,0, 0, 0, 0, 0, 0, 0, 0, 0, 0, 0
5716,-0.680000, 1.166667, 1.560000,0, 0, 0, 0, 0, 0, 0, 0, 0, 0, 0
5730,-0.480000, 1.333333, 1.400000,0, 0, 0, 0, 0, 0, 0, 0, 0, 0, 0
5738,-0.280000, 1.041667, 0.920000,0, 0, 0, 0, 0, 0, 0, 0, 0, 0, 0
5749,-0.400000, 0.875000, 0.880000,0, 0, 0, 0, 0, 0, 0, 0, 0, 0, 0
5757,-0.200000, 0.958333, 0.720000,0, 0, 0, 0, 0, 0, 0, 0, 0, 0, 0
5765,-0.200000, 0.833333, 0.560000,0, 0, 0, 0, 0, 0, 0, 0, 0, 0, 0
5779,-0.160000, 0.750000, 0.400000,0, 0, 0, 0, 0, 0, 0, 0, 0, 0, 0
5794,-0.160000, 0.708333, 0.360000,0, 0, 0, 0, 0, 0, 0, 0, 0, 0, 0
5796,-0.120000, 0.750000, 0.320000,0, 0, 0, 0, 0, 0, 0, 0, 0, 0, 0
5810,-0.120000, 0.833333, 0.320000,0, 0, 0, 0, 0, 0, 0, 0, 0, 0, 0
5816,-0.120000, 0.916667, 0.280000,0, 0, 0, 0, 0, 0, 0, 0, 0, 0, 0
5831,-0.120000, 0.958333, 0.320000,0, 0, 0, 0, 0, 0, 0, 0, 0, 0, 0
5839,-0.120000, 0.916667, 0.320000,0, 0, 0, 0, 0, 0, 0, 0, 0, 0, 0
5849,-0.080000, 0.875000, 0.280000,0, 0, 0, 0, 0, 0, 0, 0, 0, 0, 0
5861,-0.080000, 0.833333, 0.240000,0, 0, 0, 0, 0, 0, 0, 0, 0, 0, 0
5869,-0.080000, 0.875000, 0.240000,0, 0, 0, 0, 0, 0, 0, 0, 0, 0, 0
5884,-0.080000, 0.916667, 0.240000,0, 0, 0, 0, 0, 0, 0, 0, 0, 0, 0
5890,-0.040000, 1.041667, 0.280000,0, 0, 0, 0, 0, 0, 0, 0, 0, 0, 0
5904,0.000000, 1.083333, 0.240000,0, 0, 0, 0, 0, 0, 0, 0, 0, 0, 0
5912,0.040000, 1.083333, 0.200000,0, 0, 0, 0, 0, 0, 0, 0, 0, 0, 0
5921,0.040000, 1.041667, 0.160000,0, 0, 0, 0, 0, 0, 0, 0, 0, 0, 0
5931,0.040000, 0.958333, 0.160000,0, 0, 0, 0, 0, 0, 0, 0, 0, 0, 0
5945,0.040000, 0.916667, 0.160000,0, 0, 0, 0, 0, 0, 0, 0, 0, 0, 0
5953,0.080000, 0.916667, 0.120000,0, 0, 0, 0, 0, 0, 0, 0, 0, 0, 0
5960,0.120000, 1.000000, 0.120000,0, 0, 0, 0, 0, 0, 0, 0, 0, 0, 0
5974,0.080000, 1.041667, 0.080000,0, 0, 0, 0, 0, 0, 0, 0, 0, 0, 0
5984,0.120000, 1.000000, 0.120000,0, 0, 0, 0, 0, 0, 0, 0, 0, 0, 0
5996,0.120000, 0.958333, 0.080000,0, 0, 0, 0, 0, 0, 0, 0, 0, 0, 0
6001,0.120000, 0.958333, 0.080000,0, 0, 0, 0, 0, 0, 0, 0, 0, 0, 0
6015,0.120000, 0.958333, 0.080000,0, 0, 0, 0, 0, 0, 0, 0, 0, 0, 0
6023,0.120000, 0.958333, 0.080000,0, 0, 0, 0, 0, 0, 0, 0, 0, 0, 0
6037,0.120000, 1.000000, 0.080000,0, 0, 0, 0, 0, 0, 0, 0, 0, 0, 0
6046,0.120000, 1.000000, 0.080000,0, 0, 0, 0, 0, 0, 0, 0, 0, 0, 0
6054,0.120000, 1.000000, 0.080000,0, 0, 0, 0, 0, 0, 0, 0, 0, 0, 0
6064,0.120000, 1.000000, 0.080000,0, 0, 0, 0, 0, 0, 0, 0, 0, 0, 0
6078,0.120000, 1.000000, 0.040000,0, 0, 0, 0, 0, 0, 0, 0, 0, 0, 0
6085,0.120000, 1.000000, 0.040000,0, 0, 0, 0, 0, 0, 0, 0, 0, 0, 0
6097,0.080000, 1.000000, 0.080000,0, 0, 0, 0, 0, 0, 0, 0, 0, 0, 0
6107,0.080000, 1.000000, 0.080000,0, 0, 0, 0, 0, 0, 0, 0, 0, 0, 0
6117,0.040000, 1.000000, 0.080000,0, 0, 0, 0, 0, 0, 0, 0, 0, 0, 0
6124,0.040000, 1.000000, 0.080000,0, 0, 0, 0, 0, 0, 0, 0, 0, 0, 0
6138,0.040000, 1.000000, 0.080000,0, 0, 0, 0, 0, 0, 0, 0, 0, 0, 0
6146,0.040000, 1.000000, 0.120000,0, 0, 0, 0, 0, 0, 0, 0, 0, 0, 0
6160,0.000000, 1.041667, 0.120000,0, 0, 0, 0, 0, 0, 0, 0, 0, 0, 0
6167,0.000000, 1.000000, 0.120000,0, 0, 0, 0, 0, 0, 0, 0, 0, 0, 0
6177,-0.040000, 1.000000, 0.120000,0, 0, 0, 0, 0, 0, 0, 0, 0, 0, 0
6185,-0.040000, 1.000000, 0.120000,0, 0, 0, 0, 0, 0, 0, 0, 0, 0, 0
6197,-0.080000, 1.000000, 0.120000,0, 0, 0, 0, 0, 0, 0, 0, 0, 0, 0
6208,-0.080000, 1.041667, 0.120000,0, 0, 0, 0, 0, 0, 0, 0, 0, 0, 0
6216,-0.120000, 1.041667, 0.160000,0, 0, 0, 0, 0, 0, 0, 0, 0, 0, 0
6226,-0.120000, 1.041667, 0.160000,0, 0, 0, 0, 0, 0, 0, 0, 0, 0, 0
6236,-0.120000, 1.000000, 0.120000,0, 0, 0, 0, 0, 0, 0, 0, 0, 0, 0
6247,-0.120000, 0.958333, 0.120000,0, 0, 0, 0, 0, 0, 0, 0, 0, 0, 0
6257,-0.120000, 0.958333, 0.160000,0, 0, 0, 0, 0, 0, 0, 0, 0, 0, 0
6271,-0.120000, 1.000000, 0.160000,0, 0, 0, 0, 0, 0, 0, 0, 0, 0, 0
6279,-0.160000, 1.000000, 0.160000,0, 0, 0, 0, 0, 0, 0, 0, 0, 0, 0
6287,-0.160000, 1.000000, 0.160000,0, 0, 0, 0, 0, 0, 0, 0, 0, 0, 0
6300,-0.160000, 0.958333, 0.160000,0, 0, 0, 0, 0, 0, 0, 0, 0, 0, 0
6310,-0.160000, 0.958333, 0.200000,0, 0, 0, 0, 0, 0, 0, 0, 0, 0, 0
6318,-0.160000, 0.916667, 0.160000,0, 0, 0, 0, 0, 0, 0, 0, 0, 0, 0
6331,-0.200000, 0.916667, 0.200000,0, 0, 0, 0, 0, 0, 0, 0, 0, 0, 0
6339,-0.200000, 0.916667, 0.200000,0, 0, 0, 0, 0, 0, 0, 0, 0, 0, 0
6353,-0.200000, 0.916667, 0.200000,0, 0, 0, 0, 0, 0, 0, 0, 0, 0, 0
6363,-0.240000, 0.916667, 0.200000,0, 0, 0, 0, 0, 0, 0, 0, 0, 0, 0
6371,-0.240000, 0.875000, 0.200000,0, 0, 0, 0, 0, 0, 0, 0, 0, 0, 0
6378,-0.240000, 0.875000, 0.200000,0, 0, 0, 0, 0, 0, 0, 0, 0, 0, 0
6394,-0.240000, 0.833333, 0.200000,0, 0, 0, 0, 0, 0, 0, 0, 0, 0, 0
6404,-0.280000, 0.833333, 0.240000,0, 0, 0, 0, 0, 0, 0, 0, 0, 0, 0
6412,-0.280000, 0.833333, 0.240000,0, 0, 0, 0, 0, 0, 0, 0, 0, 0, 0
6423,-0.280000, 0.791667, 0.240000,0, 0, 0, 0, 0, 0, 0, 0, 0, 0, 0
6433,-0.320000, 0.791667, 0.240000,0, 0, 0, 0, 0, 0, 0, 0, 0, 0, 0
6445,-0.360000, 0.708333, 0.280000,0, 0, 0, 0, 0, 0, 0, 0, 0, 0, 0
6453,-0.360000, 0.708333, 0.280000,0, 0, 0, 0, 0, 0, 0, 0, 0, 0, 0
6460,-0.400000, 0.708333, 0.280000,0, 0, 0, 0, 0, 0, 0, 0, 0, 0, 0
6474,-0.520000, 0.750000, 0.360000,0, 0, 0, 0, 0, 0, 0, 0, 0, 0, 0
6484,-0.600000, 0.875000, 0.400000,0, 0, 0, 0, 0, 0, 0, 0, 0, 0, 0
6496,-0.760000, 0.958333, 0.520000,0, 0, 0, 0, 0, 0, 0, 0, 0, 0, 0
6505,-0.960000, 1.000000, 0.640000,0, 0, 0, 0, 0, 0, 0, 0, 0, 0, 0
6513,-1.160000, 1.000000, 0.760000,0, 0, 0, 0, 0, 0, 0, 0, 0, 0, 0
6525,-1.400000, 1.000000, 0.840000,0, 0, 0, 0, 0, 0, 0, 0, 0, 0, 0
6535,-1.640000, 0.958333, 1.040000,0, 0, 0, 0, 0, 0, 0, 0, 0, 0, 0
6542,-1.840000, 0.666667, 1.080000,0, 0, 0, 0, 0, 0, 0, 0, 0, 0, 0
6556,-1.640000, 0.416667, 0.960000,0, 0, 0, 0, 0, 0, 0, 0, 0, 0, 0
6564,-1.360000, 0.208333, 0.840000,0, 0, 0, 0, 0, 0, 0, 0, 0, 0, 0
6578,-1.320000, -0.208333, 0.800000,0, 0, 0, 0, 0, 0, 0, 0, 0, 0, 0
6587,-1.080000, -0.458333, 0.680000,0, 0, 0, 0, 0, 0, 0, 0, 0, 0, 0
6595,-0.760000, -0.416667, 0.480000,0, 0, 0, 0, 0, 0, 0, 0, 0, 0, 0
6607,-0.480000, -0.333333, 0.320000,0, 0, 0, 0, 0, 0, 0, 0, 0, 0, 0
6617,-0.400000, -0.458333, 0.240000,0, 0, 0, 0, 0, 0, 0, 0, 0, 0, 0
6624,-0.360000, -0.625000, 0.240000,0, 0, 0, 0, 0, 0, 0, 0, 0, 0, 0
6638,-0.240000, -0.666667, 0.160000,0, 0, 0, 0, 0, 0, 0, 0, 0, 0, 0
6646,-0.240000, -0.583333, 0.120000,0, 0, 0, 0, 0, 0, 0, 0, 0, 0, 0
6656,-0.160000, -0.500000, 0.120000,0, 0, 0, 0, 0, 0, 0, 0, 0, 0, 0
6669,-0.160000, -0.583333, 0.120000,0, 0, 0, 0, 0, 0, 0, 0, 0, 0, 0
6679,-0.160000, -0.750000, 0.120000,0, 0, 0, 0, 0, 0, 0, 0, 0, 0, 0
6687,-0.200000, -0.875000, 0.120000,0, 0, 0, 0, 0, 0, 0, 0, 0, 0, 0
6699,-0.200000, -0.916667, 0.120000,0, 0, 0, 0, 0, 0, 0, 0, 0, 0, 0
6708,-0.200000, -0.833333, 0.120000,0, 0, 0, 0, 0, 0, 0, 0, 0, 0, 0
6716,-0.160000, -0.791667, 0.120000,0, 0, 0, 0, 0, 0, 0, 0, 0, 0, 0
6730,-0.160000, -0.833333, 0.120000,0, 0, 0, 0, 0, 0, 0, 0, 0, 0, 0
6740,-0.160000, -0.916667, 0.120000,0, 0, 0, 0, 0, 0, 0, 0, 0, 0, 0
6747,-0.160000, -1.000000, 0.120000,0, 0, 0, 0, 0, 0, 0, 0, 0, 0, 0
6757,-0.160000, -1.000000, 0.120000,0, 0, 0, 0, 0, 0, 0, 0, 0, 0, 0
6769,-0.120000, -0.916667, 0.120000,0, 0, 0, 0, 0, 0, 0, 0, 0, 0, 0
6779,-0.120000, -0.875000, 0.120000,0, 0, 0, 0, 0, 0, 0, 0, 0, 0, 0
6790,-0.080000, -0.916667, 0.120000,0, 0, 0, 0, 0, 0, 0, 0, 0, 0, 0
6800,-0.080000, -0.958333, 0.120000,0, 0, 0, 0, 0, 0, 0, 0, 0, 0, 0
6810,-0.080000, -1.000000, 0.120000,0, 0, 0, 0, 0, 0, 0, 0, 0, 0, 0
6818,-0.040000, -1.000000, 0.120000,0, 0, 0, 0, 0, 0, 0, 0, 0, 0, 0
6831,0.000000, -0.916667, 0.120000,0, 0, 0, 0, 0, 0, 0, 0, 0, 0, 0
6839,0.000000, -0.833333, 0.120000,0, 0, 0, 0, 0, 0, 0, 0, 0, 0, 0
6853,0.000000, -0.833333, 0.120000,0, 0, 0, 0, 0, 0, 0, 0, 0, 0, 0
6863,0.000000, -0.875000, 0.120000,0, 0, 0, 0, 0, 0, 0, 0, 0, 0, 0
6871,0.000000, -0.833333, 0.160000,0, 0, 0, 0, 0, 0, 0, 0, 0, 0, 0
6884,0.000000, -0.833333, 0.160000,0, 0, 0, 0, 0, 0, 0, 0, 0, 0, 0
6892,0.000000, -0.791667, 0.200000,0, 0, 0, 0, 0, 0, 0, 0, 0, 0, 0
6900,0.000000, -0.833333, 0.240000,0, 0, 0, 0, 0, 0, 0, 0, 0, 0, 0
6915,0.000000, -0.791667, 0.280000,0, 0, 0, 0, 0, 0, 0, 0, 0, 0, 0
6921,0.000000, -0.708333, 0.280000,0, 0, 0, 0, 0, 0, 0, 0, 0, 0, 0
6931,0.000000, -0.625000, 0.280000,0, 0, 0, 0, 0, 0, 0, 0, 0, 0, 0
6945,0.000000, -0.625000, 0.360000,0, 0, 0, 0, 0, 0, 0, 0, 0, 0, 0
6953,0.000000, -0.708333, 0.480000,0, 0, 0, 0, 0, 0, 0, 0, 0, 0, 0
6962,0.000000, -0.708333, 0.680000,0, 0, 0, 0, 0, 0, 0, 0, 0, 0, 0
6976,0.000000, -0.500000, 0.600000,0, 0, 0, 0, 0, 0, 0, 0, 0, 0, 0
6986,0.040000, -0.291667, 0.560000,0, 0, 0, 0, 0, 0, 0, 0, 0, 0, 0
6996,0.040000, -0.291667, 1.000000,0, 0, 0, 0, 0, 0, 0, 0, 0, 0, 0
7005,0.080000, -0.333333, 2.080000,0, 0, 0, 0, 0, 0, 0, 0, 0, 0, 0
7015,0.040000, 0.208333, 2.200000,0, 0, 0, 0, 0, 0, 0, 0, 0, 0, 0
7023,0.040000, 0.458333, 1.560000,0, 0, 0, 0, 0, 0, 0, 0, 0, 0, 0
7037,0.080000, 0.625000, 1.480000,0, 0, 0, 0, 0, 0, 0, 0, 0, 0, 0
7046,0.120000, 0.875000, 1.640000,0, 0, 0, 0, 0, 0, 0, 0, 0, 0, 0
7052,0.080000, 0.916667, 1.160000,0, 0, 0, 0, 0, 0, 0, 0, 0, 0, 0
7064,0.120000, 0.833333, 1.000000,0, 0, 0, 0, 0, 0, 0, 0, 0, 0, 0
7076,0.120000, 0.833333, 1.000000,0, 0, 0, 0, 0, 0, 0, 0, 0, 0, 0
7083,0.080000, 0.875000, 0.800000,0, 0, 0, 0, 0, 0, 0, 0, 0, 0, 0
7097,0.080000, 0.875000, 0.800000,0, 0, 0, 0, 0, 0, 0, 0, 0, 0, 0
7105,0.120000, 0.916667, 0.800000,0, 0, 0, 0, 0, 0, 0, 0, 0, 0, 0
7115,0.120000, 0.833333, 0.720000,0, 0, 0, 0, 0, 0, 0, 0, 0, 0, 0
7126,0.120000, 0.833333, 0.640000,0, 0, 0, 0, 0, 0, 0, 0, 0, 0, 0
7140,0.120000, 0.875000, 0.600000,0, 0, 0, 0, 0, 0, 0, 0, 0, 0, 0
7148,0.120000, 0.916667, 0.560000,0, 0, 0, 0, 0, 0, 0, 0, 0, 0, 0
7158,0.120000, 0.875000, 0.520000,0, 0, 0, 0, 0, 0, 0, 0, 0, 0, 0
7165,0.120000, 0.875000, 0.480000,0, 0, 0, 0, 0, 0, 0, 0, 0, 0, 0
7179,0.160000, 0.916667, 0.480000,0, 0, 0, 0, 0, 0, 0, 0, 0, 0, 0
7193,0.160000, 0.916667, 0.440000,0, 0, 0, 0, 0, 0, 0, 0, 0, 0, 0
7197,0.160000, 0.875000, 0.400000,0, 0, 0, 0, 0, 0, 0, 0, 0, 0, 0
7208,0.160000, 0.875000, 0.400000,0, 0, 0, 0, 0, 0, 0, 0, 0, 0, 0
7216,0.160000, 0.875000, 0.360000,0, 0, 0, 0, 0, 0, 0, 0, 0, 0, 0
7230,0.160000, 0.916667, 0.360000,0, 0, 0, 0, 0, 0, 0, 0, 0, 0, 0
7240,0.200000, 0.916667, 0.400000,0, 0, 0, 0, 0, 0, 0, 0, 0, 0, 0
7247,0.200000, 0.916667, 0.360000,0, 0, 0, 0, 0, 0, 0, 0, 0, 0, 0
7257,0.200000, 0.916667, 0.360000,0, 0, 0, 0, 0, 0, 0, 0, 0, 0, 0
7269,0.200000, 0.916667, 0.360000,0, 0, 0, 0, 0, 0, 0, 0, 0, 0, 0
7283,0.200000, 0.916667, 0.400000,0, 0, 0, 0, 0, 0, 0, 0, 0, 0, 0
7290,0.200000, 0.916667, 0.400000,0, 0, 0, 0, 0, 0, 0, 0, 0, 0, 0
7300,0.200000, 0.875000, 0.400000,0, 0, 0, 0, 0, 0, 0, 0, 0, 0, 0
7308,0.240000, 0.916667, 0.440000,0, 0, 0, 0, 0, 0, 0, 0, 0, 0, 0
7322,0.240000, 0.916667, 0.480000,0, 0, 0, 0, 0, 0, 0, 0, 0, 0, 0
7331,0.240000, 1.000000, 0.520000,0, 0, 0, 0, 0, 0, 0, 0, 0, 0, 0
