1,0.0089839,0.016621,0.060403,0.24698,0.27191,0.06809,0.016282,0.020272,0.00026767,1.2293e-07,1.3389e-08,4.993e-10,6.2818e-11,1.5239e-10,5.1565e-11,6.8563e-12,4.8633e-11,4.8113e-12,1.2252e-12,3.1197e-13,2.3792e-13,6.2839e-14,1.9873e-14,1.7764e-15,1.1768e-14,8.7375e-14,4.4298e-14,4.2188e-15,3.3307e-16,0,0,0,0,0,1.1102e-16,6.6613e-16,0,0,0,0,0,0,0,0,0,0,0,0,0,0,0,0,0,0,0,0,0,0,0,0,0,0,0,0,0,0,0,0,0,0,0,0,0,0,0,0,0,0,0,0,0,0,0,0,0,0,0,0,0,0,0,0,0,0,0,0,0,0,0,0
2,0,0,0,0,0,0,0,0,0,0,0,0,0,0,0,0,0,0,0,0,0,0,0,0,0,0,0,0,0,0,0,0,0,0,0,0,0,0,0,0,0,0,0,0,0,0,0,0,0,0,0,0,0,0,0,0,0,0,0,0,0,0,0,0,0,0,0,0,0,0,0,0,0,0,0,0,0,0,0,0,0,0,0,0,0,0,0,0,0,0,0,0,0,0,0,0,0,0,0,0
3,0.06269,0.013499,0.00013546,1.838e-07,3.7924e-09,6.0563e-11,2.6026e-12,2.2204e-14,0,0,0,0,0,0,0,0,0,0,0,0,0,0,0,0,0,0,0,0,0,0,0,0,0,0,0,0,0,0,0,0,0,0,0,0,0,0,0,0,0,0,0,0,0,0,0,0,0,0,0,0,0,0,0,0,0,0,0,0,0,0,0,0,0,0,0,0,0,0,0,0,0,0,0,0,0,0,0,0,0,0,0,0,0,0,0,0,0,0,0,0
4,6.5731e-11,0,0,0,0,0,0,0,0,0,0,0,0,0,0,0,0,0,0,0,0,0,0,0,0,0,0,0,0,0,0,0,0,0,0,0,0,0,0,0,0,0,0,0,0,0,0,0,0,0,0,0,0,0,0,0,0,0,0,0,0,0,0,0,0,0,0,0,0,0,0,0,0,0,0,0,0,0,0,0,0,0,0,0,0,0,0,0,0,0,0,0,0,0,0,0,0,0,0,0
5,1.47e-08,1.1102e-16,0,0,0,0,0,0,0,0,0,0,0,0,0,0,0,0,0,0,0,0,0,0,0,0,0,0,0,0,0,0,0,0,0,0,0,0,0,0,0,0,0,0,0,0,0,0,0,0,0,0,0,0,0,0,0,0,0,0,0,0,0,0,0,0,0,0,0,0,0,0,0,0,0,0,0,0,0,0,0,0,0,0,0,0,0,0,0,0,0,0,0,0,0,0,0,0,0,0
6,0.47215,0.040678,0.0012346,2.233e-05,5.1665e-06,5.37e-06,1.7245e-06,2.3812e-08,9.6472e-12,5.8842e-15,0,0,0,0,0,0,0,0,0,0,0,0,0,0,0,0,0,0,0,0,0,0,0,0,0,0,0,0,0,0,0,0,0,0,0,0,0,0,0,0,0,0,0,0,0,0,0,0,0,0,0,0,0,0,0,0,0,0,0,0,0,0,0,0,0,0,0,0,0,0,0,0,0,0,0,0,0,0,0,0,0,0,0,0,0,0,0,0,0,0
7,1.1657e-14,0,0,0,0,0,0,0,0,0,0,0,0,0,0,0,0,0,0,0,0,0,0,0,0,0,0,0,0,0,0,0,0,0,0,0,0,0,0,0,0,0,0,0,0,0,0,0,0,0,0,0,0,0,0,0,0,0,0,0,0,0,0,0,0,0,0,0,0,0,0,0,0,0,0,0,0,0,0,0,0,0,0,0,0,0,0,0,0,0,0,0,0,0,0,0,0,0,0,0
8,0.80571,0.90815,0.7627,0.32653,0.096284,0.0010342,5.9929e-06,8.6859e-08,4.857e-11,1.1102e-16,0,0,0,0,0,0,0,0,0,0,0,0,0,0,0,0,0,0,0,0,0,0,0,0,0,0,0,0,0,0,0,0,0,0,0,0,0,0,0,0,0,0,0,0,0,0,0,0,0,0,0,0,0,0,0,0,0,0,0,0,0,0,0,0,0,0,0,0,0,0,0,0,0,0,0,0,0,0,0,0,0,0,0,0,0,0,0,0,0,0
9,6.8667e-08,4.4409e-16,0,0,0,0,0,0,0,0,0,0,0,0,0,0,0,0,0,0,0,0,0,0,0,0,0,0,0,0,0,0,0,0,0,0,0,0,0,0,0,0,0,0,0,0,0,0,0,0,0,0,0,0,0,0,0,0,0,0,0,0,0,0,0,0,0,0,0,0,0,0,0,0,0,0,0,0,0,0,0,0,0,0,0,0,0,0,0,0,0,0,0,0,0,0,0,0,0,0
10,0,0,0,0,0,0,0,0,0,0,0,0,0,0,0,0,0,0,0,0,0,0,0,0,0,0,0,0,0,0,0,0,0,0,0,0,0,0,0,0,0,0,0,0,0,0,0,0,0,0,0,0,0,0,0,0,0,0,0,0,0,0,0,0,0,0,0,0,0,0,0,0,0,0,0,0,0,0,0,0,0,0,0,0,0,0,0,0,0,0,0,0,0,0,0,0,0,0,0,0
11,0.080693,0.0006917,1.2166e-05,2.4151e-08,3.8856e-09,6.3544e-10,2.8718e-11,5.9266e-12,2.1649e-14,0,0,0,0,0,0,0,0,0,0,0,0,0,0,0,0,0,0,0,0,0,0,0,0,0,0,0,0,0,0,0,0,0,0,0,0,0,0,0,0,0,0,0,0,0,0,0,0,0,0,0,0,0,0,0,0,0,0,0,0,0,0,0,0,0,0,0,0,0,0,0,0,0,0,0,0,0,0,0,0,0,0,0,0,0,0,0,0,0,0,0
12,0.0019499,1.3727e-10,3.0873e-10,9.992e-16,0,0,0,0,0,0,0,0,0,0,0,0,0,0,0,0,0,0,0,0,0,0,0,0,0,0,0,0,0,0,0,0,0,0,0,0,0,0,0,0,0,0,0,0,0,0,0,0,0,0,0,0,0,0,0,0,0,0,0,0,0,0,0,0,0,0,0,0,0,0,0,0,0,0,0,0,0,0,0,0,0,0,0,0,0,0,0,0,0,0,0,0,0,0,0,0
13,2.3823e-11,0,0,0,0,0,0,0,0,0,0,0,0,0,0,0,0,0,0,0,0,0,0,0,0,0,0,0,0,0,0,0,0,0,0,0,0,0,0,0,0,0,0,0,0,0,0,0,0,0,0,0,0,0,0,0,0,0,0,0,0,0,0,0,0,0,0,0,0,0,0,0,0,0,0,0,0,0,0,0,0,0,0,0,0,0,0,0,0,0,0,0,0,0,0,0,0,0,0,0
14,0.6877,0.6712,0.86677,0.87089,0.81296,0.72131,0.87701,0.80404,0.93307,0.84133,0.82697,0.76585,0.66235,0.6528,0.64191,0.56548,0.66651,0.64516,0.50565,0.32933,0.11258,0.069227,0.065328,0.056164,0.045479,0.034296,0.034932,0.028885,0.035121,0.015646,0.016697,0.017754,0.0086025,0.0053483,0.0027966,0.0010557,0.00097006,0.00055116,0.00037489,0.00043096,0.00020887,8.9672e-05,8.4309e-05,8.6938e-05,7.3767e-05,3.6967e-05,1.3895e-05,7.2649e-06,3.1395e-06,1.593e-06,2.3608e-06,2.0817e-06,2.3633e-06,5.4896e-07,8.9738e-08,5.6214e-08,5.1811e-08,3.8317e-09,3.6705e-09,7.7239e-10,1.0416e-10,2.0733e-12,8.672e-13,6.3949e-14,2.2204e-15,3.7748e-15,1.8874e-15,7.7716e-16,2.2204e-16,1.1102e-16,0,0,0,0,0,0,0,0,0,0,0,0,0,0,0,0,0,0,0,0,0,0,0,0,0,0,0,0,0,0
15,0.13494,0.0021124,1.0586e-05,5.22e-11,1.3323e-15,0,0,0,0,0,0,0,0,0,0,0,0,0,0,0,0,0,0,0,0,0,0,0,0,0,0,0,0,0,0,0,0,0,0,0,0,0,0,0,0,0,0,0,0,0,0,0,0,0,0,0,0,0,0,0,0,0,0,0,0,0,0,0,0,0,0,0,0,0,0,0,0,0,0,0,0,0,0,0,0,0,0,0,0,0,0,0,0,0,0,0,0,0,0,0
16,2.2204e-16,0,0,0,0,0,0,0,0,0,0,0,0,0,0,0,0,0,0,0,0,0,0,0,0,0,0,0,0,0,0,0,0,0,0,0,0,0,0,0,0,0,0,0,0,0,0,0,0,0,0,0,0,0,0,0,0,0,0,0,0,0,0,0,0,0,0,0,0,0,0,0,0,0,0,0,0,0,0,0,0,0,0,0,0,0,0,0,0,0,0,0,0,0,0,0,0,0,0,0
17,0.00058285,1.116e-10,2.2204e-16,0,0,0,0,0,0,0,0,0,0,0,0,0,0,0,0,0,0,0,0,0,0,0,0,0,0,0,0,0,0,0,0,0,0,0,0,0,0,0,0,0,0,0,0,0,0,0,0,0,0,0,0,0,0,0,0,0,0,0,0,0,0,0,0,0,0,0,0,0,0,0,0,0,0,0,0,0,0,0,0,0,0,0,0,0,0,0,0,0,0,0,0,0,0,0,0,0
18,0.52059,0.31672,0.074863,0.017897,0.0037058,0.0018266,0.0036986,0.0016232,0.00026132,3.8132e-06,1.1475e-07,2.7848e-09,2.4221e-10,2.3743e-10,2.6104e-12,8.1957e-13,4.4409e-16,0,0,0,0,0,0,0,0,0,0,0,0,0,0,0,0,0,0,0,0,0,0,0,0,0,0,0,0,0,0,0,0,0,0,0,0,0,0,0,0,0,0,0,0,0,0,0,0,0,0,0,0,0,0,0,0,0,0,0,0,0,0,0,0,0,0,0,0,0,0,0,0,0,0,0,0,0,0,0,0,0,0,0
19,2.5291e-13,0,0,0,0,0,0,0,0,0,0,0,0,0,0,0,0,0,0,0,0,0,0,0,0,0,0,0,0,0,0,0,0,0,0,0,0,0,0,0,0,0,0,0,0,0,0,0,0,0,0,0,0,0,0,0,0,0,0,0,0,0,0,0,0,0,0,0,0,0,0,0,0,0,0,0,0,0,0,0,0,0,0,0,0,0,0,0,0,0,0,0,0,0,0,0,0,0,0,0
20,0.34,0.21135,0.0022638,4.0128e-05,1.0403e-07,8.7558e-10,7.1831e-14,0,0,0,0,0,0,0,0,0,0,0,0,0,0,0,0,0,0,0,0,0,0,0,0,0,0,0,0,0,0,0,0,0,0,0,0,0,0,0,0,0,0,0,0,0,0,0,0,0,0,0,0,0,0,0,0,0,0,0,0,0,0,0,0,0,0,0,0,0,0,0,0,0,0,0,0,0,0,0,0,0,0,0,0,0,0,0,0,0,0,0,0,0
21,0.0007019,1.5626e-06,2.2016e-10,5.4848e-12,3.1086e-15,0,0,0,0,0,0,0,0,0,0,0,0,0,0,0,0,0,0,0,0,0,0,0,0,0,0,0,0,0,0,0,0,0,0,0,0,0,0,0,0,0,0,0,0,0,0,0,0,0,0,0,0,0,0,0,0,0,0,0,0,0,0,0,0,0,0,0,0,0,0,0,0,0,0,0,0,0,0,0,0,0,0,0,0,0,0,0,0,0,0,0,0,0,0,0
22,0.023527,0.0084408,5.114e-05,1.8896e-06,5.5061e-10,2.2574e-12,1.9873e-14,1.1102e-16,0,0,0,0,0,0,0,0,0,0,0,0,0,0,0,0,0,0,0,0,0,0,0,0,0,0,0,0,0,0,0,0,0,0,0,0,0,0,0,0,0,0,0,0,0,0,0,0,0,0,0,0,0,0,0,0,0,0,0,0,0,0,0,0,0,0,0,0,0,0,0,0,0,0,0,0,0,0,0,0,0,0,0,0,0,0,0,0,0,0,0,0
23,0,0,0,0,0,0,0,0,0,0,0,0,0,0,0,0,0,0,0,0,0,0,0,0,0,0,0,0,0,0,0,0,0,0,0,0,0,0,0,0,0,0,0,0,0,0,0,0,0,0,0,0,0,0,0,0,0,0,0,0,0,0,0,0,0,0,0,0,0,0,0,0,0,0,0,0,0,0,0,0,0,0,0,0,0,0,0,0,0,0,0,0,0,0,0,0,0,0,0,0
24,4.169e-06,6.4417e-07,6.1857e-09,4.0523e-14,1.2323e-14,0,0,0,0,0,0,0,0,0,0,0,0,0,0,0,0,0,0,0,0,0,0,0,0,0,0,0,0,0,0,0,0,0,0,0,0,0,0,0,0,0,0,0,0,0,0,0,0,0,0,0,0,0,0,0,0,0,0,0,0,0,0,0,0,0,0,0,0,0,0,0,0,0,0,0,0,0,0,0,0,0,0,0,0,0,0,0,0,0,0,0,0,0,0,0
25,0.095615,2.161e-05,8.9563e-07,8.5691e-08,4.1913e-10,9.881e-15,0,0,0,0,0,0,0,0,0,0,0,0,0,0,0,0,0,0,0,0,0,0,0,0,0,0,0,0,0,0,0,0,0,0,0,0,0,0,0,0,0,0,0,0,0,0,0,0,0,0,0,0,0,0,0,0,0,0,0,0,0,0,0,0,0,0,0,0,0,0,0,0,0,0,0,0,0,0,0,0,0,0,0,0,0,0,0,0,0,0,0,0,0,0
26,1.347e-11,0,0,0,0,0,0,0,0,0,0,0,0,0,0,0,0,0,0,0,0,0,0,0,0,0,0,0,0,0,0,0,0,0,0,0,0,0,0,0,0,0,0,0,0,0,0,0,0,0,0,0,0,0,0,0,0,0,0,0,0,0,0,0,0,0,0,0,0,0,0,0,0,0,0,0,0,0,0,0,0,0,0,0,0,0,0,0,0,0,0,0,0,0,0,0,0,0,0,0
27,0.95235,0.77191,0.052083,0.0045033,4.8324e-05,2.4091e-07,6.4499e-10,3.2454e-10,1.9651e-14,0,0,0,0,0,0,0,0,0,0,0,0,0,0,0,0,0,0,0,0,0,0,0,0,0,0,0,0,0,0,0,0,0,0,0,0,0,0,0,0,0,0,0,0,0,0,0,0,0,0,0,0,0,0,0,0,0,0,0,0,0,0,0,0,0,0,0,0,0,0,0,0,0,0,0,0,0,0,0,0,0,0,0,0,0,0,0,0,0,0,0
28,0.00018167,1.366e-07,0,0,0,0,0,0,0,0,0,0,0,0,0,0,0,0,0,0,0,0,0,0,0,0,0,0,0,0,0,0,0,0,0,0,0,0,0,0,0,0,0,0,0,0,0,0,0,0,0,0,0,0,0,0,0,0,0,0,0,0,0,0,0,0,0,0,0,0,0,0,0,0,0,0,0,0,0,0,0,0,0,0,0,0,0,0,0,0,0,0,0,0,0,0,0,0,0,0
29,0,0,0,0,0,0,0,0,0,0,0,0,0,0,0,0,0,0,0,0,0,0,0,0,0,0,0,0,0,0,0,0,0,0,0,0,0,0,0,0,0,0,0,0,0,0,0,0,0,0,0,0,0,0,0,0,0,0,0,0,0,0,0,0,0,0,0,0,0,0,0,0,0,0,0,0,0,0,0,0,0,0,0,0,0,0,0,0,0,0,0,0,0,0,0,0,0,0,0,0
30,0.21598,0.12456,0.0096708,0.00050679,6.2363e-06,1.8966e-06,3.8175e-06,2.3324e-06,9.6146e-06,1.3479e-05,5.8513e-06,2.1869e-06,3.347e-06,1.4313e-05,9.8035e-06,1.7752e-05,7.7405e-06,2.7714e-07,2.2413e-09,1.6867e-12,2.6645e-15,0,0,0,0,0,0,0,0,0,0,0,0,0,0,0,0,0,0,0,0,0,0,0,0,0,0,0,0,0,0,0,0,0,0,0,0,0,0,0,0,0,0,0,0,0,0,0,0,0,0,0,0,0,0,0,0,0,0,0,0,0,0,0,0,0,0,0,0,0,0,0,0,0,0,0,0,0,0,0
31,0,0,0,0,0,0,0,0,0,0,0,0,0,0,0,0,0,0,0,0,0,0,0,0,0,0,0,0,0,0,0,0,0,0,0,0,0,0,0,0,0,0,0,0,0,0,0,0,0,0,0,0,0,0,0,0,0,0,0,0,0,0,0,0,0,0,0,0,0,0,0,0,0,0,0,0,0,0,0,0,0,0,0,0,0,0,0,0,0,0,0,0,0,0,0,0,0,0,0,0
32,0,0,0,0,0,0,0,0,0,0,0,0,0,0,0,0,0,0,0,0,0,0,0,0,0,0,0,0,0,0,0,0,0,0,0,0,0,0,0,0,0,0,0,0,0,0,0,0,0,0,0,0,0,0,0,0,0,0,0,0,0,0,0,0,0,0,0,0,0,0,0,0,0,0,0,0,0,0,0,0,0,0,0,0,0,0,0,0,0,0,0,0,0,0,0,0,0,0,0,0
33,0.6985,0.66712,0.61891,0.70465,0.37709,0.0002913,0.000304,0.00021954,5.3747e-07,7.3787e-08,2.4733e-09,1.3003e-11,4.4605e-10,1.6076e-10,7.2676e-11,1.7552e-10,1.0267e-11,5.3535e-13,8.2823e-14,2.6423e-14,6.295e-14,2.7089e-14,1.0325e-14,5.5511e-15,1.2212e-15,2.2204e-16,5.5511e-16,1.1102e-15,6.6613e-16,2.2204e-16,1.1102e-16,3.3307e-16,0,0,0,0,0,0,0,0,0,0,0,0,0,0,0,0,0,0,0,0,0,0,0,0,0,0,0,0,0,0,0,0,0,0,0,0,0,0,0,0,0,0,0,0,0,0,0,0,0,0,0,0,0,0,0,0,0,0,0,0,0,0,0,0,0,0,0,0
34,0.001523,5.54e-14,0,0,0,0,0,0,0,0,0,0,0,0,0,0,0,0,0,0,0,0,0,0,0,0,0,0,0,0,0,0,0,0,0,0,0,0,0,0,0,0,0,0,0,0,0,0,0,0,0,0,0,0,0,0,0,0,0,0,0,0,0,0,0,0,0,0,0,0,0,0,0,0,0,0,0,0,0,0,0,0,0,0,0,0,0,0,0,0,0,0,0,0,0,0,0,0,0,0
35,3.9203e-05,1.6653e-11,0,0,0,0,0,0,0,0,0,0,0,0,0,0,0,0,0,0,0,0,0,0,0,0,0,0,0,0,0,0,0,0,0,0,0,0,0,0,0,0,0,0,0,0,0,0,0,0,0,0,0,0,0,0,0,0,0,0,0,0,0,0,0,0,0,0,0,0,0,0,0,0,0,0,0,0,0,0,0,0,0,0,0,0,0,0,0,0,0,0,0,0,0,0,0,0,0,0
36,0,0,0,0,0,0,0,0,0,0,0,0,0,0,0,0,0,0,0,0,0,0,0,0,0,0,0,0,0,0,0,0,0,0,0,0,0,0,0,0,0,0,0,0,0,0,0,0,0,0,0,0,0,0,0,0,0,0,0,0,0,0,0,0,0,0,0,0,0,0,0,0,0,0,0,0,0,0,0,0,0,0,0,0,0,0,0,0,0,0,0,0,0,0,0,0,0,0,0,0
37,0.00019293,3.6546e-11,0,0,0,0,0,0,0,0,0,0,0,0,0,0,0,0,0,0,0,0,0,0,0,0,0,0,0,0,0,0,0,0,0,0,0,0,0,0,0,0,0,0,0,0,0,0,0,0,0,0,0,0,0,0,0,0,0,0,0,0,0,0,0,0,0,0,0,0,0,0,0,0,0,0,0,0,0,0,0,0,0,0,0,0,0,0,0,0,0,0,0,0,0,0,0,0,0,0
38,0.98407,0.99309,0.98708,0.89511,0.87156,0.87721,0.9605,0.91326,0.82488,0.92011,0.93571,0.93834,0.9461,0.94306,0.90406,0.80529,0.71121,0.38725,0.26842,0.18429,0.13015,0.10609,0.099284,0.10828,0.2088,0.16899,0.27589,0.36091,0.25809,0.29443,0.23798,0.23662,0.20492,0.18296,0.12547,0.13543,0.13513,0.145,0.12554,0.12751,0.12702,0.09784,0.097723,0.053028,0.051349,0.084113,0.12666,0.10933,0.089085,0.078482,0.051763,0.048152,0.022294,0.027525,0.028255,0.020356,0.029484,0.037989,0.03288,0.025199,0.026339,0.018498,0.022445,0.0125,0.015333,0.013068,0.01285,0.016974,0.024551,0.024758,0.02467,0.032742,0.051862,0.050072,0.042052,0.029809,0.034813,0.029952,0.038618,0.042951,0.037372,0.023787,0.016586,0.0068451,0.0065273,0.0063362,0.0053962,0.0044548,0.0024272,0.0020521,0.0014505,0.0014663,0.0010629,0.001324,0.0013719,0.0013246,0.0022837,0.0021093,0.0040263,0.0025696
39,0.31158,0.44082,0.92261,0.88028,0.4345,0.17285,0.45078,0.40427,0.55432,0.59465,0.38993,0.31792,0.39432,0.28325,0.2004,0.16614,0.14495,0.07916,0.018308,0.0043608,0.0030537,0.0026774,0.0023935,0.0023215,0.0014682,0.0016378,0.00083473,0.00058708,0.00023199,0.00022737,0.00016132,5.1124e-05,8.3588e-05,2.956e-05,6.6296e-06,1.2463e-05,1.055e-05,1.6248e-06,3.5071e-07,1.6574e-07,1.1516e-07,2.5386e-08,4.3187e-09,5.2518e-09,8.3739e-10,8.4385e-11,6.2961e-11,2.1704e-11,5.2396e-11,2.8185e-11,1.4573e-11,6.9495e-11,3.6602e-11,3.4398e-11,3.7335e-11,1.3571e-10,3.5197e-10,1.6043e-09,1.008e-12,0,0,0,0,0,0,0,0,0,0,0,0,0,0,0,0,0,0,0,0,0,0,0,0,0,0,0,0,0,0,0,0,0,0,0,0,0,0,0,0,0
40,0.00032175,8.6121e-08,2.0301e-08,8.9353e-07,1.981e-07,7.3476e-07,2.528e-08,2.6771e-12,2.9233e-12,5.5511e-16,0,0,0,0,0,0,0,0,0,0,0,0,0,0,0,0,0,0,0,0,0,0,0,0,0,0,0,0,0,0,0,0,0,0,0,0,0,0,0,0,0,0,0,0,0,0,0,0,0,0,0,0,0,0,0,0,0,0,0,0,0,0,0,0,0,0,0,0,0,0,0,0,0,0,0,0,0,0,0,0,0,0,0,0,0,0,0,0,0,0
41,0,0,0,0,0,0,0,0,0,0,0,0,0,0,0,0,0,0,0,0,0,0,0,0,0,0,0,0,0,0,0,0,0,0,0,0,0,0,0,0,0,0,0,0,0,0,0,0,0,0,0,0,0,0,0,0,0,0,0,0,0,0,0,0,0,0,0,0,0,0,0,0,0,0,0,0,0,0,0,0,0,0,0,0,0,0,0,0,0,0,0,0,0,0,0,0,0,0,0,0
42,6.7969e-10,3.3307e-16,2.2204e-16,0,0,0,0,0,0,0,0,0,0,0,0,0,0,0,0,0,0,0,0,0,0,0,0,0,0,0,0,0,0,0,0,0,0,0,0,0,0,0,0,0,0,0,0,0,0,0,0,0,0,0,0,0,0,0,0,0,0,0,0,0,0,0,0,0,0,0,0,0,0,0,0,0,0,0,0,0,0,0,0,0,0,0,0,0,0,0,0,0,0,0,0,0,0,0,0,0
43,0.19863,0.0017384,8.68e-06,1.5649e-06,3.6607e-07,9.4352e-10,7.7716e-15,0,0,0,0,0,0,0,0,0,0,0,0,0,0,0,0,0,0,0,0,0,0,0,0,0,0,0,0,0,0,0,0,0,0,0,0,0,0,0,0,0,0,0,0,0,0,0,0,0,0,0,0,0,0,0,0,0,0,0,0,0,0,0,0,0,0,0,0,0,0,0,0,0,0,0,0,0,0,0,0,0,0,0,0,0,0,0,0,0,0,0,0,0
44,1.6289e-05,0,0,0,0,0,0,0,0,0,0,0,0,0,0,0,0,0,0,0,0,0,0,0,0,0,0,0,0,0,0,0,0,0,0,0,0,0,0,0,0,0,0,0,0,0,0,0,0,0,0,0,0,0,0,0,0,0,0,0,0,0,0,0,0,0,0,0,0,0,0,0,0,0,0,0,0,0,0,0,0,0,0,0,0,0,0,0,0,0,0,0,0,0,0,0,0,0,0,0
45,1.1102e-16,0,0,0,0,0,0,0,0,0,0,0,0,0,0,0,0,0,0,0,0,0,0,0,0,0,0,0,0,0,0,0,0,0,0,0,0,0,0,0,0,0,0,0,0,0,0,0,0,0,0,0,0,0,0,0,0,0,0,0,0,0,0,0,0,0,0,0,0,0,0,0,0,0,0,0,0,0,0,0,0,0,0,0,0,0,0,0,0,0,0,0,0,0,0,0,0,0,0,0
46,0.0037618,0.00023341,3.8228e-08,1.0106e-10,7.2675e-13,0,0,0,0,0,0,0,0,0,0,0,0,0,0,0,0,0,0,0,0,0,0,0,0,0,0,0,0,0,0,0,0,0,0,0,0,0,0,0,0,0,0,0,0,0,0,0,0,0,0,0,0,0,0,0,0,0,0,0,0,0,0,0,0,0,0,0,0,0,0,0,0,0,0,0,0,0,0,0,0,0,0,0,0,0,0,0,0,0,0,0,0,0,0,0
47,0.5829,0.55313,0.023049,6.1216e-05,6.0299e-10,5.6621e-15,1.1102e-16,0,0,0,0,0,0,0,0,0,0,0,0,0,0,0,0,0,0,0,0,0,0,0,0,0,0,0,0,0,0,0,0,0,0,0,0,0,0,0,0,0,0,0,0,0,0,0,0,0,0,0,0,0,0,0,0,0,0,0,0,0,0,0,0,0,0,0,0,0,0,0,0,0,0,0,0,0,0,0,0,0,0,0,0,0,0,0,0,0,0,0,0,0
48,0.00068316,0.0014165,1.0549e-05,0.00013007,1.17e-05,9.7241e-10,2.7756e-15,0,0,0,0,0,0,0,0,0,0,0,0,0,0,0,0,0,0,0,0,0,0,0,0,0,0,0,0,0,0,0,0,0,0,0,0,0,0,0,0,0,0,0,0,0,0,0,0,0,0,0,0,0,0,0,0,0,0,0,0,0,0,0,0,0,0,0,0,0,0,0,0,0,0,0,0,0,0,0,0,0,0,0,0,0,0,0,0,0,0,0,0,0
49,0.023127,9.9462e-05,1.3083e-09,1.2101e-14,0,0,0,0,0,0,0,0,0,0,0,0,0,0,0,0,0,0,0,0,0,0,0,0,0,0,0,0,0,0,0,0,0,0,0,0,0,0,0,0,0,0,0,0,0,0,0,0,0,0,0,0,0,0,0,0,0,0,0,0,0,0,0,0,0,0,0,0,0,0,0,0,0,0,0,0,0,0,0,0,0,0,0,0,0,0,0,0,0,0,0,0,0,0,0,0
50,0.58387,0.0040016,0.00012198,6.7683e-06,2.0444e-09,1.6555e-09,6.9321e-12,9.5934e-13,4.4409e-16,0,0,0,0,0,0,0,0,0,0,0,0,0,0,0,0,0,0,0,0,0,0,0,0,0,0,0,0,0,0,0,0,0,0,0,0,0,0,0,0,0,0,0,0,0,0,0,0,0,0,0,0,0,0,0,0,0,0,0,0,0,0,0,0,0,0,0,0,0,0,0,0,0,0,0,0,0,0,0,0,0,0,0,0,0,0,0,0,0,0,0
1,0.24931,0.62596,0.87956,0.96406,0.84271,0.56272,0.313,0.25018,0.017288,2.5226e-05,1.9512e-06,1.8421e-07,1.1017e-07,1.6649e-07,1.0122e-07,1.1474e-08,6.3064e-08,7.1831e-09,2.6318e-09,1.25e-09,7.0445e-10,2.61e-10,1.7297e-10,1.3455e-11,6.2837e-11,2.8293e-10,1.3715e-10,2.0936e-11,2.1068e-12,5.0071e-13,2.7778e-12,2.3848e-13,8.2712e-13,1.5626e-12,1.8895e-12,3.5172e-13,1.1102e-15,2.2204e-16,0,0,0,0,0,0,0,0,0,0,0,0,0,0,0,0,0,0,0,0,0,0,0,0,0,0,0,0,0,0,0,0,0,0,0,0,0,0,0,0,0,0,0,0,0,0,0,0,0,0,0,0,0,0,0,0,0,0,0,0,0,0
2,9.8537e-11,0,0,0,0,0,0,0,0,0,0,0,0,0,0,0,0,0,0,0,0,0,0,0,0,0,0,0,0,0,0,0,0,0,0,0,0,0,0,0,0,0,0,0,0,0,0,0,0,0,0,0,0,0,0,0,0,0,0,0,0,0,0,0,0,0,0,0,0,0,0,0,0,0,0,0,0,0,0,0,0,0,0,0,0,0,0,0,0,0,0,0,0,0,0,0,0,0,0,0
3,0.27153,0.226,0.049835,0.014395,0.00026683,2.8131e-05,6.7971e-06,2.5909e-07,4.2329e-09,2.9725e-11,3.0531e-14,1.1102e-16,0,0,0,0,0,0,0,0,0,0,0,0,0,0,0,0,0,0,0,0,0,0,0,0,0,0,0,0,0,0,0,0,0,0,0,0,0,0,0,0,0,0,0,0,0,0,0,0,0,0,0,0,0,0,0,0,0,0,0,0,0,0,0,0,0,0,0,0,0,0,0,0,0,0,0,0,0,0,0,0,0,0,0,0,0,0,0,0
4,6.0415e-06,1.6386e-09,3.8969e-14,0,0,0,0,0,0,0,0,0,0,0,0,0,0,0,0,0,0,0,0,0,0,0,0,0,0,0,0,0,0,0,0,0,0,0,0,0,0,0,0,0,0,0,0,0,0,0,0,0,0,0,0,0,0,0,0,0,0,0,0,0,0,0,0,0,0,0,0,0,0,0,0,0,0,0,0,0,0,0,0,0,0,0,0,0,0,0,0,0,0,0,0,0,0,0,0,0
5,0.00012897,8.0991e-09,1.2657e-14,7.0499e-14,0,0,0,0,0,0,0,0,0,0,0,0,0,0,0,0,0,0,0,0,0,0,0,0,0,0,0,0,0,0,0,0,0,0,0,0,0,0,0,0,0,0,0,0,0,0,0,0,0,0,0,0,0,0,0,0,0,0,0,0,0,0,0,0,0,0,0,0,0,0,0,0,0,0,0,0,0,0,0,0,0,0,0,0,0,0,0,0,0,0,0,0,0,0,0,0
6,0.88529,0.70062,0.30149,0.086979,0.16729,0.1847,0.18354,0.099659,0.0046605,0.00028401,2.3583e-06,6.6956e-08,9.0067e-08,1.1686e-09,2.6219e-11,2.7645e-14,1.8541e-14,1.7764e-15,0,0,0,0,0,0,0,0,0,0,0,0,0,0,0,0,0,0,0,0,0,0,0,0,0,0,0,0,0,0,0,0,0,0,0,0,0,0,0,0,0,0,0,0,0,0,0,0,0,0,0,0,0,0,0,0,0,0,0,0,0,0,0,0,0,0,0,0,0,0,0,0,0,0,0,0,0,0,0,0,0,0
7,6.148e-07,0,0,0,0,0,0,0,0,0,0,0,0,0,0,0,0,0,0,0,0,0,0,0,0,0,0,0,0,0,0,0,0,0,0,0,0,0,0,0,0,0,0,0,0,0,0,0,0,0,0,0,0,0,0,0,0,0,0,0,0,0,0,0,0,0,0,0,0,0,0,0,0,0,0,0,0,0,0,0,0,0,0,0,0,0,0,0,0,0,0,0,0,0,0,0,0,0,0,0
8,0.97034,0.99688,0.99881,0.98017,0.92411,0.54865,0.11942,0.071622,0.022364,0.00035333,4.4915e-06,2.5298e-09,4.5612e-12,1.7653e-14,1.1102e-16,0,0,0,0,0,0,0,0,0,0,0,0,0,0,0,0,0,0,0,0,0,0,0,0,0,0,0,0,0,0,0,0,0,0,0,0,0,0,0,0,0,0,0,0,0,0,0,0,0,0,0,0,0,0,0,0,0,0,0,0,0,0,0,0,0,0,0,0,0,0,0,0,0,0,0,0,0,0,0,0,0,0,0,0,0
9,0.016158,8.7642e-06,6.7841e-10,0,0,0,0,0,0,0,0,0,0,0,0,0,0,0,0,0,0,0,0,0,0,0,0,0,0,0,0,0,0,0,0,0,0,0,0,0,0,0,0,0,0,0,0,0,0,0,0,0,0,0,0,0,0,0,0,0,0,0,0,0,0,0,0,0,0,0,0,0,0,0,0,0,0,0,0,0,0,0,0,0,0,0,0,0,0,0,0,0,0,0,0,0,0,0,0,0
10,1.8385e-13,0,0,0,0,0,0,0,0,0,0,0,0,0,0,0,0,0,0,0,0,0,0,0,0,0,0,0,0,0,0,0,0,0,0,0,0,0,0,0,0,0,0,0,0,0,0,0,0,0,0,0,0,0,0,0,0,0,0,0,0,0,0,0,0,0,0,0,0,0,0,0,0,0,0,0,0,0,0,0,0,0,0,0,0,0,0,0,0,0,0,0,0,0,0,0,0,0,0,0
11,0.38727,0.021757,0.0020142,0.00010808,0.00012629,1.9429e-05,3.5213e-06,5.4357e-07,1.1509e-07,3.3784e-10,1.2627e-11,3.2041e-13,3.4417e-15,0,0,0,0,0,0,0,0,0,0,0,0,0,0,0,0,0,0,0,0,0,0,0,0,0,0,0,0,0,0,0,0,0,0,0,0,0,0,0,0,0,0,0,0,0,0,0,0,0,0,0,0,0,0,0,0,0,0,0,0,0,0,0,0,0,0,0,0,0,0,0,0,0,0,0,0,0,0,0,0,0,0,0,0,0,0,0
12,0.068803,1.4244e-05,1.6059e-06,4.5376e-11,1.1102e-16,0,0,0,0,0,0,0,0,0,0,0,0,0,0,0,0,0,0,0,0,0,0,0,0,0,0,0,0,0,0,0,0,0,0,0,0,0,0,0,0,0,0,0,0,0,0,0,0,0,0,0,0,0,0,0,0,0,0,0,0,0,0,0,0,0,0,0,0,0,0,0,0,0,0,0,0,0,0,0,0,0,0,0,0,0,0,0,0,0,0,0,0,0,0,0
13,1.4451e-06,0,0,0,0,0,0,0,0,0,0,0,0,0,0,0,0,0,0,0,0,0,0,0,0,0,0,0,0,0,0,0,0,0,0,0,0,0,0,0,0,0,0,0,0,0,0,0,0,0,0,0,0,0,0,0,0,0,0,0,0,0,0,0,0,0,0,0,0,0,0,0,0,0,0,0,0,0,0,0,0,0,0,0,0,0,0,0,0,0,0,0,0,0,0,0,0,0,0,0
14,0.9054,0.96761,0.99307,0.99906,0.99397,0.98146,0.99483,0.98843,0.99905,0.99691,0.98663,0.96139,0.94247,0.87879,0.90668,0.87565,0.8673,0.78204,0.79658,0.71737,0.47767,0.40145,0.44932,0.36152,0.27478,0.18471,0.22437,0.15686,0.13875,0.079522,0.087964,0.097359,0.057748,0.042374,0.022635,0.01053,0.006748,0.0039088,0.002529,0.0028683,0.0013247,0.0007427,0.00064253,0.00073281,0.00054534,0.00045951,0.00017917,0.00011367,8.1631e-05,9.2871e-05,0.00013302,0.00012638,0.00012704,3.3431e-05,6.2666e-06,3.4421e-06,6.4605e-06,1.1802e-06,1.4509e-06,4.1327e-07,1.0941e-07,6.163e-09,1.7549e-09,1.1624e-10,8.8316e-12,3.6763e-11,1.9903e-11,1.0012e-11,7.6369e-12,3.7297e-12,1.1608e-12,1.2933e-12,3.2729e-13,3.2163e-13,2.558e-13,2.9421e-14,9.881e-15,3.3307e-16,0,0,0,0,0,0,0,0,0,0,0,0,0,0,0,0,0,0,0,0,0,0
15,0.73627,0.35249,0.024548,0.00052164,6.881e-06,1.9738e-07,1.3832e-08,5.2824e-10,3.2278e-11,3.1126e-11,1.4388e-13,4.4409e-15,1.1102e-16,0,0,0,0,0,0,0,0,0,0,0,0,0,0,0,0,0,0,0,0,0,0,0,0,0,0,0,0,0,0,0,0,0,0,0,0,0,0,0,0,0,0,0,0,0,0,0,0,0,0,0,0,0,0,0,0,0,0,0,0,0,0,0,0,0,0,0,0,0,0,0,0,0,0,0,0,0,0,0,0,0,0,0,0,0,0,0
16,5.4112e-13,0,0,0,0,0,0,0,0,0,0,0,0,0,0,0,0,0,0,0,0,0,0,0,0,0,0,0,0,0,0,0,0,0,0,0,0,0,0,0,0,0,0,0,0,0,0,0,0,0,0,0,0,0,0,0,0,0,0,0,0,0,0,0,0,0,0,0,0,0,0,0,0,0,0,0,0,0,0,0,0,0,0,0,0,0,0,0,0,0,0,0,0,0,0,0,0,0,0,0
17,0.32141,0.002298,3.3546e-06,4.6885e-10,3.1974e-14,1.7764e-15,0,0,0,0,0,0,0,0,0,0,0,0,0,0,0,0,0,0,0,0,0,0,0,0,0,0,0,0,0,0,0,0,0,0,0,0,0,0,0,0,0,0,0,0,0,0,0,0,0,0,0,0,0,0,0,0,0,0,0,0,0,0,0,0,0,0,0,0,0,0,0,0,0,0,0,0,0,0,0,0,0,0,0,0,0,0,0,0,0,0,0,0,0,0
18,0.90755,0.84064,0.72293,0.58737,0.50092,0.49808,0.67318,0.78273,0.63138,0.29088,0.12965,0.032415,0.012997,0.015098,0.004389,0.0016354,8.3452e-05,5.3863e-05,3.5479e-05,1.4931e-05,2.5208e-06,7.4534e-07,2.9502e-07,1.0843e-07,7.2297e-08,2.9855e-09,1.2335e-10,7.4352e-13,2.2249e-13,4.019e-14,1.1102e-15,9.992e-16,3.3307e-16,0,0,0,0,0,0,0,0,0,0,0,0,0,0,0,0,0,0,0,0,0,0,0,0,0,0,0,0,0,0,0,0,0,0,0,0,0,0,0,0,0,0,0,0,0,0,0,0,0,0,0,0,0,0,0,0,0,0,0,0,0,0,0,0,0,0,0
19,3.722e-06,1.6653e-15,0,0,0,0,0,0,0,0,0,0,0,0,0,0,0,0,0,0,0,0,0,0,0,0,0,0,0,0,0,0,0,0,0,0,0,0,0,0,0,0,0,0,0,0,0,0,0,0,0,0,0,0,0,0,0,0,0,0,0,0,0,0,0,0,0,0,0,0,0,0,0,0,0,0,0,0,0,0,0,0,0,0,0,0,0,0,0,0,0,0,0,0,0,0,0,0,0,0
20,0.83434,0.59851,0.19346,0.034467,0.0040073,0.0011313,6.2633e-06,1.8712e-07,1.1862e-10,6.4115e-13,2.5091e-14,6.6613e-16,0,0,0,0,0,0,0,0,0,0,0,0,0,0,0,0,0,0,0,0,0,0,0,0,0,0,0,0,0,0,0,0,0,0,0,0,0,0,0,0,0,0,0,0,0,0,0,0,0,0,0,0,0,0,0,0,0,0,0,0,0,0,0,0,0,0,0,0,0,0,0,0,0,0,0,0,0,0,0,0,0,0,0,0,0,0,0,0
21,0.20023,0.015564,0.00094557,3.6941e-05,1.4613e-07,2.2497e-11,2.2071e-12,1.1573e-12,1.8746e-11,1.0769e-12,4.885e-15,3.3307e-16,0,0,0,0,0,0,0,0,0,0,0,0,0,0,0,0,0,0,0,0,0,0,0,0,0,0,0,0,0,0,0,0,0,0,0,0,0,0,0,0,0,0,0,0,0,0,0,0,0,0,0,0,0,0,0,0,0,0,0,0,0,0,0,0,0,0,0,0,0,0,0,0,0,0,0,0,0,0,0,0,0,0,0,0,0,0,0,0
22,0.29811,0.06736,0.00055661,0.00011419,1.3672e-07,6.3605e-11,7.5606e-14,2.2204e-16,0,0,0,0,0,0,0,0,0,0,0,0,0,0,0,0,0,0,0,0,0,0,0,0,0,0,0,0,0,0,0,0,0,0,0,0,0,0,0,0,0,0,0,0,0,0,0,0,0,0,0,0,0,0,0,0,0,0,0,0,0,0,0,0,0,0,0,0,0,0,0,0,0,0,0,0,0,0,0,0,0,0,0,0,0,0,0,0,0,0,0,0
23,2.2204e-15,0,0,0,0,0,0,0,0,0,0,0,0,0,0,0,0,0,0,0,0,0,0,0,0,0,0,0,0,0,0,0,0,0,0,0,0,0,0,0,0,0,0,0,0,0,0,0,0,0,0,0,0,0,0,0,0,0,0,0,0,0,0,0,0,0,0,0,0,0,0,0,0,0,0,0,0,0,0,0,0,0,0,0,0,0,0,0,0,0,0,0,0,0,0,0,0,0,0,0
24,0.042824,0.0076023,0.0012218,7.3902e-07,3.2707e-06,6.2221e-10,9.9053e-12,1.9906e-13,1.1102e-16,0,0,0,0,0,0,0,0,0,0,0,0,0,0,0,0,0,0,0,0,0,0,0,0,0,0,0,0,0,0,0,0,0,0,0,0,0,0,0,0,0,0,0,0,0,0,0,0,0,0,0,0,0,0,0,0,0,0,0,0,0,0,0,0,0,0,0,0,0,0,0,0,0,0,0,0,0,0,0,0,0,0,0,0,0,0,0,0,0,0,0
25,0.64958,0.01178,0.0010522,0.0004004,2.9585e-05,2.4471e-08,1.319e-11,1.1591e-13,9.3259e-15,0,1.1102e-16,0,0,0,0,0,0,0,0,0,0,0,0,0,0,0,0,0,0,0,0,0,0,0,0,0,0,0,0,0,0,0,0,0,0,0,0,0,0,0,0,0,0,0,0,0,0,0,0,0,0,0,0,0,0,0,0,0,0,0,0,0,0,0,0,0,0,0,0,0,0,0,0,0,0,0,0,0,0,0,0,0,0,0,0,0,0,0,0,0
26,5.5413e-06,9.6145e-14,0,0,0,0,0,0,0,0,0,0,0,0,0,0,0,0,0,0,0,0,0,0,0,0,0,0,0,0,0,0,0,0,0,0,0,0,0,0,0,0,0,0,0,0,0,0,0,0,0,0,0,0,0,0,0,0,0,0,0,0,0,0,0,0,0,0,0,0,0,0,0,0,0,0,0,0,0,0,0,0,0,0,0,0,0,0,0,0,0,0,0,0,0,0,0,0,0,0
27,0.9935,0.99688,0.79818,0.46904,0.14158,0.017586,0.00097934,0.00081764,2.9846e-05,2.3165e-07,3.675e-10,2.2349e-13,0,0,0,0,0,0,0,0,0,0,0,0,0,0,0,0,0,0,0,0,0,0,0,0,0,0,0,0,0,0,0,0,0,0,0,0,0,0,0,0,0,0,0,0,0,0,0,0,0,0,0,0,0,0,0,0,0,0,0,0,0,0,0,0,0,0,0,0,0,0,0,0,0,0,0,0,0,0,0,0,0,0,0,0,0,0,0,0
28,0.0077093,4.5327e-05,7.6582e-11,0,0,0,0,0,0,0,0,0,0,0,0,0,0,0,0,0,0,0,0,0,0,0,0,0,0,0,0,0,0,0,0,0,0,0,0,0,0,0,0,0,0,0,0,0,0,0,0,0,0,0,0,0,0,0,0,0,0,0,0,0,0,0,0,0,0,0,0,0,0,0,0,0,0,0,0,0,0,0,0,0,0,0,0,0,0,0,0,0,0,0,0,0,0,0,0,0
29,0,0,0,0,0,0,0,0,0,0,0,0,0,0,0,0,0,0,0,0,0,0,0,0,0,0,0,0,0,0,0,0,0,0,0,0,0,0,0,0,0,0,0,0,0,0,0,0,0,0,0,0,0,0,0,0,0,0,0,0,0,0,0,0,0,0,0,0,0,0,0,0,0,0,0,0,0,0,0,0,0,0,0,0,0,0,0,0,0,0,0,0,0,0,0,0,0,0,0,0
30,0.81775,0.95239,0.71198,0.60261,0.58596,0.48881,0.71127,0.61494,0.65652,0.68993,0.52271,0.45721,0.56615,0.68115,0.62868,0.66592,0.61843,0.57095,0.53307,0.18943,0.021852,0.0038178,0.00092119,0.00012968,1.4106e-05,7.0034e-06,1.9676e-06,2.4804e-07,5.228e-07,1.2599e-07,2.649e-08,6.2403e-10,6.4229e-10,6.748e-12,2.3759e-13,3.3307e-16,0,0,0,0,0,0,0,0,0,0,0,0,0,0,0,0,0,0,0,0,0,0,0,0,0,0,0,0,0,0,0,0,0,0,0,0,0,0,0,0,0,0,0,0,0,0,0,0,0,0,0,0,0,0,0,0,0,0,0,0,0,0,0,0
31,0,0,0,0,0,0,0,0,0,0,0,0,0,0,0,0,0,0,0,0,0,0,0,0,0,0,0,0,0,0,0,0,0,0,0,0,0,0,0,0,0,0,0,0,0,0,0,0,0,0,0,0,0,0,0,0,0,0,0,0,0,0,0,0,0,0,0,0,0,0,0,0,0,0,0,0,0,0,0,0,0,0,0,0,0,0,0,0,0,0,0,0,0,0,0,0,0,0,0,0
32,0,0,0,0,0,0,0,0,0,0,0,0,0,0,0,0,0,0,0,0,0,0,0,0,0,0,0,0,0,0,0,0,0,0,0,0,0,0,0,0,0,0,0,0,0,0,0,0,0,0,0,0,0,0,0,0,0,0,0,0,0,0,0,0,0,0,0,0,0,0,0,0,0,0,0,0,0,0,0,0,0,0,0,0,0,0,0,0,0,0,0,0,0,0,0,0,0,0,0,0
33,0.67971,0.4176,0.31893,0.44816,0.31065,0.001682,0.00077905,0.00050767,9.7298e-07,6.4406e-08,1.0872e-09,2.9448e-12,4.4378e-11,3.8081e-11,6.2613e-11,2.204e-10,1.8202e-11,4.0989e-13,3.4861e-14,1.8097e-14,5.2736e-14,1.4544e-14,1.4211e-14,1.9207e-14,3.1086e-15,8.8818e-16,8.8818e-16,2.7756e-15,7.7716e-16,4.4409e-16,1.1102e-16,3.3307e-16,0,0,0,1.1102e-16,0,0,0,0,0,0,0,0,0,0,0,0,0,0,1.1102e-16,0,0,0,0,0,0,0,0,0,0,0,0,0,0,0,0,0,0,0,0,0,0,0,0,0,0,0,0,0,0,0,0,0,0,0,0,0,0,0,0,0,0,0,0,0,0,0,0,0
34,0.00025879,7.0766e-13,0,0,0,0,0,0,0,0,0,0,0,0,0,0,0,0,0,0,0,0,0,0,0,0,0,0,0,0,0,0,0,0,0,0,0,0,0,0,0,0,0,0,0,0,0,0,0,0,0,0,0,0,0,0,0,0,0,0,0,0,0,0,0,0,0,0,0,0,0,0,0,0,0,0,0,0,0,0,0,0,0,0,0,0,0,0,0,0,0,0,0,0,0,0,0,0,0,0
35,0.00051064,3.8061e-10,0,0,0,0,0,0,0,0,0,0,0,0,0,0,0,0,0,0,0,0,0,0,0,0,0,0,0,0,0,0,0,0,0,0,0,0,0,0,0,0,0,0,0,0,0,0,0,0,0,0,0,0,0,0,0,0,0,0,0,0,0,0,0,0,0,0,0,0,0,0,0,0,0,0,0,0,0,0,0,0,0,0,0,0,0,0,0,0,0,0,0,0,0,0,0,0,0,0
36,3.3286e-12,0,0,0,0,0,0,0,0,0,0,0,0,0,0,0,0,0,0,0,0,0,0,0,0,0,0,0,0,0,0,0,0,0,0,0,0,0,0,0,0,0,0,0,0,0,0,0,0,0,0,0,0,0,0,0,0,0,0,0,0,0,0,0,0,0,0,0,0,0,0,0,0,0,0,0,0,0,0,0,0,0,0,0,0,0,0,0,0,0,0,0,0,0,0,0,0,0,0,0
37,0.099971,0.00017896,9.675e-07,3.1636e-08,1.537e-10,2.3104e-13,2.2204e-16,4.4409e-16,0,0,0,0,0,0,0,0,0,0,0,0,0,0,0,0,0,0,0,0,0,0,0,0,0,0,0,0,0,0,0,0,0,0,0,0,0,0,0,0,0,0,0,0,0,0,0,0,0,0,0,0,0,0,0,0,0,0,0,0,0,0,0,0,0,0,0,0,0,0,0,0,0,0,0,0,0,0,0,0,0,0,0,0,0,0,0,0,0,0,0,0
38,0.89753,0.99757,0.99293,0.97797,0.96367,0.93308,0.98264,0.97437,0.9269,0.9625,0.9856,0.99031,0.98947,0.98938,0.9842,0.93706,0.85453,0.63366,0.53778,0.34526,0.29087,0.21585,0.15278,0.20191,0.23282,0.16413,0.36328,0.55857,0.4776,0.43277,0.42906,0.35358,0.35521,0.34563,0.20846,0.20091,0.1869,0.22139,0.28943,0.24066,0.23933,0.18327,0.17101,0.11387,0.095085,0.10461,0.11842,0.11502,0.09686,0.10266,0.065551,0.045392,0.02655,0.027541,0.024791,0.025626,0.037081,0.043265,0.03608,0.029327,0.026842,0.019635,0.02281,0.031227,0.042282,0.040165,0.052552,0.050151,0.048484,0.052983,0.049347,0.045463,0.068907,0.066504,0.053971,0.040733,0.035738,0.038256,0.048793,0.051229,0.045073,0.025294,0.015001,0.0077575,0.0085747,0.0099324,0.011174,0.010686,0.0059812,0.0063491,0.005211,0.0064113,0.0047,0.0049634,0.0042895,0.0043474,0.0074505,0.0051205,0.0065946,0.0062095
39,0.24823,0.32845,0.85386,0.80706,0.29314,0.20343,0.36634,0.30397,0.4841,0.55138,0.3928,0.30174,0.47569,0.32358,0.34517,0.33433,0.25973,0.17088,0.049269,0.012894,0.0086253,0.0045749,0.0045243,0.0033684,0.0039286,0.0052998,0.0029372,0.0031197,0.0037668,0.0057714,0.0035188,0.0023815,0.0023897,0.0014597,0.00077448,0.0014987,0.0013827,0.00044913,0.00025052,0.00038849,0.00081453,0.00050348,0.00035785,0.00064392,0.00064753,0.00020985,0.00015257,6.0639e-05,0.00010061,7.1455e-05,4.1571e-05,5.7719e-05,3.421e-05,3.5858e-05,4.2871e-05,8.5601e-05,8.0962e-05,0.00023222,6.5379e-07,1.1846e-13,0,0,0,0,0,0,0,0,0,0,0,0,0,0,0,0,0,0,0,0,0,0,0,0,0,0,0,0,0,0,0,0,0,0,0,0,0,0,0,0
40,0.00022673,0.00012895,0.0084944,0.078114,0.077256,0.036386,0.02941,0.0024558,0.002991,0.00070081,6.6434e-05,2.4348e-06,1.6265e-06,1.6706e-08,1.2589e-11,6.4393e-15,0,0,0,0,0,0,0,0,0,0,0,0,0,0,0,0,0,0,0,0,0,0,0,0,0,0,0,0,0,0,0,0,0,0,0,0,0,0,0,0,0,0,0,0,0,0,0,0,0,0,0,0,0,0,0,0,0,0,0,0,0,0,0,0,0,0,0,0,0,0,0,0,0,0,0,0,0,0,0,0,0,0,0,0
41,0,0,0,0,0,0,0,0,0,0,0,0,0,0,0,0,0,0,0,0,0,0,0,0,0,0,0,0,0,0,0,0,0,0,0,0,0,0,0,0,0,0,0,0,0,0,0,0,0,0,0,0,0,0,0,0,0,0,0,0,0,0,0,0,0,0,0,0,0,0,0,0,0,0,0,0,0,0,0,0,0,0,0,0,0,0,0,0,0,0,0,0,0,0,0,0,0,0,0,0
42,0.0085816,2.8389e-05,1.7482e-05,3.1506e-06,2.0957e-08,7.8865e-12,6.6613e-16,0,0,0,0,0,0,0,0,0,0,0,0,0,0,0,0,0,0,0,0,0,0,0,0,0,0,0,0,0,0,0,0,0,0,0,0,0,0,0,0,0,0,0,0,0,0,0,0,0,0,0,0,0,0,0,0,0,0,0,0,0,0,0,0,0,0,0,0,0,0,0,0,0,0,0,0,0,0,0,0,0,0,0,0,0,0,0,0,0,0,0,0,0
43,0.64987,0.11856,0.014855,0.0038087,0.0043243,4.8546e-05,2.6065e-07,4.8946e-10,1.2808e-11,1.1079e-10,4.2221e-12,2.2649e-14,0,0,0,0,0,0,0,0,0,0,0,0,0,0,0,0,0,0,0,0,0,0,0,0,0,0,0,0,0,0,0,0,0,0,0,0,0,0,0,0,0,0,0,0,0,0,0,0,0,0,0,0,0,0,0,0,0,0,0,0,0,0,0,0,0,0,0,0,0,0,0,0,0,0,0,0,0,0,0,0,0,0,0,0,0,0,0,0
44,0.0011285,3.3984e-13,1.2657e-14,0,0,0,0,0,0,0,0,0,0,0,0,0,0,0,0,0,0,0,0,0,0,0,0,0,0,0,0,0,0,0,0,0,0,0,0,0,0,0,0,0,0,0,0,0,0,0,0,0,0,0,0,0,0,0,0,0,0,0,0,0,0,0,0,0,0,0,0,0,0,0,0,0,0,0,0,0,0,0,0,0,0,0,0,0,0,0,0,0,0,0,0,0,0,0,0,0
45,2.9849e-07,0,0,0,0,0,0,0,0,0,0,0,0,0,0,0,0,0,0,0,0,0,0,0,0,0,0,0,0,0,0,0,0,0,0,0,0,0,0,0,0,0,0,0,0,0,0,0,0,0,0,0,0,0,0,0,0,0,0,0,0,0,0,0,0,0,0,0,0,0,0,0,0,0,0,0,0,0,0,0,0,0,0,0,0,0,0,0,0,0,0,0,0,0,0,0,0,0,0,0
46,0.90866,0.98633,0.9217,0.41366,0.18943,0.0073222,0.0001826,1.8145e-05,1.0402e-08,1.7798e-09,1.3347e-09,3.1361e-11,2.6523e-13,1.0203e-13,4.5852e-14,2.2204e-16,0,0,0,0,0,0,0,0,0,0,0,0,0,0,0,0,0,0,0,0,0,0,0,0,0,0,0,0,0,0,0,0,0,0,0,0,0,0,0,0,0,0,0,0,0,0,0,0,0,0,0,0,0,0,0,0,0,0,0,0,0,0,0,0,0,0,0,0,0,0,0,0,0,0,0,0,0,0,0,0,0,0,0,0
47,0.94441,0.99854,0.9919,0.76015,0.077197,0.0010903,0.00048553,0.00014649,6.1711e-07,3.4106e-08,1.8976e-10,6.0174e-14,1.5543e-15,0,0,0,0,0,0,0,0,0,0,0,0,0,0,0,0,0,0,0,0,0,0,0,0,0,0,0,0,0,0,0,0,0,0,0,0,0,0,0,0,0,0,0,0,0,0,0,0,0,0,0,0,0,0,0,0,0,0,0,0,0,0,0,0,0,0,0,0,0,0,0,0,0,0,0,0,0,0,0,0,0,0,0,0,0,0,0
48,0.16196,0.038339,0.0038106,0.0067235,0.0010674,3.4e-07,2.7867e-10,1.3323e-15,0,0,0,0,0,0,0,0,0,0,0,0,0,0,0,0,0,0,0,0,0,0,0,0,0,0,0,0,0,0,0,0,0,0,0,0,0,0,0,0,0,0,0,0,0,0,0,0,0,0,0,0,0,0,0,0,0,0,0,0,0,0,0,0,0,0,0,0,0,0,0,0,0,0,0,0,0,0,0,0,0,0,0,0,0,0,0,0,0,0,0,0
49,0.022864,0.0077579,9.6326e-06,6.5776e-09,3.8087e-12,3.3307e-16,0,0,0,0,0,0,0,0,0,0,0,0,0,0,0,0,0,0,0,0,0,0,0,0,0,0,0,0,0,0,0,0,0,0,0,0,0,0,0,0,0,0,0,0,0,0,0,0,0,0,0,0,0,0,0,0,0,0,0,0,0,0,0,0,0,0,0,0,0,0,0,0,0,0,0,0,0,0,0,0,0,0,0,0,0,0,0,0,0,0,0,0,0,0
50,0.99294,0.253,0.16357,0.085953,0.001093,0.00047315,3.6463e-05,5.713e-05,2.4674e-06,2.59e-07,1.8243e-09,7.2407e-12,3.9524e-14,4.4409e-16,0,0,0,0,0,0,0,0,0,0,0,0,0,0,0,0,0,0,0,0,0,0,0,0,0,0,0,0,0,0,0,0,0,0,0,0,0,0,0,0,0,0,0,0,0,0,0,0,0,0,0,0,0,0,0,0,0,0,0,0,0,0,0,0,0,0,0,0,0,0,0,0,0,0,0,0,0,0,0,0,0,0,0,0,0,0
1,0.29839,0.60441,0.88412,0.94617,0.80985,0.51653,0.26791,0.19948,0.015195,2.1545e-05,1.8062e-06,3.2377e-07,3.1717e-07,6.4515e-07,3.6004e-07,2.1638e-08,9.5204e-08,2.752e-08,1.0118e-08,5.6898e-09,3.0065e-09,2.5214e-09,2.1367e-09,2.8496e-10,1.2517e-09,5.6764e-09,1.639e-09,3.1874e-10,3.2196e-11,4.1989e-12,2.0085e-11,1.7416e-12,4.2004e-12,9.9415e-12,9.6173e-12,1.9791e-12,4.5519e-15,5.5511e-16,1.1102e-16,1.1102e-16,0,0,0,0,0,0,0,0,0,0,0,0,0,0,0,0,0,0,0,0,0,0,0,0,0,0,0,0,0,0,0,0,0,0,0,0,0,0,0,0,0,0,0,0,0,0,0,0,0,0,0,0,0,0,0,0,0,0,0,0
2,2.5974e-09,0,0,0,0,0,0,0,0,0,0,0,0,0,0,0,0,0,0,0,0,0,0,0,0,0,0,0,0,0,0,0,0,0,0,0,0,0,0,0,0,0,0,0,0,0,0,0,0,0,0,0,0,0,0,0,0,0,0,0,0,0,0,0,0,0,0,0,0,0,0,0,0,0,0,0,0,0,0,0,0,0,0,0,0,0,0,0,0,0,0,0,0,0,0,0,0,0,0,0
3,0.53457,0.40778,0.2445,0.086461,0.0069073,0.0022663,0.0038049,0.001178,7.6195e-05,1.8104e-06,5.9054e-09,8.3717e-11,1.3578e-13,3.3307e-16,0,0,0,0,0,0,0,0,0,0,0,0,0,0,0,0,0,0,0,0,0,0,0,0,0,0,0,0,0,0,0,0,0,0,0,0,0,0,0,0,0,0,0,0,0,0,0,0,0,0,0,0,0,0,0,0,0,0,0,0,0,0,0,0,0,0,0,0,0,0,0,0,0,0,0,0,0,0,0,0,0,0,0,0,0,0
4,0.00022374,1.0989e-05,1.6473e-06,2.8785e-10,2.2204e-14,2.2204e-16,0,0,0,0,0,0,0,0,0,0,0,0,0,0,0,0,0,0,0,0,0,0,0,0,0,0,0,0,0,0,0,0,0,0,0,0,0,0,0,0,0,0,0,0,0,0,0,0,0,0,0,0,0,0,0,0,0,0,0,0,0,0,0,0,0,0,0,0,0,0,0,0,0,0,0,0,0,0,0,0,0,0,0,0,0,0,0,0,0,0,0,0,0,0
5,0.00984,0.00051254,7.686e-06,1.8757e-05,5.5603e-07,1.8018e-05,1.9454e-06,3.4124e-08,7.9261e-11,6.6996e-12,1.9372e-12,1.7875e-13,2.9088e-14,1.3423e-13,4.1633e-14,1.8874e-15,0,0,0,0,0,0,0,0,0,0,0,0,0,0,0,0,0,0,0,0,0,0,0,0,0,0,0,0,0,0,0,0,0,0,0,0,0,0,0,0,0,0,0,0,0,0,0,0,0,0,0,0,0,0,0,0,0,0,0,0,0,0,0,0,0,0,0,0,0,0,0,0,0,0,0,0,0,0,0,0,0,0,0,0
6,0.98846,0.96758,0.86311,0.68058,0.86376,0.8511,0.85828,0.78381,0.14423,0.04186,0.0031666,0.00019505,0.0012409,8.2487e-05,3.7133e-06,2.9405e-08,1.1323e-08,8.0871e-10,1.8626e-11,7.4785e-13,3.7548e-13,9.992e-16,0,0,0,0,0,0,0,0,0,0,0,0,0,0,0,0,0,0,0,0,0,0,0,0,0,0,0,0,0,0,0,0,0,0,0,0,0,0,0,0,0,0,0,0,0,0,0,0,0,0,0,0,0,0,0,0,0,0,0,0,0,0,0,0,0,0,0,0,0,0,0,0,0,0,0,0,0,0
7,4.7174e-06,2.2204e-16,0,0,0,0,0,0,0,0,0,0,0,0,0,0,0,0,0,0,0,0,0,0,0,0,0,0,0,0,0,0,0,0,0,0,0,0,0,0,0,0,0,0,0,0,0,0,0,0,0,0,0,0,0,0,0,0,0,0,0,0,0,0,0,0,0,0,0,0,0,0,0,0,0,0,0,0,0,0,0,0,0,0,0,0,0,0,0,0,0,0,0,0,0,0,0,0,0,0
8,0.95174,0.99896,0.99985,0.97058,0.88253,0.53685,0.12557,0.06354,0.02216,0.00063001,7.3874e-06,3.0611e-09,6.9707e-11,1.4022e-13,5.5511e-16,1.1102e-16,0,0,0,0,0,0,0,0,0,0,0,0,0,0,0,0,0,0,0,0,0,0,0,0,0,0,0,0,0,0,0,0,0,0,0,0,0,0,0,0,0,0,0,0,0,0,0,0,0,0,0,0,0,0,0,0,0,0,0,0,0,0,0,0,0,0,0,0,0,0,0,0,0,0,0,0,0,0,0,0,0,0,0,0
9,0.028108,0.00011197,3.0542e-07,2.1205e-14,0,0,0,0,0,0,0,0,0,0,0,0,0,0,0,0,0,0,0,0,0,0,0,0,0,0,0,0,0,0,0,0,0,0,0,0,0,0,0,0,0,0,0,0,0,0,0,0,0,0,0,0,0,0,0,0,0,0,0,0,0,0,0,0,0,0,0,0,0,0,0,0,0,0,0,0,0,0,0,0,0,0,0,0,0,0,0,0,0,0,0,0,0,0,0,0
10,3.4095e-12,0,0,0,0,0,0,0,0,0,0,0,0,0,0,0,0,0,0,0,0,0,0,0,0,0,0,0,0,0,0,0,0,0,0,0,0,0,0,0,0,0,0,0,0,0,0,0,0,0,0,0,0,0,0,0,0,0,0,0,0,0,0,0,0,0,0,0,0,0,0,0,0,0,0,0,0,0,0,0,0,0,0,0,0,0,0,0,0,0,0,0,0,0,0,0,0,0,0,0
11,0.40351,0.026636,0.0077071,0.00014803,6.3664e-05,1.0779e-05,4.8876e-06,7.2583e-07,1.7965e-08,6.5998e-11,2.0361e-13,7.7716e-16,0,0,0,0,0,0,0,0,0,0,0,0,0,0,0,0,0,0,0,0,0,0,0,0,0,0,0,0,0,0,0,0,0,0,0,0,0,0,0,0,0,0,0,0,0,0,0,0,0,0,0,0,0,0,0,0,0,0,0,0,0,0,0,0,0,0,0,0,0,0,0,0,0,0,0,0,0,0,0,0,0,0,0,0,0,0,0,0
12,0.062602,2.0588e-06,3.4761e-07,6.3198e-12,0,0,0,0,0,0,0,0,0,0,0,0,0,0,0,0,0,0,0,0,0,0,0,0,0,0,0,0,0,0,0,0,0,0,0,0,0,0,0,0,0,0,0,0,0,0,0,0,0,0,0,0,0,0,0,0,0,0,0,0,0,0,0,0,0,0,0,0,0,0,0,0,0,0,0,0,0,0,0,0,0,0,0,0,0,0,0,0,0,0,0,0,0,0,0,0
13,0.00059575,7.6302e-11,9.992e-16,1.1102e-16,0,0,0,0,0,0,0,0,0,0,0,0,0,0,0,0,0,0,0,0,0,0,0,0,0,0,0,0,0,0,0,0,0,0,0,0,0,0,0,0,0,0,0,0,0,0,0,0,0,0,0,0,0,0,0,0,0,0,0,0,0,0,0,0,0,0,0,0,0,0,0,0,0,0,0,0,0,0,0,0,0,0,0,0,0,0,0,0,0,0,0,0,0,0,0,0
14,0.81401,0.98622,0.99337,0.99936,0.99486,0.9913,0.99883,0.99576,0.99975,0.99955,0.99628,0.99211,0.9835,0.96715,0.974,0.97042,0.96119,0.92741,0.94057,0.91221,0.78122,0.71616,0.73034,0.64047,0.55821,0.45136,0.52955,0.41063,0.3916,0.28852,0.30245,0.34158,0.23949,0.20666,0.14516,0.079104,0.053621,0.034751,0.023185,0.023646,0.014261,0.0092986,0.0090333,0.0091416,0.0077904,0.0062958,0.0032683,0.0028745,0.0031908,0.0028146,0.0026812,0.0022824,0.0024019,0.00082822,0.00020987,0.00018543,0.00033045,0.00011531,0.00015309,8.7961e-05,3.808e-05,3.4277e-06,2.3368e-06,4.0037e-07,3.611e-08,1.0184e-07,5.8544e-08,3.3009e-08,2.0391e-08,1.6415e-08,1.0901e-08,7.0146e-09,2.9405e-09,3.8185e-09,3.3682e-09,4.6832e-10,1.7602e-10,3.8062e-12,1.551e-13,1.1102e-15,0,0,0,0,0,0,0,0,0,0,0,0,0,0,0,0,0,0,0,0
15,0.52474,0.37842,0.017125,0.0027066,6.4561e-05,3.0791e-05,7.3635e-06,1.0966e-06,4.7227e-08,7.5532e-08,1.2274e-09,9.3172e-11,9.7525e-12,2.1894e-13,2.2204e-16,0,0,0,0,0,0,0,0,0,0,0,0,0,0,0,0,0,0,0,0,0,0,0,0,0,0,0,0,0,0,0,0,0,0,0,0,0,0,0,0,0,0,0,0,0,0,0,0,0,0,0,0,0,0,0,0,0,0,0,0,0,0,0,0,0,0,0,0,0,0,0,0,0,0,0,0,0,0,0,0,0,0,0,0,0
16,1.3815e-11,0,0,0,0,0,0,0,0,0,0,0,0,0,0,0,0,0,0,0,0,0,0,0,0,0,0,0,0,0,0,0,0,0,0,0,0,0,0,0,0,0,0,0,0,0,0,0,0,0,0,0,0,0,0,0,0,0,0,0,0,0,0,0,0,0,0,0,0,0,0,0,0,0,0,0,0,0,0,0,0,0,0,0,0,0,0,0,0,0,0,0,0,0,0,0,0,0,0,0
17,0.3699,0.0051226,1.6988e-05,5.3422e-08,1.4403e-11,2.0353e-11,1.1102e-16,0,0,0,0,0,0,0,0,0,0,0,0,0,0,0,0,0,0,0,0,0,0,0,0,0,0,0,0,0,0,0,0,0,0,0,0,0,0,0,0,0,0,0,0,0,0,0,0,0,0,0,0,0,0,0,0,0,0,0,0,0,0,0,0,0,0,0,0,0,0,0,0,0,0,0,0,0,0,0,0,0,0,0,0,0,0,0,0,0,0,0,0,0
18,0.92648,0.94377,0.94734,0.93918,0.81938,0.78978,0.93131,0.94744,0.885,0.60607,0.37824,0.14541,0.11075,0.1523,0.091514,0.060419,0.0085145,0.0047514,0.0044216,0.0024151,0.00066483,0.00057774,0.00025475,4.4228e-05,1.0477e-05,1.8985e-06,4.4991e-07,2.666e-08,1.023e-08,1.2831e-09,8.9549e-11,1.4756e-11,2.4162e-12,2.145e-13,6.6946e-14,2.5535e-15,0,0,0,0,0,0,0,0,0,0,0,0,0,0,0,0,0,0,0,0,0,0,0,0,0,0,0,0,0,0,0,0,0,0,0,0,0,0,0,0,0,0,0,0,0,0,0,0,0,0,0,0,0,0,0,0,0,0,0,0,0,0,0,0
19,4.3127e-05,5.3248e-11,4.5042e-13,0,0,0,0,0,0,0,0,0,0,0,0,0,0,0,0,0,0,0,0,0,0,0,0,0,0,0,0,0,0,0,0,0,0,0,0,0,0,0,0,0,0,0,0,0,0,0,0,0,0,0,0,0,0,0,0,0,0,0,0,0,0,0,0,0,0,0,0,0,0,0,0,0,0,0,0,0,0,0,0,0,0,0,0,0,0,0,0,0,0,0,0,0,0,0,0,0
20,0.92429,0.94377,0.79561,0.51706,0.34009,0.32577,0.052951,0.019374,0.00028737,3.5014e-05,2.1848e-05,2.8603e-06,1.1458e-06,1.2337e-07,3.2825e-09,2.1644e-11,4.4498e-13,2.6201e-14,0,0,0,0,0,0,0,0,0,0,0,0,0,0,0,0,0,0,0,0,0,0,0,0,0,0,0,0,0,0,0,0,0,0,0,0,0,0,0,0,0,0,0,0,0,0,0,0,0,0,0,0,0,0,0,0,0,0,0,0,0,0,0,0,0,0,0,0,0,0,0,0,0,0,0,0,0,0,0,0,0,0
21,0.15458,0.025666,0.0040616,0.00096115,4.7364e-06,3.3483e-08,1.5066e-08,2.7558e-08,7.262e-08,3.1503e-08,1.464e-10,1.5897e-11,5.0573e-12,4.5619e-13,1.5321e-14,0,0,0,0,0,0,0,0,0,0,0,0,0,0,0,0,0,0,0,0,0,0,0,0,0,0,0,0,0,0,0,0,0,0,0,0,0,0,0,0,0,0,0,0,0,0,0,0,0,0,0,0,0,0,0,0,0,0,0,0,0,0,0,0,0,0,0,0,0,0,0,0,0,0,0,0,0,0,0,0,0,0,0,0,0
22,0.13367,0.03642,0.00047948,0.00042447,1.5107e-07,1.3943e-10,1.4777e-13,1.7764e-15,0,0,0,0,0,0,0,0,0,0,0,0,0,0,0,0,0,0,0,0,0,0,0,0,0,0,0,0,0,0,0,0,0,0,0,0,0,0,0,0,0,0,0,0,0,0,0,0,0,0,0,0,0,0,0,0,0,0,0,0,0,0,0,0,0,0,0,0,0,0,0,0,0,0,0,0,0,0,0,0,0,0,0,0,0,0,0,0,0,0,0,0
23,6.2906e-12,0,0,0,0,0,0,0,0,0,0,0,0,0,0,0,0,0,0,0,0,0,0,0,0,0,0,0,0,0,0,0,0,0,0,0,0,0,0,0,0,0,0,0,0,0,0,0,0,0,0,0,0,0,0,0,0,0,0,0,0,0,0,0,0,0,0,0,0,0,0,0,0,0,0,0,0,0,0,0,0,0,0,0,0,0,0,0,0,0,0,0,0,0,0,0,0,0,0,0
24,0.015044,0.0053634,0.0016057,1.1651e-06,1.6666e-05,9.2806e-08,1.5456e-08,1.005e-09,1.6628e-11,1.7908e-13,1.4322e-14,1.1102e-16,0,0,0,0,0,0,0,0,0,0,0,0,0,0,0,0,0,0,0,0,0,0,0,0,0,0,0,0,0,0,0,0,0,0,0,0,0,0,0,0,0,0,0,0,0,0,0,0,0,0,0,0,0,0,0,0,0,0,0,0,0,0,0,0,0,0,0,0,0,0,0,0,0,0,0,0,0,0,0,0,0,0,0,0,0,0,0,0
25,0.57696,0.028909,0.0020026,0.0013911,5.5125e-05,1.1743e-07,2.0545e-10,1.8301e-12,4.1189e-13,1.4433e-15,5.218e-15,0,0,0,0,0,0,0,0,0,0,0,0,0,0,0,0,0,0,0,0,0,0,0,0,0,0,0,0,0,0,0,0,0,0,0,0,0,0,0,0,0,0,0,0,0,0,0,0,0,0,0,0,0,0,0,0,0,0,0,0,0,0,0,0,0,0,0,0,0,0,0,0,0,0,0,0,0,0,0,0,0,0,0,0,0,0,0,0,0
26,0.00018669,2.9652e-10,1.1102e-16,0,0,0,0,0,0,0,0,0,0,0,0,0,0,0,0,0,0,0,0,0,0,0,0,0,0,0,0,0,0,0,0,0,0,0,0,0,0,0,0,0,0,0,0,0,0,0,0,0,0,0,0,0,0,0,0,0,0,0,0,0,0,0,0,0,0,0,0,0,0,0,0,0,0,0,0,0,0,0,0,0,0,0,0,0,0,0,0,0,0,0,0,0,0,0,0,0
27,0.99369,0.99829,0.90346,0.79601,0.47688,0.22453,0.15816,0.21924,0.044389,0.0028278,8.2987e-05,2.5759e-06,8.5753e-09,2.0853e-09,2.7971e-09,4.2258e-10,6.9701e-12,1.8541e-14,6.6613e-16,0,0,0,0,0,0,0,0,0,0,0,0,0,0,0,0,0,0,0,0,0,0,0,0,0,0,0,0,0,0,0,0,0,0,0,0,0,0,0,0,0,0,0,0,0,0,0,0,0,0,0,0,0,0,0,0,0,0,0,0,0,0,0,0,0,0,0,0,0,0,0,0,0,0,0,0,0,0,0,0,0
28,0.01662,0.0049324,8.6334e-08,4.2188e-15,0,0,0,0,0,0,0,0,0,0,0,0,0,0,0,0,0,0,0,0,0,0,0,0,0,0,0,0,0,0,0,0,0,0,0,0,0,0,0,0,0,0,0,0,0,0,0,0,0,0,0,0,0,0,0,0,0,0,0,0,0,0,0,0,0,0,0,0,0,0,0,0,0,0,0,0,0,0,0,0,0,0,0,0,0,0,0,0,0,0,0,0,0,0,0,0
29,0,0,0,0,0,0,0,0,0,0,0,0,0,0,0,0,0,0,0,0,0,0,0,0,0,0,0,0,0,0,0,0,0,0,0,0,0,0,0,0,0,0,0,0,0,0,0,0,0,0,0,0,0,0,0,0,0,0,0,0,0,0,0,0,0,0,0,0,0,0,0,0,0,0,0,0,0,0,0,0,0,0,0,0,0,0,0,0,0,0,0,0,0,0,0,0,0,0,0,0
30,0.76723,0.99636,0.97883,0.98874,0.99046,0.98483,0.99205,0.98992,0.99317,0.9948,0.97486,0.96224,0.98426,0.99223,0.98315,0.98814,0.98254,0.97127,0.97215,0.94605,0.93634,0.90458,0.86332,0.75003,0.63538,0.62315,0.62802,0.51621,0.59296,0.5299,0.47134,0.23448,0.19667,0.059842,0.022907,0.0030199,0.00027035,5.2058e-05,2.0519e-06,5.5594e-08,4.5853e-09,1.9373e-10,1.3464e-12,3.3307e-14,8.1046e-15,2.2204e-16,0,0,0,0,0,0,0,0,0,0,0,0,0,0,0,0,0,0,0,0,0,0,0,0,0,0,0,0,0,0,0,0,0,0,0,0,0,0,0,0,0,0,0,0,0,0,0,0,0,0,0,0,0,0
31,0,0,0,0,0,0,0,0,0,0,0,0,0,0,0,0,0,0,0,0,0,0,0,0,0,0,0,0,0,0,0,0,0,0,0,0,0,0,0,0,0,0,0,0,0,0,0,0,0,0,0,0,0,0,0,0,0,0,0,0,0,0,0,0,0,0,0,0,0,0,0,0,0,0,0,0,0,0,0,0,0,0,0,0,0,0,0,0,0,0,0,0,0,0,0,0,0,0,0,0
32,0,0,0,0,0,0,0,0,0,0,0,0,0,0,0,0,0,0,0,0,0,0,0,0,0,0,0,0,0,0,0,0,0,0,0,0,0,0,0,0,0,0,0,0,0,0,0,0,0,0,0,0,0,0,0,0,0,0,0,0,0,0,0,0,0,0,0,0,0,0,0,0,0,0,0,0,0,0,0,0,0,0,0,0,0,0,0,0,0,0,0,0,0,0,0,0,0,0,0,0
33,0.72995,0.59099,0.39211,0.53908,0.52889,0.012349,0.018083,0.025888,0.0014359,0.00037694,1.2629e-05,7.0252e-08,2.0981e-07,1.1401e-07,1.0035e-07,1.2164e-07,2.6935e-08,1.3809e-09,2.0606e-10,9.9892e-11,1.5815e-10,5.7758e-11,5.1943e-11,8.1832e-11,2.848e-11,2.1172e-11,1.2708e-11,3.3751e-11,1.5439e-11,1.0439e-11,2.5163e-12,9.4212e-12,1.2693e-12,8.2101e-13,7.3952e-13,1.4614e-12,6.6525e-13,4.623e-13,2.055e-13,5.3002e-13,2.4536e-13,2.2871e-14,4.4409e-15,9.992e-16,3.3307e-16,4.4409e-16,1.1102e-15,3.8858e-15,5.4401e-15,2.4536e-14,4.0201e-13,0,0,0,0,0,0,0,0,0,0,0,0,0,0,0,0,0,0,0,0,0,0,0,0,0,0,0,0,0,0,0,0,0,0,0,0,0,0,0,0,0,0,0,0,0,0,0,0,0
34,0.00042466,1.761e-12,0,0,0,0,0,0,0,0,0,0,0,0,0,0,0,0,0,0,0,0,0,0,0,0,0,0,0,0,0,0,0,0,0,0,0,0,0,0,0,0,0,0,0,0,0,0,0,0,0,0,0,0,0,0,0,0,0,0,0,0,0,0,0,0,0,0,0,0,0,0,0,0,0,0,0,0,0,0,0,0,0,0,0,0,0,0,0,0,0,0,0,0,0,0,0,0,0,0
35,0.11678,0.012594,9.9951e-07,7.3261e-09,3.9305e-11,0,0,0,0,0,0,0,0,0,0,0,0,0,0,0,0,0,0,0,0,0,0,0,0,0,0,0,0,0,0,0,0,0,0,0,0,0,0,0,0,0,0,0,0,0,0,0,0,0,0,0,0,0,0,0,0,0,0,0,0,0,0,0,0,0,0,0,0,0,0,0,0,0,0,0,0,0,0,0,0,0,0,0,0,0,0,0,0,0,0,0,0,0,0,0
36,3.8502e-11,0,3.3307e-16,2.2204e-16,0,0,0,0,0,0,0,0,0,0,0,0,0,0,0,0,0,0,0,0,0,0,0,0,0,0,0,0,0,0,0,0,0,0,0,0,0,0,0,0,0,0,0,0,0,0,0,0,0,0,0,0,0,0,0,0,0,0,0,0,0,0,0,0,0,0,0,0,0,0,0,0,0,0,0,0,0,0,0,0,0,0,0,0,0,0,0,0,0,0,0,0,0,0,0,0
37,0.11583,0.00099839,9.8095e-06,2.8278e-06,2.0024e-08,6.5008e-10,1.3739e-10,1.5068e-09,7.1697e-11,6.8923e-13,1.2212e-15,0,0,0,0,0,0,0,0,0,0,0,0,0,0,0,0,0,0,0,0,0,0,0,0,0,0,0,0,0,0,0,0,0,0,0,0,0,0,0,0,0,0,0,0,0,0,0,0,0,0,0,0,0,0,0,0,0,0,0,0,0,0,0,0,0,0,0,0,0,0,0,0,0,0,0,0,0,0,0,0,0,0,0,0,0,0,0,0,0
38,0.95847,0.99731,0.98662,0.98364,0.98215,0.94594,0.97953,0.98246,0.97067,0.98071,0.99355,0.99626,0.9969,0.9943,0.99359,0.97867,0.94284,0.8254,0.77233,0.6333,0.57416,0.47509,0.36007,0.41406,0.40299,0.30341,0.5456,0.71486,0.65499,0.58581,0.56213,0.45833,0.43058,0.38445,0.23842,0.25256,0.2853,0.34304,0.35335,0.29364,0.2658,0.21451,0.22245,0.17649,0.14456,0.17407,0.19492,0.20363,0.18778,0.17939,0.13077,0.10478,0.082344,0.071567,0.067315,0.068407,0.086061,0.1171,0.093525,0.077645,0.089263,0.073589,0.075327,0.10447,0.13022,0.12828,0.14739,0.13879,0.1377,0.14428,0.13473,0.11386,0.15572,0.13783,0.1203,0.085349,0.061932,0.06395,0.080867,0.086682,0.069673,0.043962,0.026176,0.013455,0.011831,0.011177,0.011966,0.01168,0.0083369,0.0093897,0.0093339,0.013481,0.011975,0.013721,0.010541,0.0094877,0.013895,0.010399,0.010352,0.0075131
39,0.29063,0.40969,0.93233,0.9089,0.42328,0.27904,0.4956,0.43923,0.65474,0.66949,0.5407,0.44328,0.66513,0.48887,0.49234,0.44936,0.36422,0.26258,0.077757,0.019213,0.01041,0.0038075,0.003923,0.0029427,0.0039011,0.0056871,0.0036186,0.0040632,0.006955,0.0084433,0.0056014,0.0046615,0.005224,0.0039814,0.0023072,0.0053864,0.0059648,0.0022648,0.0018573,0.0029743,0.0058919,0.0045471,0.0032372,0.0060467,0.0062967,0.0029257,0.0020839,0.0008135,0.0013166,0.00079111,0.00038473,0.00045011,0.00025877,0.00027861,0.00036422,0.00064942,0.00062328,0.0018176,1.1458e-05,3.3935e-12,0,0,0,0,0,0,0,0,0,0,0,0,0,0,0,0,0,0,0,0,0,0,0,0,0,0,0,0,0,0,0,0,0,0,0,0,0,0,0,0
40,0.00054922,1.3507e-05,0.00018257,0.00025006,1.6878e-05,2.2412e-07,3.3746e-09,2.3281e-12,2.2315e-14,0,0,0,0,0,0,0,0,0,0,0,0,0,0,0,0,0,0,0,0,0,0,0,0,0,0,0,0,0,0,0,0,0,0,0,0,0,0,0,0,0,0,0,0,0,0,0,0,0,0,0,0,0,0,0,0,0,0,0,0,0,0,0,0,0,0,0,0,0,0,0,0,0,0,0,0,0,0,0,0,0,0,0,0,0,0,0,0,0,0,0
41,0,0,0,0,0,0,0,0,0,0,0,0,0,0,0,0,0,0,0,0,0,0,0,0,0,0,0,0,0,0,0,0,0,0,0,0,0,0,0,0,0,0,0,0,0,0,0,0,0,0,0,0,0,0,0,0,0,0,0,0,0,0,0,0,0,0,0,0,0,0,0,0,0,0,0,0,0,0,0,0,0,0,0,0,0,0,0,0,0,0,0,0,0,0,0,0,0,0,0,0
42,0.021078,3.8617e-05,3.4721e-05,7.7101e-06,9.8735e-09,3.6557e-12,1.5543e-15,0,0,0,0,0,0,0,0,0,0,0,0,0,0,0,0,0,0,0,0,0,0,0,0,0,0,0,0,0,0,0,0,0,0,0,0,0,0,0,0,0,0,0,0,0,0,0,0,0,0,0,0,0,0,0,0,0,0,0,0,0,0,0,0,0,0,0,0,0,0,0,0,0,0,0,0,0,0,0,0,0,0,0,0,0,0,0,0,0,0,0,0,0
43,0.52543,0.1465,0.20252,0.12289,0.18798,0.049925,0.0045678,2.8823e-05,9.3353e-08,1.9046e-07,3.7965e-09,2.5033e-11,7.2053e-14,2.6645e-15,0,0,0,0,0,0,0,0,0,0,0,0,0,0,0,0,0,0,0,0,0,0,0,0,0,0,0,0,0,0,0,0,0,0,0,0,0,0,0,0,0,0,0,0,0,0,0,0,0,0,0,0,0,0,0,0,0,0,0,0,0,0,0,0,0,0,0,0,0,0,0,0,0,0,0,0,0,0,0,0,0,0,0,0,0,0
44,0.0030842,3.0951e-09,6.9732e-09,8.6622e-12,6.6613e-16,0,0,0,0,0,0,0,0,0,0,0,0,0,0,0,0,0,0,0,0,0,0,0,0,0,0,0,0,0,0,0,0,0,0,0,0,0,0,0,0,0,0,0,0,0,0,0,0,0,0,0,0,0,0,0,0,0,0,0,0,0,0,0,0,0,0,0,0,0,0,0,0,0,0,0,0,0,0,0,0,0,0,0,0,0,0,0,0,0,0,0,0,0,0,0
45,3.6162e-05,4.1003e-12,0,0,0,0,0,0,0,0,0,0,0,0,0,0,0,0,0,0,0,0,0,0,0,0,0,0,0,0,0,0,0,0,0,0,0,0,0,0,0,0,0,0,0,0,0,0,0,0,0,0,0,0,0,0,0,0,0,0,0,0,0,0,0,0,0,0,0,0,0,0,0,0,0,0,0,0,0,0,0,0,0,0,0,0,0,0,0,0,0,0,0,0,0,0,0,0,0,0
46,0.98761,0.99923,0.99364,0.87439,0.55094,0.072752,0.0097036,0.002831,1.0127e-05,1.687e-06,1.9717e-06,3.6425e-08,1.28e-09,2.7795e-10,3.5551e-10,4.0162e-12,5.7065e-14,9.992e-16,0,0,0,0,0,0,0,0,0,0,0,0,0,0,0,0,0,0,0,0,0,0,0,0,0,0,0,0,0,0,0,0,0,0,0,0,0,0,0,0,0,0,0,0,0,0,0,0,0,0,0,0,0,0,0,0,0,0,0,0,0,0,0,0,0,0,0,0,0,0,0,0,0,0,0,0,0,0,0,0,0,0
47,0.99924,0.99998,0.99947,0.97858,0.41182,0.074614,0.064145,0.058313,0.017362,0.0099417,0.00066749,1.3503e-05,8.2583e-06,1.5988e-05,1.6482e-05,1.2725e-06,5.2212e-07,9.2354e-08,3.7298e-09,7.022e-10,8.081e-12,6.4282e-14,3.3307e-16,0,0,0,0,0,0,0,0,0,0,0,0,0,0,0,0,0,0,0,0,0,0,0,0,0,0,0,0,0,0,0,0,0,0,0,0,0,0,0,0,0,0,0,0,0,0,0,0,0,0,0,0,0,0,0,0,0,0,0,0,0,0,0,0,0,0,0,0,0,0,0,0,0,0,0,0,0
48,0.11285,0.060699,0.010659,0.010103,0.0037491,3.1991e-06,6.1398e-09,3.0742e-13,1.2212e-15,0,0,0,0,0,0,0,0,0,0,0,0,0,0,0,0,0,0,0,0,0,0,0,0,0,0,0,0,0,0,0,0,0,0,0,0,0,0,0,0,0,0,0,0,0,0,0,0,0,0,0,0,0,0,0,0,0,0,0,0,0,0,0,0,0,0,0,0,0,0,0,0,0,0,0,0,0,0,0,0,0,0,0,0,0,0,0,0,0,0,0
49,0.14188,0.023636,0.00018375,2.6625e-07,1.5036e-09,1.4222e-13,7.6605e-15,0,0,0,0,0,0,0,0,0,0,0,0,0,0,0,0,0,0,0,0,0,0,0,0,0,0,0,0,0,0,0,0,0,0,0,0,0,0,0,0,0,0,0,0,0,0,0,0,0,0,0,0,0,0,0,0,0,0,0,0,0,0,0,0,0,0,0,0,0,0,0,0,0,0,0,0,0,0,0,0,0,0,0,0,0,0,0,0,0,0,0,0,0
50,0.98676,0.31084,0.21624,0.080527,0.00080121,0.0012548,0.00015873,0.00013448,3.1118e-06,9.1519e-07,4.3382e-09,5.1927e-12,7.8049e-14,6.4393e-15,5.5511e-16,0,0,0,0,0,0,0,0,0,0,0,0,0,0,0,0,0,0,0,0,0,0,0,0,0,0,0,0,0,0,0,0,0,0,0,0,0,0,0,0,0,0,0,0,0,0,0,0,0,0,0,0,0,0,0,0,0,0,0,0,0,0,0,0,0,0,0,0,0,0,0,0,0,0,0,0,0,0,0,0,0,0,0,0,0
1,0.90321,0.99671,0.98864,0.99956,0.9998,0.99977,0.99437,0.99028,0.97405,0.79124,0.72599,0.63467,0.77166,0.79474,0.76791,0.71347,0.71729,0.70691,0.71176,0.62287,0.61686,0.64879,0.64292,0.5666,0.7162,0.69839,0.54173,0.6021,0.59924,0.56086,0.68891,0.6513,0.59941,0.48914,0.31267,0.2441,0.20497,0.095998,0.079716,0.073107,0.062535,0.032934,0.025366,0.030253,0.040462,0.053196,0.050037,0.05984,0.032854,0.047502,0.04103,0.043132,0.036471,0.042051,0.031825,0.027486,0.015746,0.011953,0.015217,0.010099,0.013121,0.015851,0.01569,0.015769,0.012665,0.014368,0.021023,0.015125,0.018981,0.024241,0.012205,0.0085511,0.010488,0.010862,0.0078988,0.0084767,0.0087453,0.013783,0.010758,0.017111,0.017781,0.020521,0.016632,0.0191,0.021028,0.025297,0.025878,0.045909,0.055379,0.039864,0.029619,0.045391,0.037328,0.032634,0.030698,0.026607,0.02445,0.017586,0.0063253,0.0046797
2,0.0084287,0.00026025,1.0889e-06,4.5652e-06,2.2849e-05,7.6084e-05,3.0863e-05,7.7284e-06,4.9749e-06,1.7516e-06,4.6157e-06,4.5836e-06,7.086e-06,4.4808e-07,1.6022e-07,5.3412e-08,4.1001e-09,1.3762e-10,1.6769e-10,1.3734e-10,2.0814e-11,5.2458e-13,3.153e-14,1.2212e-15,0,0,0,0,0,0,0,0,0,0,0,0,0,0,0,0,0,0,0,0,0,0,0,0,0,0,0,0,0,0,0,0,0,0,0,0,0,0,0,0,0,0,0,0,0,0,0,0,0,0,0,0,0,0,0,0,0,0,0,0,0,0,0,0,0,0,0,0,0,0,0,0,0,0,0,0
3,0.98122,0.99823,0.99795,0.99712,0.99916,0.99972,0.9997,0.99966,0.99946,0.99802,0.98635,0.95665,0.95345,0.93643,0.92745,0.93985,0.9622,0.97727,0.98576,0.99122,0.98077,0.96294,0.9613,0.98178,0.97812,0.97137,0.9822,0.97019,0.9677,0.9737,0.95994,0.88634,0.87411,0.86495,0.86572,0.9162,0.88839,0.91143,0.92983,0.95978,0.96762,0.95422,0.94606,0.94409,0.95432,0.97569,0.97438,0.96639,0.97861,0.95218,0.9748,0.97341,0.96472,0.97644,0.9716,0.95833,0.95116,0.93304,0.95631,0.96546,0.97443,0.97772,0.96528,0.97822,0.98487,0.98265,0.98703,0.99183,0.99591,0.99352,0.99438,0.99305,0.99519,0.99404,0.99314,0.99467,0.99508,0.99403,0.99378,0.98901,0.98074,0.97389,0.9757,0.97619,0.97533,0.9802,0.9758,0.98614,0.99115,0.98869,0.9859,0.98608,0.98981,0.9875,0.98894,0.99065,0.98993,0.98755,0.98664,0.98016
4,1.9024e-06,1.0928e-08,1.1334e-09,4.7873e-13,1.1102e-16,0,0,0,0,0,0,0,0,0,0,0,0,0,0,0,0,0,0,0,0,0,0,0,0,0,0,0,0,0,0,0,0,0,0,0,0,0,0,0,0,0,0,0,0,0,0,0,0,0,0,0,0,0,0,0,0,0,0,0,0,0,0,0,0,0,0,0,0,0,0,0,0,0,0,0,0,0,0,0,0,0,0,0,0,0,0,0,0,0,0,0,0,0,0,0
5,0.98742,0.99551,0.99929,0.99903,0.99688,0.99778,0.99341,0.99988,0.99922,0.99094,0.99913,0.99866,0.99924,0.99656,0.98113,0.97748,0.98162,0.99259,0.99479,0.99333,0.98133,0.95213,0.96927,0.98321,0.96737,0.94154,0.931,0.93562,0.92975,0.93367,0.93775,0.92484,0.93523,0.92025,0.91597,0.92605,0.91164,0.91922,0.86846,0.86025,0.90848,0.86912,0.79356,0.80307,0.83461,0.7822,0.72733,0.70301,0.57693,0.54977,0.54084,0.57759,0.47097,0.49545,0.56646,0.54482,0.49443,0.50039,0.47752,0.45698,0.40001,0.29624,0.23798,0.23418,0.23826,0.27129,0.22847,0.30859,0.25157,0.29418,0.32777,0.29411,0.27178,0.27601,0.25164,0.15132,0.15505,0.21334,0.22376,0.27714,0.44811,0.48205,0.426,0.44201,0.40696,0.38524,0.34021,0.31074,0.32394,0.33282,0.29824,0.32983,0.29226,0.27094,0.3037,0.28525,0.2504,0.2019,0.20903,0.20679
6,0.99995,0.99678,0.99758,0.9808,0.98709,0.99558,0.99333,0.98124,0.95326,0.90643,0.90719,0.92781,0.94511,0.91749,0.79015,0.63759,0.69571,0.66329,0.63825,0.69324,0.82476,0.86727,0.83734,0.77889,0.77273,0.64858,0.6113,0.5794,0.49751,0.40639,0.30746,0.16488,0.14381,0.090439,0.074469,0.045954,0.023347,0.017553,0.014346,0.0094915,0.0048866,0.0039398,0.0043185,0.0033633,0.0015828,0.0023462,0.00095498,0.00091273,0.00099711,0.00074738,0.00090829,0.0006034,0.00046565,0.00021421,0.00010348,0.00013224,3.3209e-05,8.5945e-06,1.1389e-06,1.1112e-06,1.6414e-07,4.5086e-08,3.273e-08,6.0352e-08,1.3628e-07,1.9133e-07,8.0394e-08,2.7756e-07,4.6583e-07,8.1725e-07,1.0266e-06,1.3035e-06,3.0721e-06,6.2923e-06,4.4387e-06,4.7415e-06,3.9657e-06,8.2053e-06,1.3302e-05,1.8414e-05,2.5853e-05,2.8168e-05,2.4823e-05,9.1414e-06,4.5909e-06,6.6914e-06,1.344e-05,8.2342e-06,1.527e-05,1.9055e-05,1.5914e-05,1.6875e-05,1.6134e-05,1.5156e-05,1.4371e-05,1.3026e-05,1.5959e-05,2.5609e-05,4.1032e-05,3.4916e-05
7,5.8386e-05,1.9766e-11,0,0,0,0,0,0,0,0,0,0,0,0,0,0,0,0,0,0,0,0,0,0,0,0,0,0,0,0,0,0,0,0,0,0,0,0,0,0,0,0,0,0,0,0,0,0,0,0,0,0,0,0,0,0,0,0,0,0,0,0,0,0,0,0,0,0,0,0,0,0,0,0,0,0,0,0,0,0,0,0,0,0,0,0,0,0,0,0,0,0,0,0,0,0,0,0,0,0
8,0.99994,0.99996,0.99963,0.99927,0.9999,0.99971,0.99646,0.99338,0.98564,0.97606,0.95092,0.84459,0.81224,0.676,0.60353,0.79009,0.73954,0.66557,0.65608,0.59211,0.59962,0.66192,0.56352,0.38175,0.14966,0.045651,0.040263,0.030394,0.011397,0.003307,0.0003199,1.3865e-05,2.8972e-06,3.9347e-07,7.6199e-09,2.6435e-10,6.8425e-12,3.4217e-13,4.885e-15,1.1102e-16,0,0,0,0,0,0,0,0,0,0,0,0,0,0,0,0,0,0,0,0,0,0,0,0,0,0,0,0,0,0,0,0,0,0,0,0,0,0,0,0,0,0,0,0,0,0,0,0,0,0,0,0,0,0,0,0,0,0,0,0
9,0.0074429,0.00035615,1.7468e-06,5.6953e-11,1.7542e-14,0,0,0,0,0,0,0,0,0,0,0,0,0,0,0,0,0,0,0,0,0,0,0,0,0,0,0,0,0,0,0,0,0,0,0,0,0,0,0,0,0,0,0,0,0,0,0,0,0,0,0,0,0,0,0,0,0,0,0,0,0,0,0,0,0,0,0,0,0,0,0,0,0,0,0,0,0,0,0,0,0,0,0,0,0,0,0,0,0,0,0,0,0,0,0
10,5.6542e-05,1.985e-09,0,0,0,0,0,0,0,0,0,0,0,0,0,0,0,0,0,0,0,0,0,0,0,0,0,0,0,0,0,0,0,0,0,0,0,0,0,0,0,0,0,0,0,0,0,0,0,0,0,0,0,0,0,0,0,0,0,0,0,0,0,0,0,0,0,0,0,0,0,0,0,0,0,0,0,0,0,0,0,0,0,0,0,0,0,0,0,0,0,0,0,0,0,0,0,0,0,0
11,0.88892,0.73975,0.64942,0.81307,0.88868,0.9728,0.96438,0.99087,0.99186,0.97208,0.93774,0.92354,0.95289,0.85374,0.68562,0.66128,0.48951,0.40959,0.23284,0.16274,0.21571,0.24856,0.11041,0.059505,0.020029,0.0098545,0.014705,0.018128,0.023594,0.023527,0.032872,0.020673,0.012259,0.0099043,0.0076613,0.0020668,0.00055438,0.00026836,0.00014289,4.7781e-05,3.1954e-05,2.1969e-05,2.6941e-05,0.00011688,0.00011136,9.9741e-05,0.00014531,0.00017641,0.00014269,0.00016481,0.00020987,0.00016509,0.00038174,0.00037876,0.00021827,0.00053866,0.00054723,0.00063045,0.00043514,0.00036417,0.00046074,0.00033763,0.00034031,0.00070983,0.00094215,0.0010545,0.00084135,0.00080198,0.00059756,0.00047075,0.00041626,0.00018748,0.00017475,0.00014819,9.1213e-05,8.4662e-05,5.4099e-05,0.00010473,9.402e-05,8.1238e-05,0.00010474,9.5471e-05,7.4844e-05,9.2189e-05,0.00012203,0.00022187,0.00023259,0.00019821,0.00034746,0.00058378,0.00074539,0.001232,0.0012652,0.00099888,0.0017545,0.0024615,0.0044093,0.0035757,0.0036513,0.0054086
12,0.13505,0.023569,0.0054838,0.0056645,0.00024942,1.4891e-05,1.1173e-06,9.7186e-07,3.1804e-05,6.0598e-05,0.0016015,0.014512,0.038683,0.042395,0.041879,0.11563,0.1173,0.06785,0.031925,0.011735,0.0011162,0.00019758,7.4753e-05,7.0747e-06,1.04e-06,7.5179e-08,3.9292e-09,4.0799e-10,6.922e-11,1.1478e-10,1.005e-08,4.5903e-08,7.389e-08,1.5371e-07,2.1758e-07,1.7357e-07,8.7575e-08,3.5625e-08,4.4924e-09,5.0558e-09,1.0841e-08,3.6191e-09,3.6845e-09,8.111e-09,4.1297e-09,1.9434e-09,2.4416e-09,2.2639e-09,1.6394e-09,2.3055e-09,2.8069e-09,2.6232e-09,2.7639e-09,4.0735e-09,2.7427e-09,2.9969e-09,3.1638e-09,1.5192e-09,2.3106e-09,2.4816e-09,6.7136e-09,9.9655e-09,2.6893e-08,2.8717e-07,4.3302e-07,7.6211e-07,8.8787e-07,7.4049e-07,4.3965e-07,2.2161e-07,3.6154e-07,6.9031e-07,3.1591e-07,2.3941e-07,1.9542e-07,9.0778e-08,1.0271e-07,1.3175e-07,1.6971e-07,3.1761e-07,3.7151e-07,4.0463e-07,2.99e-07,4.1438e-07,4.05e-07,3.1784e-07,3.1227e-07,3.833e-07,4.0451e-07,4.3233e-07,2.8314e-07,3.5224e-07,3.3276e-07,3.3736e-07,6.7092e-07,5.6695e-07,6.3697e-07,5.437e-07,7.2627e-07,5.0776e-07
13,0.72555,0.62783,0.47517,0.31972,0.06728,0.013332,0.0061602,0.00045515,6.1827e-05,3.5869e-05,3.3218e-05,1.2571e-05,2.2537e-05,4.8696e-05,0.00033253,0.0005737,0.00073784,0.0012257,0.00048449,0.00018462,0.00029516,0.00021711,0.00052866,0.00062906,0.00043798,0.000298,0.00043344,0.00050551,0.0003384,0.00037405,0.00031877,0.00016719,8.513e-05,5.3276e-05,7.5386e-05,7.8356e-05,9.4825e-05,5.1383e-05,2.0787e-05,2.8752e-05,4.4752e-05,2.6415e-05,1.906e-05,1.0412e-05,1.8932e-05,2.1993e-05,2.1836e-05,3.0924e-05,3.1171e-05,2.5797e-05,2.4274e-05,1.7335e-05,1.1225e-05,9.8267e-06,8.7815e-06,1.0195e-05,9.8456e-06,1.3286e-05,1.3577e-05,1.0272e-05,9.4977e-06,7.554e-06,6.1748e-06,6.2545e-06,5.2059e-06,7.1978e-06,8.0566e-06,6.7802e-06,5.5434e-06,8.859e-06,8.5803e-06,8.0181e-06,7.2366e-06,4.0274e-06,3.1891e-06,2.8512e-06,3.9854e-06,4.5502e-06,4.6512e-06,5.2888e-06,4.7812e-06,4.2098e-06,3.3195e-06,3.0335e-06,3.0135e-06,3.2797e-06,3.6279e-06,3.7366e-07,2.7714e-09,5.1007e-10,1.189e-11,1.155e-11,1.3609e-10,1.0715e-10,9.6575e-11,8.0433e-11,1.0466e-10,1.0427e-10,8.7687e-11,4.5465e-11
14,0.97496,0.99553,0.99901,0.99992,0.99991,0.99926,0.99998,0.99992,0.99999,0.99996,0.9999,0.99983,0.99994,0.99993,0.99999,0.99993,0.99954,0.99919,0.99885,0.99902,0.99558,0.99197,0.99321,0.99077,0.99191,0.9803,0.98708,0.98425,0.98635,0.98795,0.98766,0.98656,0.982,0.97754,0.97013,0.94783,0.94814,0.94378,0.95264,0.94842,0.93918,0.88933,0.90292,0.91045,0.89249,0.89356,0.88514,0.88082,0.90424,0.91554,0.93376,0.93408,0.92885,0.92613,0.89524,0.90577,0.88255,0.80343,0.80339,0.79706,0.73346,0.63241,0.64559,0.55615,0.4236,0.47868,0.42624,0.34483,0.278,0.2569,0.23822,0.21986,0.17878,0.18292,0.17879,0.14388,0.13576,0.038174,0.010202,0.0019353,0.00024784,2.1418e-05,3.8199e-05,4.5533e-05,9.1133e-05,0.00014175,0.00021391,0.0001865,0.00015573,0.00020603,0.00015558,0.00013985,0.00014093,0.00015508,0.00013618,0.00011943,4.6804e-05,2.3265e-05,4.4866e-05,3.8667e-05
15,0.99957,0.99967,0.99967,1,0.99995,0.99989,0.99996,0.99992,0.99953,0.99868,0.98282,0.91862,0.85434,0.74634,0.57559,0.29626,0.31493,0.10252,0.025682,0.0021757,0.00084389,0.00033047,2.8295e-05,3.432e-06,1.2423e-06,2.0101e-07,1.7989e-08,5.6261e-09,3.0068e-10,3.1318e-11,1.1816e-11,1.8049e-12,1.9307e-13,1.2645e-13,1.4322e-14,1.6653e-15,7.7716e-16,1.1102e-16,0,0,0,0,0,0,0,0,0,0,0,0,0,0,0,0,0,0,0,0,0,0,0,0,0,0,0,0,0,0,0,0,0,0,0,0,0,0,0,0,0,0,0,0,0,0,0,0,0,0,0,0,0,0,0,0,0,0,0,0,0,0
16,0.034291,8.3065e-08,5.3086e-09,1.4329e-10,3.151e-11,9.881e-15,0,0,0,0,0,0,0,0,0,0,0,0,0,0,0,0,0,0,0,0,0,0,0,0,0,0,0,0,0,0,0,0,0,0,0,0,0,0,0,0,0,0,0,0,0,0,0,0,0,0,0,0,0,0,0,0,0,0,0,0,0,0,0,0,0,0,0,0,0,0,0,0,0,0,0,0,0,0,0,0,0,0,0,0,0,0,0,0,0,0,0,0,0,0
17,0.45276,0.11233,0.0074277,0.0019439,9.5369e-05,0.00010975,2.9143e-06,2.0848e-08,5.4277e-10,1.4844e-11,1.9984e-14,4.4409e-16,0,0,0,0,0,0,0,0,0,0,0,0,0,0,0,0,0,0,0,0,0,0,0,0,0,0,0,0,0,0,0,0,0,0,0,0,0,0,0,0,0,0,0,0,0,0,0,0,0,0,0,0,0,0,0,0,0,0,0,0,0,0,0,0,0,0,0,0,0,0,0,0,0,0,0,0,0,0,0,0,0,0,0,0,0,0,0,0
18,0.99733,0.99993,0.99989,0.99768,0.99821,0.99979,0.99981,0.99999,0.99999,0.99998,0.99997,0.99842,0.99912,0.99887,0.9981,0.99896,0.99798,0.99801,0.99704,0.99676,0.99395,0.9978,0.9991,0.99883,0.99945,0.99925,0.99927,0.99883,0.9955,0.99428,0.99381,0.99534,0.99661,0.99633,0.99412,0.99574,0.99317,0.99299,0.99068,0.99191,0.99133,0.99266,0.99324,0.9926,0.99236,0.99359,0.99406,0.99193,0.99188,0.99514,0.99717,0.99577,0.99552,0.99092,0.99152,0.99395,0.99634,0.9926,0.98945,0.9947,0.99548,0.99627,0.99689,0.99662,0.99481,0.99279,0.9923,0.99272,0.99463,0.99607,0.99662,0.99362,0.99074,0.99094,0.98961,0.98032,0.97531,0.97425,0.98778,0.99314,0.99125,0.98451,0.9846,0.98135,0.98907,0.98949,0.98356,0.97888,0.98118,0.98487,0.98725,0.98248,0.9764,0.97413,0.98058,0.98681,0.98587,0.98741,0.98856,0.98349
19,0.001177,6.2907e-06,5.5308e-06,1.1396e-06,2.8639e-09,2.7183e-09,1.3311e-10,2.2204e-15,0,0,0,0,0,0,0,0,0,0,0,0,0,0,0,0,0,0,0,0,0,0,0,0,0,0,0,0,0,0,0,0,0,0,0,0,0,0,0,0,0,0,0,0,0,0,0,0,0,0,0,0,0,0,0,0,0,0,0,0,0,0,0,0,0,0,0,0,0,0,0,0,0,0,0,0,0,0,0,0,0,0,0,0,0,0,0,0,0,0,0,0
20,0.99947,0.99983,0.99868,0.99317,0.99926,0.99482,0.87872,0.94065,0.93807,0.92891,0.82884,0.79974,0.68314,0.73231,0.84543,0.86441,0.84668,0.87331,0.87848,0.89622,0.86885,0.71041,0.594,0.36808,0.2293,0.17451,0.045657,0.0112,0.0022905,0.0018371,0.00085458,8.2361e-05,1.8337e-05,5.6215e-06,4.821e-07,1.3051e-07,2.0019e-08,5.081e-09,1.6443e-09,1.031e-09,2.4382e-09,4.6057e-09,7.1163e-09,7.589e-09,5.0515e-09,8.6957e-09,4.7369e-09,9.103e-10,1.0671e-10,9.0741e-12,3.5361e-13,1.8952e-13,5.4889e-13,2.7381e-12,1.5006e-12,1.2811e-12,1.3735e-12,1.9839e-12,3.6031e-12,7.7178e-12,6.1813e-12,4.1566e-12,1.141e-12,9.9631e-13,1.9159e-12,1.6588e-12,1.1385e-12,3.6887e-12,3.4361e-12,4.429e-12,6.9535e-11,6.8874e-11,1.7549e-11,8.352e-12,9.4703e-12,8.5849e-12,1.3079e-11,1.6312e-11,1.5134e-11,2.7371e-11,1.1588e-11,1.1047e-11,1.5991e-11,5.2237e-12,7.334e-12,5.4419e-12,4.9076e-11,5.0467e-11,2.8441e-11,3.6792e-11,2.4755e-11,2.2367e-11,1.9186e-11,2.6101e-11,2.363e-11,3.9503e-11,1.948e-10,1.14e-10,4.4405e-11,3.0785e-11
21,0.80246,0.87247,0.85053,0.94209,0.97862,0.95916,0.99396,0.99964,0.99968,0.99997,0.99999,0.99994,1,1,0.99997,0.99983,0.99898,0.99758,0.99592,0.98317,0.98145,0.95386,0.87078,0.83467,0.84649,0.77793,0.64859,0.68402,0.50391,0.62196,0.73078,0.64818,0.61399,0.61062,0.53238,0.55346,0.64576,0.72044,0.70598,0.72401,0.70245,0.6954,0.52746,0.62737,0.52356,0.52721,0.53565,0.61359,0.59645,0.63744,0.65712,0.70435,0.63373,0.68272,0.65745,0.66004,0.64281,0.56344,0.55871,0.48515,0.49878,0.41755,0.35851,0.32874,0.26413,0.20356,0.18895,0.2721,0.37932,0.31864,0.29204,0.2608,0.25336,0.27238,0.32898,0.30033,0.33273,0.29615,0.22205,0.26512,0.28333,0.20892,0.16786,0.16196,0.16524,0.15453,0.14689,0.17854,0.2291,0.14994,0.18366,0.10274,0.12398,0.11955,0.11885,0.10913,0.11529,0.11458,0.077115,0.0626
22,0.75691,0.98688,0.94711,0.98415,0.96849,0.98527,0.99084,0.97827,0.97923,0.96427,0.92516,0.9193,0.84256,0.77182,0.66565,0.49917,0.61909,0.42261,0.26775,0.26043,0.11879,0.093473,0.047372,0.031499,0.017112,0.011777,0.0045275,0.0034532,0.00099101,0.00012584,1.2466e-05,3.0109e-06,1.1519e-07,4.983e-08,8.5824e-09,6.3312e-09,6.4865e-10,1.0583e-10,2.6494e-11,1.4216e-12,9.6811e-14,1.4433e-15,1.1102e-16,0,0,0,0,0,0,0,0,0,0,0,0,0,0,0,0,0,0,0,0,0,0,0,0,0,0,0,0,0,0,0,0,0,0,0,0,0,0,0,0,0,0,0,0,0,0,0,0,0,0,0,0,0,0,0,0,0
23,0.028713,5.8346e-05,1.2392e-06,1.082e-09,3.7874e-12,2.2204e-16,1.1102e-16,0,0,0,0,0,0,0,0,0,0,0,0,0,0,0,0,0,0,0,0,0,0,0,0,0,0,0,0,0,0,0,0,0,0,0,0,0,0,0,0,0,0,0,0,0,0,0,0,0,0,0,0,0,0,0,0,0,0,0,0,0,0,0,0,0,0,0,0,0,0,0,0,0,0,0,0,0,0,0,0,0,0,0,0,0,0,0,0,0,0,0,0,0
24,0.70685,0.89971,0.54171,0.29766,0.2154,0.14645,0.056067,0.015949,0.014335,0.0025365,0.0013715,0.00039631,0.00016421,5.8587e-06,3.6425e-08,8.6357e-09,2.5941e-10,2.6124e-13,3.294e-13,2.1649e-14,4.4409e-15,6.6613e-16,0,0,0,0,0,0,0,0,0,0,0,0,0,0,0,0,0,0,0,0,0,0,0,0,0,0,0,0,0,0,0,0,0,0,0,0,0,0,0,0,0,0,0,0,0,0,0,0,0,0,0,0,0,0,0,0,0,0,0,0,0,0,0,0,0,0,0,0,0,0,0,0,0,0,0,0,0,0
25,0.9892,0.92079,0.9564,0.99942,0.99993,0.99989,0.99588,0.99371,0.99862,0.99461,0.99853,0.98058,0.94457,0.92892,0.98823,0.98332,0.98514,0.98347,0.94526,0.92815,0.93179,0.8966,0.90658,0.85153,0.81261,0.8014,0.7636,0.81645,0.79136,0.70772,0.61606,0.59879,0.57717,0.64612,0.67875,0.58783,0.60693,0.69515,0.66103,0.66182,0.50159,0.56966,0.56067,0.56472,0.55729,0.49868,0.40573,0.38058,0.23864,0.29841,0.30391,0.34137,0.20102,0.18813,0.22283,0.22883,0.18562,0.14588,0.18747,0.11881,0.08306,0.077575,0.059629,0.085063,0.075745,0.10214,0.090736,0.092065,0.078494,0.080946,0.055834,0.050015,0.072332,0.074184,0.075334,0.086089,0.089658,0.084101,0.11061,0.14221,0.14236,0.14839,0.13545,0.10666,0.090034,0.079157,0.079715,0.064952,0.11013,0.075719,0.08508,0.095039,0.088603,0.076124,0.10054,0.093663,0.10889,0.11278,0.13035,0.11576
26,0.31561,0.63539,0.73149,0.95607,0.97193,0.96147,0.90328,0.69387,0.555,0.32775,0.16319,0.064647,0.0099142,0.010224,0.013091,0.0029141,0.00059554,0.0006941,0.00074405,8.5018e-05,0.00014586,1.7816e-05,1.8183e-05,3.0698e-05,1.2139e-05,1.9562e-05,6.5289e-06,6.8928e-06,3.8785e-06,2.7647e-05,0.00014999,0.00018157,0.00031062,0.00023599,0.00012521,0.00043016,0.00048374,0.00037571,0.00071726,0.00049777,0.00031488,0.00058262,0.00033063,5.3236e-05,9.5437e-06,5.2003e-06,1.0015e-06,2.54e-07,1.2139e-07,1.043e-08,1.1286e-09,2.2241e-10,6.2829e-11,1.2476e-11,1.7666e-12,3.6182e-13,2.0417e-13,3.4861e-14,2.2204e-15,4.4409e-16,1.1102e-16,0,0,0,0,0,0,0,0,0,0,0,0,0,0,0,0,0,0,0,0,0,0,0,0,0,0,0,0,0,0,0,0,0,0,0,0,0,0,0
27,0.99797,0.99985,1,1,1,1,0.99999,0.99998,0.99981,0.99957,0.99659,0.95796,0.8552,0.90105,0.89528,0.82792,0.74905,0.54231,0.47128,0.21013,0.22156,0.017966,0.0029088,5.7002e-05,4.1138e-06,5.3874e-07,1.1841e-07,4.014e-09,1.8904e-10,7.665e-13,1.0081e-13,4.1078e-15,1.1102e-16,0,0,0,0,0,0,0,0,0,0,0,0,0,0,0,0,0,0,0,0,0,0,0,0,0,0,0,0,0,0,0,0,0,0,0,0,0,0,0,0,0,0,0,0,0,0,0,0,0,0,0,0,0,0,0,0,0,0,0,0,0,0,0,0,0,0,0
28,0.14749,0.68685,0.80537,0.74129,0.58247,0.40662,0.082609,0.010988,6.388e-05,5.4082e-07,1.4284e-09,8.6094e-12,5.1514e-14,3.5083e-14,3.4417e-15,1.4433e-15,0,0,0,0,0,0,0,0,0,0,0,0,0,0,0,0,0,0,0,0,0,0,0,0,0,0,0,0,0,0,0,0,0,0,0,0,0,0,0,0,0,0,0,0,0,0,0,0,0,0,0,0,0,0,0,0,0,0,0,0,0,0,0,0,0,0,0,0,0,0,0,0,0,0,0,0,0,0,0,0,0,0,0,0
29,0,0,0,0,0,0,0,0,0,0,0,0,0,0,0,0,0,0,0,0,0,0,0,0,0,0,0,0,0,0,0,0,0,0,0,0,0,0,0,0,0,0,0,0,0,0,0,0,0,0,0,0,0,0,0,0,0,0,0,0,0,0,0,0,0,0,0,0,0,0,0,0,0,0,0,0,0,0,0,0,0,0,0,0,0,0,0,0,0,0,0,0,0,0,0,0,0,0,0,0
30,0.99968,0.9999,0.99989,0.99999,0.99996,0.99999,1,1,1,1,0.99999,0.99996,0.99998,1,1,1,1,1,1,1,1,1,1,1,1,1,1,1,1,1,1,1,1,1,1,1,1,1,1,1,1,1,1,1,1,1,1,1,1,1,1,1,1,1,1,1,1,1,1,1,1,1,1,1,1,1,1,1,1,1,1,1,1,1,1,0.99999,0.99999,1,0.99999,1,0.99999,0.99999,0.99999,0.99996,0.99996,0.99996,0.99998,0.99998,0.99996,0.99992,0.99991,0.99993,0.99982,0.99988,0.99978,0.99983,0.99993,0.99983,0.99967,0.99973
31,0,0,0,0,0,0,0,0,0,0,0,0,0,0,0,0,0,0,0,0,0,0,0,0,0,0,0,0,0,0,0,0,0,0,0,0,0,0,0,0,0,0,0,0,0,0,0,0,0,0,0,0,0,0,0,0,0,0,0,0,0,0,0,0,0,0,0,0,0,0,0,0,0,0,0,0,0,0,0,0,0,0,0,0,0,0,0,0,0,0,0,0,0,0,0,0,0,0,0,0
32,0,0,0,0,0,0,0,0,0,0,0,0,0,0,0,0,0,0,0,0,0,0,0,0,0,0,0,0,0,0,0,0,0,0,0,0,0,0,0,0,0,0,0,0,0,0,0,0,0,0,0,0,0,0,0,0,0,0,0,0,0,0,0,0,0,0,0,0,0,0,0,0,0,0,0,0,0,0,0,0,0,0,0,0,0,0,0,0,0,0,0,0,0,0,0,0,0,0,0,0
33,0.98593,0.94908,0.98299,0.93608,0.9832,0.62121,0.62374,0.73937,0.57237,0.3721,0.22036,0.23421,0.22146,0.13317,0.11908,0.13548,0.1643,0.11564,0.12618,0.11581,0.11079,0.07371,0.090243,0.11059,0.10405,0.12283,0.13745,0.15671,0.13339,0.16092,0.13673,0.14302,0.20107,0.17789,0.18973,0.2351,0.24637,0.27459,0.23043,0.22445,0.20092,0.20042,0.16804,0.12435,0.11559,0.13443,0.13057,0.1842,0.25929,0.2383,0.32317,0.00010415,0,0,0,0,0,0,0,0,0,0,0,0,0,0,0,0,0,0,0,0,0,0,0,0,0,0,0,0,0,0,0,0,0,0,0,0,0,0,0,0,0,0,0,0,0,0,0,0
34,0.99591,1,0.99703,0.99433,0.99811,0.99874,0.99989,0.99978,0.99725,0.9985,0.99858,0.99091,0.99543,0.99076,0.9826,0.99441,0.98928,0.99384,0.99109,0.9935,0.97717,0.95486,0.9645,0.93849,0.89603,0.83955,0.80783,0.87295,0.92314,0.90604,0.88006,0.80027,0.72987,0.79529,0.64197,0.65598,0.62498,0.54761,0.42607,0.31612,0.19237,0.14756,0.089549,0.061612,0.043171,0.042607,0.061994,0.067484,0.060683,0.039969,0.055578,0.046864,0.058192,0.064404,0.050213,0.02537,0.021015,0.015459,0.020696,0.029816,0.022664,0.026463,0.034237,0.027528,0.036185,0.02759,0.017526,0.011848,0.012158,0.011949,0.0080607,0.0091852,0.011844,0.0087423,0.0060476,0.0053963,0.0044281,0.0037514,0.0031274,0.0023035,0.0020512,0.0020726,0.0017966,0.0013196,0.0010292,0.0014811,0.0012485,0.00093989,0.00079162,0.00067351,0.00049296,0.00039012,0.00028321,0.0002696,0.00044356,0.00058747,0.00071687,0.00094198,0.00062998,0.00068265
35,0.9999,0.99999,0.99998,0.99991,0.99996,0.99872,0.99137,0.99055,0.96031,0.85554,0.91724,0.92851,0.88545,0.89905,0.97628,0.98122,0.98925,0.97669,0.8937,0.88478,0.90465,0.87008,0.76688,0.69546,0.69174,0.54,0.51375,0.37537,0.37409,0.31166,0.22988,0.20978,0.17991,0.16135,0.18326,0.23135,0.29186,0.21699,0.26276,0.21595,0.14022,0.11104,0.065527,0.029303,0.025072,0.040973,0.049169,0.094809,0.15801,0.12162,0.060126,0.024561,0.024257,0.018651,0.023461,0.03464,0.030252,0.03082,0.0215,0.017938,0.012203,0.0045824,0.005539,0.0056441,0.0061159,0.0082207,0.010107,0.012013,0.011236,0.015462,0.013747,0.011423,0.01112,0.012813,0.012019,0.013491,0.012209,0.011584,0.012997,0.014987,0.0091265,0.0050199,0.003943,0.0026499,0.0016643,0.003607,0.0024469,0.0019603,0.0022066,0.0019798,0.0015056,0.0011124,0.0013638,0.00099855,0.00079528,0.0010363,0.00094611,0.0009209,0.00060184,0.00057127
36,0.53615,0.89947,0.99899,0.99999,0.99963,0.99955,0.99961,0.99993,0.99984,0.99994,0.99994,0.99972,0.99975,0.9993,0.99178,0.98856,0.96783,0.93966,0.87054,0.84134,0.89939,0.90793,0.95399,0.8605,0.83276,0.79113,0.80841,0.90179,0.91778,0.84866,0.83946,0.72335,0.60494,0.53122,0.50239,0.43001,0.50581,0.39647,0.28493,0.33093,0.25875,0.33294,0.36678,0.46196,0.38257,0.41481,0.35675,0.2959,0.23574,0.19247,0.29985,0.27676,0.28272,0.25591,0.20667,0.20547,0.18739,0.27673,0.33514,0.42576,0.50736,0.46835,0.47807,0.47155,0.43064,0.43802,0.41391,0.50089,0.44773,0.52297,0.61134,0.59245,0.58563,0.53974,0.58702,0.5433,0.50886,0.49778,0.48769,0.45219,0.46961,0.40127,0.44032,0.49929,0.43447,0.33076,0.27029,0.24211,0.22966,0.23886,0.2402,0.23425,0.19906,0.21045,0.21628,0.26016,0.27613,0.26001,0.29564,0.30163
37,0.54827,0.91804,0.66906,0.25601,0.27335,0.26011,0.29997,0.2696,0.11803,0.056279,0.034519,0.0087714,0.0016353,0.00086839,0.0010991,0.00063504,0.00017513,3.6185e-05,1.0404e-05,8.4955e-06,1.2199e-06,4.377e-07,1.455e-07,1.4481e-07,3.1021e-07,1.6121e-07,3.0898e-08,1.0335e-09,3.5021e-10,2.8148e-10,1.0804e-10,1.2902e-10,1.9023e-11,4.0473e-12,7.3841e-13,4.019e-14,5.4401e-15,1.1102e-15,1.1102e-16,0,0,0,0,0,0,0,0,0,0,0,0,0,0,0,0,0,0,0,0,0,0,0,0,0,0,0,0,0,0,0,0,0,0,0,0,0,0,0,0,0,0,0,0,0,0,0,0,0,0,0,0,0,0,0,0,0,0,0,0,0
38,0.99036,0.99999,0.9996,0.99998,0.99999,0.99978,0.99978,0.99989,0.99969,0.99934,0.99993,0.99941,0.9998,0.99886,0.99004,0.97338,0.98189,0.96799,0.94527,0.93885,0.93838,0.92335,0.87025,0.93672,0.92627,0.92286,0.96504,0.98199,0.96964,0.98808,0.99556,0.99176,0.98639,0.98152,0.95347,0.93844,0.9409,0.9499,0.95438,0.97247,0.97437,0.98637,0.98228,0.9827,0.97855,0.9812,0.97902,0.96547,0.96334,0.95031,0.93882,0.93886,0.9478,0.95404,0.942,0.93997,0.9407,0.94773,0.95877,0.94873,0.95733,0.95751,0.95355,0.96476,0.96286,0.94814,0.95518,0.96805,0.9631,0.95683,0.94396,0.93329,0.95466,0.94971,0.96129,0.95399,0.95253,0.96441,0.97745,0.98108,0.96718,0.97786,0.98255,0.97978,0.97218,0.96609,0.9669,0.97964,0.97746,0.98085,0.98384,0.98829,0.98767,0.98731,0.98345,0.98639,0.98518,0.98025,0.97616,0.97118
39,0.92682,0.85085,0.94762,0.98578,0.92485,0.91512,0.95346,0.97271,0.95837,0.96125,0.93014,0.94069,0.94351,0.89668,0.89752,0.92391,0.90526,0.89963,0.84042,0.87748,0.85335,0.83473,0.81804,0.81988,0.77462,0.77516,0.74163,0.76377,0.80499,0.85287,0.86588,0.8594,0.8671,0.86418,0.88134,0.90912,0.89771,0.92301,0.88919,0.89776,0.91765,0.93467,0.93361,0.93544,0.94668,0.94936,0.95391,0.97078,0.95737,0.95214,0.95247,0.93741,0.93197,0.94174,0.94743,0.96941,0.95973,0.99033,0.98376,0.90732,0.50499,0.12079,0.012931,0.010618,0.020394,0.041257,0.030337,0.042529,0.052147,0.050229,0.042722,0.040861,0.039508,0.036123,0.035843,0.030962,0.025311,0.023165,0.023313,0.02431,0.028367,0.029814,0.029378,0.026597,0.032296,0.033051,0.035925,0.036488,0.028393,0.024757,0.026216,0.024369,0.027616,0.03066,0.026057,0.027946,0.032038,0.030146,0.030528,0.03946
40,0.30353,0.45894,0.43255,0.67718,0.61025,0.5684,0.74975,0.2419,0.14979,0.050618,0.0014359,0.00011441,0.00010989,2.5336e-07,4.653e-09,2.8744e-13,0,0,0,0,0,0,0,0,0,0,0,0,0,0,0,0,0,0,0,0,0,0,0,0,0,0,0,0,0,0,0,0,0,0,0,0,0,0,0,0,0,0,0,0,0,0,0,0,0,0,0,0,0,0,0,0,0,0,0,0,0,0,0,0,0,0,0,0,0,0,0,0,0,0,0,0,0,0,0,0,0,0,0,0
41,0,0,0,0,0,0,0,0,0,0,0,0,0,0,0,0,0,0,0,0,0,0,0,0,0,0,0,0,0,0,0,0,0,0,0,0,0,0,0,0,0,0,0,0,0,0,0,0,0,0,0,0,0,0,0,0,0,0,0,0,0,0,0,0,0,0,0,0,0,0,0,0,0,0,0,0,0,0,0,0,0,0,0,0,0,0,0,0,0,0,0,0,0,0,0,0,0,0,0,0
42,0.0023224,9.4599e-07,4.7677e-06,2.9897e-05,4.7381e-06,7.1508e-08,3.2748e-08,8.8387e-11,1.3968e-10,4.469e-11,6.2114e-12,1.208e-11,3.4905e-13,1.9984e-15,0,1.4433e-15,1.7764e-15,3.8858e-15,5.7732e-15,6.8834e-15,1.4877e-14,1.1102e-16,0,0,0,0,0,0,0,0,0,0,0,0,0,0,0,0,0,0,0,0,0,0,0,0,0,0,0,0,0,0,0,0,0,0,0,0,0,0,0,0,0,0,0,0,0,0,0,0,0,0,0,0,0,0,0,0,0,0,0,0,0,0,0,0,0,0,0,0,0,0,0,0,0,0,0,0,0,0
43,0.99999,0.99989,0.99999,1,0.99999,1,1,1,0.99999,0.99999,0.99999,0.99985,0.99993,0.99967,0.9989,0.99509,0.99498,0.9925,0.99318,0.96969,0.89089,0.81665,0.75285,0.66054,0.493,0.39519,0.30545,0.17366,0.056453,0.021092,0.0016389,0.00037537,9.5479e-05,3.4722e-06,1.4016e-07,1.3833e-08,2.0147e-09,1.9357e-10,3.7208e-12,8.6486e-14,1.4433e-15,0,0,0,0,0,0,0,0,0,0,0,0,0,0,0,0,0,0,0,0,0,0,0,0,0,0,0,0,0,0,0,0,0,0,0,0,0,0,0,0,0,0,0,0,0,0,0,0,0,0,0,0,0,0,0,0,0,0,0
44,0.70664,0.72307,0.90078,0.94529,0.70247,0.44596,0.20282,0.021254,0.0055004,0.00071524,0.00031848,5.9929e-05,3.6199e-06,7.9866e-08,4.0483e-09,1.1491e-11,1.753e-13,5.107e-15,0,0,0,0,0,0,0,0,0,0,0,0,0,0,0,0,0,0,0,0,0,0,0,0,0,0,0,0,0,0,0,0,0,0,0,0,0,0,0,0,0,0,0,0,0,0,0,0,0,0,0,0,0,0,0,0,0,0,0,0,0,0,0,0,0,0,0,0,0,0,0,0,0,0,0,0,0,0,0,0,0,0
45,2.732e-06,7.6743e-09,0,0,0,0,0,0,0,0,0,0,0,0,0,0,0,0,0,0,0,0,0,0,0,0,0,0,0,0,0,0,0,0,0,0,0,0,0,0,0,0,0,0,0,0,0,0,0,0,0,0,0,0,0,0,0,0,0,0,0,0,0,0,0,0,0,0,0,0,0,0,0,0,0,0,0,0,0,0,0,0,0,0,0,0,0,0,0,0,0,0,0,0,0,0,0,0,0,0
46,0.99691,0.99714,0.98455,0.9522,0.96337,0.96261,0.92129,0.95627,0.93977,0.92488,0.94545,0.94501,0.94465,0.91562,0.8832,0.90802,0.93608,0.95813,0.9575,0.96831,0.96246,0.95755,0.96914,0.95698,0.93818,0.91156,0.92557,0.90615,0.89186,0.89072,0.88207,0.87296,0.85914,0.80158,0.87305,0.84239,0.79998,0.79424,0.63733,0.64677,0.51075,0.39517,0.41645,0.40586,0.3464,0.36957,0.27316,0.28799,0.21755,0.19665,0.20502,0.16505,0.21308,0.14458,0.15451,0.11169,0.10153,0.20372,0.18673,0.17032,0.22521,0.29103,0.42172,0.46333,0.49129,0.43086,0.48549,0.32256,0.40842,0.48014,0.44031,0.32932,0.31442,0.26349,0.25231,0.29106,0.37535,0.43367,0.43448,0.4001,0.37407,0.40768,0.41535,0.46048,0.49351,0.55164,0.53771,0.56267,0.64192,0.67981,0.66579,0.69603,0.66141,0.68685,0.70499,0.7159,0.77883,0.75944,0.77801,0.75429
47,0.99709,0.99998,0.99993,0.99997,0.99975,0.99983,0.99991,0.99996,0.9998,0.99925,0.99863,0.99228,0.99164,0.99562,0.99672,0.99931,0.99962,0.99978,0.99965,0.99944,0.99814,0.99783,0.99682,0.99868,0.99851,0.99679,0.99765,0.99872,0.99805,0.99742,0.99463,0.99212,0.98685,0.97327,0.96783,0.96422,0.95663,0.96437,0.98582,0.99403,0.99611,0.99259,0.99502,0.99591,0.99417,0.99354,0.99379,0.99384,0.99724,0.99887,0.9989,0.99815,0.99599,0.99692,0.99789,0.99849,0.99881,0.99791,0.99798,0.99841,0.99847,0.99716,0.9957,0.99445,0.99468,0.99458,0.99704,0.99725,0.99653,0.99824,0.99812,0.9965,0.99755,0.99711,0.99863,0.999,0.99864,0.99907,0.99944,0.99946,0.99946,0.99904,0.99914,0.99893,0.99932,0.99936,0.99892,0.99734,0.99756,0.9974,0.99697,0.99714,0.99839,0.99906,0.99806,0.99822,0.99794,0.9977,0.99717,0.99794
48,0.83645,0.99878,0.99642,0.99976,0.99998,0.99996,0.99964,0.99642,0.99828,0.9992,0.997,0.99509,0.99318,0.98548,0.93846,0.74847,0.36467,0.14053,0.032133,0.0011432,0.00011222,6.8564e-06,6.8081e-08,1.7656e-08,1.5475e-09,3.0117e-11,1.9034e-12,1.1136e-13,1.1657e-14,4.4409e-16,3.3307e-16,1.1102e-16,0,0,0,0,0,0,0,0,0,0,0,0,0,0,0,0,0,0,0,0,0,0,0,0,0,0,0,0,0,0,0,0,0,0,0,0,0,0,0,0,0,0,0,0,0,0,0,0,0,0,0,0,0,0,0,0,0,0,0,0,0,0,0,0,0,0,0,0
49,0.78209,0.59858,0.024901,0.0025624,0.0047096,0.0029261,0.0017906,0.00011054,6.8915e-07,1.0209e-07,3.3378e-10,3.645e-12,5.7732e-15,0,0,0,0,0,0,0,0,0,0,0,0,0,0,0,0,0,0,0,0,0,0,0,0,0,0,0,0,0,0,0,0,0,0,0,0,0,0,0,0,0,0,0,0,0,0,0,0,0,0,0,0,0,0,0,0,0,0,0,0,0,0,0,0,0,0,0,0,0,0,0,0,0,0,0,0,0,0,0,0,0,0,0,0,0,0,0
50,0.96911,0.97071,0.95766,0.99486,0.98341,0.99934,0.99965,0.99944,0.99595,0.98186,0.91767,0.83481,0.60248,0.43782,0.24466,0.090497,0.019159,0.0043066,0.00075795,4.1693e-05,1.2502e-05,2.2657e-06,1.05e-07,7.6574e-10,8.9168e-11,5.2647e-13,3.7859e-14,2.2204e-16,0,0,0,0,0,0,0,0,0,0,0,0,0,0,0,0,0,0,0,0,0,0,0,0,0,0,0,0,0,0,0,0,0,0,0,0,0,0,0,0,0,0,0,0,0,0,0,0,0,0,0,0,0,0,0,0,0,0,0,0,0,0,0,0,0,0,0,0,0,0,0,0
1,0.9999,1,0.99997,0.99998,1,1,1,0.99995,1,1,1,1,1,1,1,1,1,1,1,1,1,1,1,1,1,1,1,1,1,1,1,1,1,1,1,1,1,1,1,1,1,1,1,1,1,1,1,1,1,1,1,1,1,0.99999,1,0.99999,1,1,1,1,1,1,1,1,1,1,1,1,1,1,1,0.99998,0.99999,0.99998,0.99998,0.99998,0.99999,0.99999,0.99999,1,1,1,0.99999,1,1,1,0.99999,1,1,1,1,1,1,1,1,1,1,1,1,1
2,0.46719,0.55101,0.35159,0.55318,0.81792,0.90653,0.90792,0.92081,0.99075,0.99061,0.99107,0.98728,0.99719,0.99745,0.9983,0.99865,0.99858,0.99697,0.99847,0.99864,0.9986,0.99817,0.99785,0.99649,0.99685,0.99727,0.99741,0.99858,0.99944,0.99789,0.98836,0.99194,0.99981,0.99619,0.99523,0.98762,0.99854,0.98818,0.99957,0.9998,0.99997,1,0.99999,0.9999,0.99998,0.99999,0.99989,0.99999,0.99997,0.99999,0.99998,1,1,1,1,1,1,1,0.99996,0.99999,0.99998,0.99998,0.99999,0.99998,0.99998,0.99998,0.99999,0.99998,0.99997,0.99998,0.99998,0.99994,0.99993,0.9999,0.99992,0.99998,0.99999,0.99998,0.99998,0.99994,0.99997,0.99998,0.99999,0.99999,0.99999,0.99998,0.99999,0.99998,0.99999,0.99999,0.99999,1,1,1,1,1,1,1,1,1
3,0.99882,0.99921,0.99299,0.99991,0.99997,0.99999,0.99999,1,1,1,1,0.99999,1,1,1,1,1,0.99999,1,1,1,1,1,1,1,1,1,1,1,1,1,1,1,1,1,1,1,1,1,1,1,1,1,1,1,1,1,1,1,1,1,1,1,1,1,1,1,1,1,1,1,1,1,1,1,1,1,1,1,1,1,1,1,1,1,1,1,1,1,1,1,1,1,1,1,1,1,1,1,1,1,1,1,1,1,1,1,1,1,1
4,0.45387,0.55049,0.6871,0.68218,0.81934,0.88296,0.98563,0.98392,0.99938,0.99211,0.99441,0.97677,0.97599,0.98492,0.98147,0.9864,0.96997,0.97484,0.96693,0.89666,0.89094,0.89458,0.88886,0.79047,0.81824,0.83605,0.89752,0.81114,0.71635,0.72449,0.73156,0.92697,0.96219,0.99973,0.99999,1,0.99999,0.99999,1,1,1,1,1,1,1,1,1,1,1,1,1,1,1,1,1,1,1,1,1,0.99999,1,1,1,0.99999,0.99998,0.99999,0.99999,1,0.99999,0.99999,1,0.99999,1,1,1,1,1,1,1,1,1,1,1,1,1,1,1,1,1,1,1,1,1,1,1,1,1,1,1,1
5,0.99653,0.9982,0.99906,0.99998,0.99998,0.99995,0.9999,0.99987,0.99963,0.99946,0.99957,0.99966,0.99996,0.9997,0.99961,0.99981,0.99985,0.99998,0.99999,0.99998,0.99995,0.99992,0.99995,0.99991,0.99981,0.99954,0.99859,0.99801,0.99873,0.99899,0.99914,0.99955,0.9997,0.99968,0.99956,0.9997,0.99919,0.99944,0.99719,0.99789,0.99828,0.99782,0.99894,0.9995,0.99863,0.99874,0.99927,0.99912,0.99969,0.99956,0.99964,0.99973,0.9995,0.99947,0.99957,0.99971,0.9998,0.99982,0.99992,0.99992,0.99991,0.99982,0.99956,0.99968,0.99981,0.99966,0.99928,0.99916,0.99943,0.99974,0.99983,0.99978,0.99987,0.99991,0.99992,0.99987,0.99993,0.99997,0.99998,0.99997,0.99996,0.99998,0.99998,0.99999,0.99999,0.99999,0.99999,0.99995,0.99993,0.99996,0.99995,0.99989,0.99989,0.99986,0.9999,0.99986,0.99991,0.99993,0.99995,0.99997
6,0.99999,0.99835,0.99967,0.99958,0.99972,0.99974,0.99986,0.99993,0.99996,0.99975,0.99988,0.99997,0.99998,0.99998,0.99999,0.99998,0.99995,0.99996,0.99997,0.99996,0.99999,0.99998,0.99999,1,1,1,1,1,1,1,0.99999,1,1,0.99999,0.99998,0.99998,0.99999,1,1,1,1,1,1,1,1,1,1,1,1,0.99999,0.99999,1,0.99999,0.99999,0.99998,0.99997,0.99998,0.99998,0.99995,0.9999,0.99994,0.99993,0.99998,0.99999,0.99999,0.99999,0.99999,1,1,1,1,1,1,1,1,1,1,1,1,1,1,1,1,1,1,1,1,0.99999,0.99999,0.99998,0.99998,0.99996,0.99988,0.99987,0.9999,0.99991,0.99994,0.99991,0.99994,0.99994
7,0.46917,0.36791,0.29385,0.367,0.4058,0.71917,0.93653,0.89424,0.86724,0.78381,0.76034,0.70761,0.7672,0.77737,0.71322,0.86725,0.90142,0.91996,0.91975,0.92411,0.73476,0.79034,0.79541,0.86877,0.90456,0.8945,0.87785,0.93327,0.9085,0.91105,0.88307,0.95224,0.95513,0.98215,0.9941,0.99299,0.98188,0.99411,0.99839,0.99807,0.99927,0.99963,0.99996,0.99998,0.99999,0.99997,0.99996,0.99997,0.99995,0.99994,0.99995,0.99994,0.99995,0.99967,0.99998,0.9999,0.99997,0.99998,0.99999,0.99996,0.99996,0.99998,1,1,1,1,1,1,1,1,1,1,1,1,1,1,1,1,1,1,1,1,1,1,1,1,1,1,1,1,1,1,1,1,1,1,1,1,1,1
8,0.99355,0.99999,0.99932,0.99939,0.99984,0.99999,0.99995,1,1,1,0.99999,0.99999,1,0.99999,0.99993,0.99999,0.99999,1,1,0.99998,0.99999,1,0.99999,0.99998,0.99997,0.99998,0.99998,0.99999,0.99998,0.99989,0.99997,0.99999,0.99997,0.99998,0.99998,0.99999,0.99998,0.99999,0.99999,0.99999,0.99998,0.99994,0.99995,0.99998,0.99999,0.99999,0.99999,1,1,1,1,0.99999,0.99999,0.99999,1,0.99999,0.99999,1,1,1,1,1,1,1,1,1,1,1,1,0.99999,0.99998,0.99998,0.99986,0.99987,0.9999,0.99996,0.99996,0.99998,0.99992,0.99997,0.99998,0.99999,0.99999,0.99999,1,1,1,1,1,1,1,1,1,1,1,1,1,1,1,1
9,0.94226,0.97446,0.95641,0.96839,0.99772,0.99,0.99215,0.99264,0.97955,0.99169,0.99553,0.99292,0.94161,0.89474,0.89768,0.92202,0.83005,0.85364,0.84988,0.92475,0.91865,0.85982,0.78988,0.78118,0.77574,0.69123,0.51896,0.58081,0.83017,0.97991,0.99986,0.99891,0.9937,0.99801,0.99442,0.99849,0.9994,0.99951,0.99922,0.99896,0.99967,0.99956,0.99984,0.99999,0.9997,0.99991,1,1,1,1,1,0.99994,0.99993,0.99999,1,1,0.99999,0.99998,0.99999,0.99998,0.99962,0.99963,0.9999,0.99993,0.99993,0.99994,0.99993,0.99995,0.99997,0.99998,0.99999,0.99999,0.99999,0.99999,1,1,1,0.99999,1,0.99999,0.99997,0.99999,0.99999,0.99999,0.99999,0.99999,0.99999,0.99997,0.99998,0.99999,1,1,1,1,1,1,1,1,1,1
10,0.60925,0.75635,0.71271,0.96614,0.98146,0.92875,0.81626,0.7391,0.86071,0.91735,0.97048,0.96791,0.92181,0.85923,0.83331,0.95571,0.94914,0.96938,0.97707,0.97384,0.96519,0.68031,0.68293,0.76969,0.68174,0.68097,0.76593,0.76693,0.86445,0.90213,0.96109,0.9999,0.99963,0.98773,0.99436,0.9949,0.9997,0.99941,0.99969,0.9975,0.99992,0.99977,0.99997,0.99978,0.99994,0.99994,0.99988,0.99986,0.99999,1,0.99999,1,1,0.99999,1,1,1,0.99999,1,0.99996,0.99992,0.99997,0.99986,0.99983,0.99983,0.99986,0.99996,0.99999,0.99999,0.99999,1,0.99999,0.99999,0.99999,0.99999,0.99999,0.99999,0.99999,0.99999,0.99999,0.99999,0.99999,0.99998,0.99997,0.99997,0.99996,0.99998,0.99998,0.99997,0.99998,0.99999,0.99998,0.99996,0.99997,0.99998,0.99997,0.99996,0.99998,0.99998,0.99998
11,0.99001,0.98419,0.99846,0.99968,0.99928,0.99924,0.99871,0.99451,0.99929,0.99843,0.99982,0.99989,0.99989,0.99987,0.99996,0.99999,0.99997,0.99996,0.99976,0.99982,0.99947,0.99959,0.9999,0.99977,0.99963,0.99982,0.99996,0.99999,1,1,1,0.99999,0.99999,0.99999,0.99999,1,1,0.99999,1,1,1,1,1,1,1,1,1,1,0.99997,0.99999,1,1,1,1,1,1,1,1,1,1,1,1,0.99999,0.99998,1,0.99999,0.99999,1,1,1,1,0.99998,0.99993,0.99992,0.99998,0.99997,0.9999,0.99974,0.99961,0.99979,0.99984,0.99984,0.99966,0.99973,0.99972,0.99978,0.99964,0.99958,0.9997,0.9999,0.99994,0.99995,0.99998,0.99996,0.99998,0.99997,0.99999,0.99998,0.99998,0.99999
12,0.9034,0.92993,0.97143,0.99814,0.99739,0.99214,0.98355,0.98159,0.99789,0.99836,0.9959,0.99804,0.99924,0.99998,0.99992,0.99999,0.99993,0.99995,0.99998,0.99998,0.99998,0.99998,0.99997,0.99992,0.99996,0.99992,0.99999,0.99999,0.99999,1,1,1,1,0.99999,0.99999,1,1,1,1,1,1,0.99999,1,0.99999,0.99999,1,1,1,1,1,1,1,1,1,1,0.99999,0.99999,1,1,1,1,1,1,1,1,1,1,1,1,1,1,1,1,1,1,1,1,1,1,1,1,1,1,1,1,1,1,1,1,1,1,1,1,1,1,1,1,1,1,1
13,0.95467,0.99875,0.99972,0.99853,0.9995,0.99914,0.99999,0.99985,0.99977,0.99969,0.99959,0.99901,0.99979,0.99995,1,1,0.99998,1,1,0.99998,0.99999,0.99999,0.99999,0.99999,0.99999,1,1,1,1,1,1,1,1,1,1,1,1,1,1,1,1,0.99998,0.99998,0.99996,0.99999,0.99999,1,1,1,1,1,1,1,1,1,1,0.99999,0.99999,0.99999,0.99999,0.99998,0.99997,0.99996,0.99997,0.99997,0.99996,0.99995,0.99995,0.99991,0.99995,0.99996,0.99997,0.99997,0.99997,0.99998,0.99998,0.99999,0.99999,0.99998,0.99999,0.99999,0.99999,0.99999,0.99999,0.99999,0.99994,0.99998,0.99998,0.99998,0.99999,0.99998,0.99999,1,1,0.99999,1,1,1,1,1
14,0.99877,0.99997,0.99999,1,1,1,1,1,1,1,1,1,1,1,1,1,1,1,1,1,1,1,1,1,1,1,1,1,1,1,1,1,1,1,1,1,1,1,1,1,1,1,1,1,1,1,1,1,1,1,1,1,1,1,1,1,1,1,1,1,1,1,1,1,1,1,1,1,1,1,1,1,1,1,1,1,1,1,1,1,1,1,1,1,1,1,1,1,1,1,1,1,1,1,1,1,1,1,1,1
15,0.9975,0.99973,0.99996,1,1,1,1,1,1,1,1,1,1,1,1,1,1,1,1,0.99998,0.99998,0.99999,0.99998,0.99998,1,1,0.99999,0.99999,0.99996,0.99996,0.99994,0.99997,0.99997,0.99996,0.99998,0.99996,0.99997,0.99997,0.99998,0.99998,0.99998,0.99998,0.99998,1,0.99999,0.99999,0.99999,1,1,1,1,1,1,1,1,1,1,1,1,1,1,0.99999,1,0.99999,0.99999,1,0.99999,0.99999,1,1,1,1,1,0.99999,0.99999,0.99999,1,1,1,1,1,1,1,1,1,1,1,1,1,1,0.99999,1,1,1,1,1,1,1,1,1
16,0.89708,0.85099,0.99386,0.97616,0.97204,0.97373,0.98342,0.94334,0.96382,0.91659,0.95899,0.90897,0.9189,0.86854,0.85793,0.89383,0.89009,0.93776,0.87227,0.93852,0.91281,0.92438,0.92807,0.96103,0.96779,0.9608,0.94501,0.94052,0.9159,0.89594,0.76392,0.76725,0.84555,0.79578,0.81156,0.86925,0.87636,0.87184,0.85533,0.85976,0.83977,0.87609,0.87079,0.83838,0.77744,0.79127,0.86453,0.82698,0.79192,0.78285,0.76744,0.6955,0.66212,0.56929,0.56125,0.55514,0.54469,0.62849,0.74526,0.79642,0.73106,0.95135,0.96424,0.96277,0.98639,0.98826,0.9938,0.99987,0.99997,0.99993,0.99995,0.99863,0.98974,0.99349,0.99157,0.99687,0.99909,0.99946,0.99966,0.99982,0.99972,0.99768,0.99627,0.9977,0.99655,0.99212,0.99393,0.99116,0.98913,0.97544,0.99298,0.99838,0.998,0.9986,0.9984,0.99933,0.99952,0.99962,0.9999,0.99959
17,0.94566,0.83009,0.92332,0.96134,0.94602,0.99011,0.99762,0.9937,0.97627,0.95838,0.94226,0.90239,0.81733,0.92903,0.9617,0.95519,0.99152,0.99722,0.99939,0.99988,0.99993,1,1,1,0.99999,0.99999,0.99999,1,1,1,1,1,1,1,1,1,1,1,1,1,1,1,1,1,1,1,1,1,1,1,1,1,0.99999,1,1,1,1,1,1,1,1,1,0.99999,0.99999,0.99999,1,0.99998,0.99997,0.99999,0.99998,0.99997,0.99991,0.99986,0.99981,0.99989,0.99982,0.99962,0.99953,0.99974,0.9999,0.99997,0.99998,0.99998,0.99997,0.99988,0.99988,0.99992,0.99994,0.99985,0.99984,0.99982,0.99975,0.99976,0.99969,0.99944,0.99927,0.99958,0.99984,0.99983,0.99981
18,0.99965,0.9999,0.99978,0.99917,0.99993,0.99998,0.99997,1,1,1,1,1,1,1,1,1,1,1,1,1,1,1,1,1,1,1,1,1,1,1,1,1,1,1,1,1,1,1,1,1,1,1,1,1,1,1,1,1,1,1,1,1,1,1,1,1,1,1,1,1,1,1,1,1,1,1,1,1,1,1,1,1,1,1,1,1,1,1,1,1,1,1,1,1,1,1,1,1,1,1,1,1,1,1,1,1,1,1,1,1
19,0.69639,0.83481,0.96703,0.99722,0.98281,0.98193,0.74492,0.744,0.26008,0.27585,0.29535,0.22483,0.33683,0.40775,0.57899,0.57584,0.53769,0.43979,0.43481,0.46547,0.51883,0.46835,0.51683,0.54392,0.6001,0.61597,0.69959,0.77074,0.74016,0.74079,0.81261,0.67326,0.62905,0.726,0.71904,0.7783,0.81921,0.81548,0.82797,0.85162,0.82973,0.88738,0.84437,0.93794,0.98224,0.9783,0.99967,0.99996,0.99984,1,1,1,1,1,1,1,1,1,1,0.99999,1,0.99999,1,1,1,1,1,1,1,1,1,1,1,1,1,1,1,1,1,1,1,1,1,1,1,1,1,1,1,1,1,1,1,1,1,1,1,0.99999,1,0.99998
20,0.99576,0.999,0.99907,0.99728,0.99886,0.99997,0.99997,0.99998,0.99999,0.99999,0.99974,0.99986,0.99984,0.99996,0.99988,0.99987,0.99988,0.99971,0.99968,0.99945,0.99882,0.99866,0.99833,0.99916,0.99767,0.99882,0.99756,0.99817,0.99829,0.99943,0.99925,0.99967,0.99961,0.99973,0.99987,0.99984,0.99985,0.99987,0.99989,0.99985,0.99995,0.99996,0.99997,0.99998,0.99994,0.99998,0.99999,0.99999,0.99998,0.99998,0.99997,0.99997,0.99996,0.99995,0.99988,0.99999,0.99999,1,1,1,1,0.99999,0.99999,0.99999,0.99999,1,0.99998,0.99999,0.99998,0.99999,1,0.99999,0.99999,0.99999,0.99999,1,1,1,1,1,1,1,1,1,1,1,1,1,1,1,1,1,1,1,1,1,1,1,1,1
21,0.99623,0.99963,0.99935,0.99611,0.99963,0.99695,0.99897,0.99997,1,0.99999,0.99999,1,0.99999,0.99998,0.99999,0.99993,0.99986,0.99985,0.99972,0.99916,0.99975,0.99926,0.99981,0.99971,0.99953,0.99908,0.99893,0.99982,0.99915,0.99858,0.99973,0.99997,0.99997,0.99997,0.99996,0.99999,1,1,1,1,1,1,1,1,0.99999,1,1,1,1,1,1,0.99997,0.99998,0.99995,0.99999,0.99999,1,0.99999,1,1,0.99999,1,0.99999,0.99998,0.99997,0.99999,0.99999,0.99999,1,1,1,1,1,1,1,1,1,1,0.99999,0.99999,0.99998,0.99998,0.99999,0.99999,0.99998,0.99998,0.99999,0.99999,0.99999,0.99999,0.99999,0.99995,0.99995,0.99992,0.99992,0.99985,0.99981,0.99986,0.99991,0.99989
22,0.93229,0.9979,0.99951,0.99882,0.99961,0.99845,0.99959,0.99808,0.99907,0.99786,0.99903,0.99945,0.99964,0.99991,0.99986,0.99989,0.99977,0.99976,0.99986,0.99994,0.99988,0.99995,0.99993,0.99983,0.99988,0.99983,0.99989,0.99968,0.99954,0.99922,0.9996,0.99943,0.99908,0.99896,0.99896,0.99881,0.99879,0.99809,0.99749,0.99609,0.99627,0.99555,0.99763,0.99832,0.99895,0.99867,0.99852,0.99903,0.99889,0.99825,0.99843,0.99934,0.99945,0.99931,0.99936,0.99941,0.99968,0.99953,0.99962,0.99941,0.99934,0.99938,0.99966,0.99969,0.99992,0.99985,0.99987,0.99975,0.99964,0.99985,0.99928,0.99955,0.99978,0.9993,0.99928,0.99919,0.99894,0.99869,0.99801,0.99696,0.99785,0.99702,0.99807,0.99812,0.99844,0.99769,0.99833,0.99752,0.99711,0.9976,0.99858,0.99923,0.99889,0.99925,0.99943,0.99947,0.99911,0.99878,0.99925,0.99925
23,0.82353,0.8323,0.90694,0.90528,0.93998,0.95852,0.99553,0.99418,0.9847,0.99867,0.98272,0.99698,0.98824,0.99277,0.99818,0.98554,0.98901,0.94221,0.91023,0.93275,0.89515,0.76664,0.74339,0.77558,0.83991,0.75465,0.74923,0.80266,0.78446,0.79248,0.8033,0.82947,0.77705,0.76208,0.76935,0.82383,0.88227,0.89569,0.89837,0.89231,0.91572,0.95691,0.95165,0.73223,0.7002,0.64835,0.82059,0.77996,0.87079,0.91669,0.91396,0.88999,0.90206,0.9009,0.90081,0.8909,0.9062,0.9057,0.90853,0.91849,0.91425,0.90454,0.91575,0.86722,0.93191,0.94804,0.92774,0.94538,0.97186,0.97667,0.98955,0.9928,0.96688,0.9974,0.99988,0.99944,0.9989,0.99894,0.99945,0.99988,0.99999,0.99996,0.9999,0.99985,0.99993,0.99995,0.99984,0.99927,0.99816,0.99669,0.9925,0.99024,0.9938,0.99216,0.99242,0.99233,0.99486,0.99771,0.99762,0.99452
24,0.9525,0.9901,0.99171,0.99591,0.99883,0.99975,0.99997,0.99999,1,1,1,0.99999,0.99997,0.99999,0.99998,0.99997,0.99997,0.99996,0.99989,0.99998,0.99996,0.99998,1,0.99999,0.99999,1,1,1,1,1,1,1,1,1,1,1,1,1,1,1,1,1,1,1,1,1,1,1,1,1,1,1,1,1,1,1,1,1,1,1,1,1,1,1,1,1,1,1,1,1,1,1,1,1,1,1,1,1,1,1,1,1,1,1,1,1,1,1,1,1,1,1,1,1,1,1,1,1,0.99999,0.99999
25,0.99233,0.99998,0.99994,0.99997,0.99997,0.99999,1,1,1,1,1,1,1,1,1,1,1,1,1,1,1,1,1,1,1,1,1,1,1,1,1,1,1,1,1,1,1,1,1,1,1,1,1,1,1,1,1,1,1,1,1,1,1,1,1,1,1,1,1,1,1,0.99999,0.99999,1,1,1,1,1,1,1,1,0.99999,0.99999,0.99999,0.99999,1,1,1,1,1,1,1,1,1,1,1,1,1,1,1,1,1,1,1,1,1,1,1,1,1
26,0.66807,0.85847,0.76434,0.91959,0.97267,0.98978,0.99939,0.99607,0.99795,0.99949,0.9997,0.99991,0.99992,0.99995,0.99984,0.99992,0.99999,0.99999,0.99999,0.99999,1,1,1,0.99999,0.99999,0.99999,1,1,1,1,1,1,1,1,1,1,1,1,1,1,1,1,1,1,1,1,1,1,1,1,1,1,1,1,1,1,1,1,1,1,1,1,1,1,1,1,1,1,1,1,1,1,1,0.99999,1,0.99999,1,0.99999,0.99996,0.99991,0.99989,0.99987,0.99985,0.99981,0.99984,0.99985,0.99989,0.9999,0.99989,0.99995,0.99995,0.99998,0.99999,1,1,1,1,1,1,1
27,0.99924,0.99994,1,1,1,1,0.99998,0.99999,0.99998,0.99992,0.99997,0.99991,0.99961,0.99959,0.99957,0.99987,0.99993,0.99993,0.99998,0.99993,0.99988,0.99985,0.99977,0.99979,0.99977,0.99978,0.99974,0.99972,0.99975,0.99986,0.9999,0.99994,0.99989,0.99993,0.99997,0.99998,0.99999,0.99999,0.99999,0.99998,0.99999,0.99998,0.99998,0.99998,0.99997,0.99998,0.99995,0.99997,0.99999,0.99998,0.99997,0.99993,0.99992,0.99992,0.99986,0.99982,0.99982,0.99984,0.99989,0.99995,0.99987,0.99989,0.99993,0.99984,0.99984,0.99988,0.99985,0.99991,0.99993,0.99995,0.9999,0.99975,0.99994,0.99998,0.99994,0.99998,0.99999,0.99999,1,1,1,0.99999,0.99997,0.99999,0.99997,0.99995,0.9998,0.99946,0.99955,0.99986,0.99994,0.99997,0.99995,0.99994,0.99999,0.99998,0.99999,1,0.99999,0.99998
28,0.90281,0.8497,0.98239,0.98847,0.98804,0.71199,0.45375,0.3206,0.060756,0.019847,0.0079749,0.0022776,0.00057658,0.00011008,5.5269e-05,2.8998e-05,9.7419e-06,1.7938e-06,9.1604e-07,5.8579e-07,5.4283e-07,1.7675e-07,5.27e-08,5.0279e-08,5.4468e-08,3.5688e-08,2.3662e-08,8.391e-09,5.0251e-09,6.462e-10,7.3878e-11,2.4328e-11,8.619e-12,2.5807e-12,2.5024e-13,1.7275e-13,2.5902e-13,1.471e-13,3.4595e-13,7.5384e-14,4.2299e-14,2.5091e-14,1.4766e-14,1.0547e-14,1.6098e-14,2.2538e-14,1.3545e-14,1.9096e-14,3.042e-14,6.0729e-14,3.5416e-14,2.8977e-14,2.9976e-14,1.4211e-14,1.1102e-14,1.2879e-14,1.5432e-14,1.3545e-14,2.6645e-15,0,0,0,0,0,0,0,0,0,0,0,0,0,0,0,0,0,0,0,0,0,0,0,0,0,0,0,0,0,0,0,0,0,0,0,0,0,0,0,0,0
29,0,0,0,0,0,0,0,0,0,0,0,0,0,0,0,0,0,0,0,0,0,0,0,0,0,0,0,0,0,0,0,0,0,0,0,0,0,0,0,0,0,0,0,0,0,0,0,0,0,0,0,0,0,0,0,0,0,0,0,0,0,0,0,0,0,0,0,0,0,0,0,0,0,0,0,0,0,0,0,0,0,0,0,0,0,0,0,0,0,0,0,0,0,0,0,0,0,0,0,0
30,0.99824,0.99995,0.99991,0.99999,0.99988,0.99999,0.99999,1,1,1,0.99998,0.99998,1,1,1,1,1,0.99998,0.99997,0.99998,1,1,1,1,1,1,1,1,0.99999,0.99999,1,1,1,1,1,1,1,1,1,1,1,1,1,1,1,1,1,1,1,1,1,1,1,1,1,1,1,1,1,1,1,1,1,1,1,1,1,1,1,1,1,1,1,1,1,1,1,1,1,1,1,1,1,1,1,1,1,1,1,1,1,1,1,1,1,1,1,1,1,1
31,6.6613e-16,0,0,0,0,0,0,0,0,0,0,0,0,0,0,0,0,0,0,0,0,0,0,0,0,0,0,0,0,0,0,0,0,0,0,0,0,0,0,0,0,0,0,0,0,0,0,0,0,0,0,0,0,0,0,0,0,0,0,0,0,0,0,0,0,0,0,0,0,0,0,0,0,0,0,0,0,0,0,0,0,0,0,0,0,0,0,0,0,0,0,0,0,0,0,0,0,0,0,0
32,0.96429,0.90951,0.80901,0.88016,0.92474,0.98956,0.97303,0.9988,0.99907,0.99911,0.99888,0.99934,0.99911,0.99935,0.99864,0.99716,0.99813,0.99736,0.99591,0.99534,0.9975,0.99719,0.9895,0.99541,0.99536,0.99618,0.99707,0.99523,0.99923,0.99989,0.99962,0.99854,0.99843,0.99739,0.9891,0.9932,0.98525,0.98898,0.99637,0.9943,0.99647,0.99727,0.99524,0.99474,0.99695,0.99931,0.99935,0.99816,0.99784,0.99864,0.99856,0.99917,0.99964,0.99909,0.99864,0.99884,0.99868,0.99824,0.9985,0.9988,0.99922,0.99966,0.99973,0.99984,0.9998,0.99984,0.9997,0.99997,0.99995,0.99996,0.99995,0.99994,0.99995,0.99996,0.99999,0.99999,0.99998,0.99998,0.99999,0.99999,1,1,0.99999,0.99999,0.99998,0.99997,0.99995,0.99995,0.99997,0.99998,0.99999,0.99999,0.99998,0.99999,0.99999,1,1,1,1,1
33,0.98132,0.94706,0.98685,0.95636,0.99225,0.99065,0.99925,0.99976,0.99921,0.99829,0.99469,0.99571,0.98878,0.98212,0.98061,0.98112,0.9799,0.97698,0.99181,0.98797,0.99042,0.99175,0.99419,0.994,0.98947,0.9912,0.9933,0.99404,0.99262,0.99739,0.99818,0.99771,0.99813,0.99687,0.99697,0.99871,0.99866,0.99856,0.99763,0.99639,0.99817,0.99749,0.99864,0.999,0.99917,0.99921,0.99857,0.9985,0.99905,0.99748,0.99944,0.99964,0.99976,0.9999,0.99996,0.99999,1,1,1,1,1,1,1,1,1,1,1,1,1,1,1,1,1,1,1,1,1,1,1,1,1,1,1,1,1,1,1,1,1,1,1,1,1,1,1,1,1,1,1,1
34,0.98467,0.99949,1,0.99981,0.99993,0.99996,0.99999,0.99999,1,1,0.99997,0.99988,0.99993,0.99999,0.99998,0.99988,0.99994,0.99985,0.99998,0.99996,0.99991,0.99992,0.99972,0.9995,0.99921,0.99811,0.99857,0.99912,0.99956,0.99942,0.99979,0.99975,0.99944,0.9998,0.99961,0.99902,0.99831,0.998,0.99713,0.99888,0.99892,0.99946,0.99917,0.99895,0.99963,0.99938,0.99903,0.99866,0.9966,0.99645,0.99361,0.99426,0.99745,0.99847,0.99933,0.99768,0.99317,0.98227,0.9837,0.98016,0.98589,0.98636,0.98779,0.98194,0.98581,0.9551,0.91622,0.90165,0.93758,0.9388,0.93195,0.95083,0.96658,0.976,0.97928,0.9844,0.98149,0.97491,0.98227,0.98361,0.99517,0.99019,0.9888,0.99277,0.99294,0.99559,0.99599,0.99296,0.98986,0.98968,0.98999,0.98968,0.98421,0.99173,0.9942,0.99734,0.99763,0.99827,0.99853,0.99877
35,0.99747,1,1,1,1,0.99999,0.99998,1,1,1,1,1,1,1,1,1,1,1,1,1,1,1,1,1,1,1,1,1,1,1,1,1,1,1,1,1,1,1,1,1,1,1,1,1,1,1,1,1,1,1,1,1,1,1,1,1,0.99999,0.99999,1,1,1,0.99999,0.99996,0.99996,0.99998,0.99997,0.99998,0.99999,0.99999,0.99999,0.99996,0.99997,0.99998,0.99997,0.99994,0.99992,0.99976,0.99993,0.99992,0.99994,0.99997,0.99995,0.99998,0.99999,0.99997,0.99999,0.99999,0.99997,0.99999,0.99999,0.99999,0.99999,1,0.99999,0.99999,0.99999,0.99999,0.99998,0.99995,0.9999
36,0.97803,0.99968,0.99993,0.99986,0.99965,0.99869,0.99721,0.99987,0.99998,0.99995,0.99997,0.99977,0.99992,0.99999,1,0.99999,0.99998,0.99998,0.99998,0.99999,0.99998,0.99997,0.99999,0.99999,0.99999,0.99999,0.99999,1,1,1,1,1,1,1,1,1,1,1,1,1,1,1,1,1,1,1,1,1,1,1,1,1,1,1,1,1,1,1,1,1,1,1,1,1,1,1,1,1,1,1,1,1,1,1,1,1,1,1,1,1,1,1,1,1,1,1,1,1,1,1,1,1,1,1,1,1,1,1,1,1
37,0.90631,0.999,0.99837,0.98527,0.97693,0.98399,0.98964,0.99921,0.99676,0.99724,0.99627,0.97851,0.97056,0.97455,0.98977,0.99294,0.99608,0.99284,0.98767,0.98793,0.9801,0.97616,0.96245,0.95494,0.96687,0.94967,0.92392,0.90092,0.85127,0.90026,0.92764,0.93878,0.94664,0.96133,0.97021,0.95574,0.95229,0.9596,0.96891,0.95469,0.95008,0.94001,0.93538,0.9621,0.95462,0.96205,0.94564,0.95811,0.94654,0.96197,0.97804,0.95063,0.93443,0.93562,0.93038,0.94891,0.94146,0.91609,0.91069,0.90403,0.92897,0.89597,0.86353,0.90067,0.88851,0.87231,0.82081,0.89708,0.90353,0.92432,0.92886,0.91865,0.89774,0.88968,0.89219,0.91728,0.91205,0.90386,0.88343,0.8851,0.87899,0.89586,0.8937,0.87126,0.8896,0.83968,0.86095,0.88429,0.87088,0.87662,0.88724,0.85437,0.89124,0.88987,0.87496,0.88459,0.86513,0.89553,0.91751,0.91405
38,0.99575,0.99999,0.99999,1,1,1,1,1,1,1,1,1,1,1,0.99998,0.99997,1,1,1,1,1,1,1,1,1,0.99999,1,0.99999,0.99998,0.99999,0.99999,0.99998,0.99996,0.99995,0.99992,0.99979,0.99985,0.99984,0.99991,0.99994,0.99982,0.99975,0.99964,0.99929,0.9986,0.9993,0.99918,0.99925,0.99926,0.99861,0.99871,0.99929,0.99951,0.99854,0.9985,0.99787,0.99477,0.99713,0.99912,0.99891,0.99898,0.99882,0.99907,0.99891,0.99942,0.99942,0.9996,0.9999,0.9999,0.99991,0.99982,0.99964,0.99957,0.99925,0.99953,0.99955,0.99934,0.99946,0.99927,0.99951,0.99934,0.99954,0.99937,0.9995,0.99927,0.99912,0.99906,0.99929,0.99936,0.99955,0.99961,0.99979,0.99979,0.9996,0.99964,0.99987,0.99987,0.99974,0.99975,0.99977
39,0.99999,0.99987,0.99965,1,0.99998,0.99998,1,1,0.99998,0.99997,0.99979,0.99994,0.99999,0.99988,0.99995,0.99999,0.99998,0.99998,0.99998,0.99999,0.99999,0.99999,0.99999,0.99999,0.99998,0.99998,0.99997,0.99994,0.99997,0.99998,0.99999,0.99998,0.99998,0.99998,0.99999,0.99999,0.99999,1,0.99999,1,0.99999,1,1,1,1,1,1,1,1,1,1,0.99999,0.99999,1,1,1,1,1,1,1,1,1,1,1,1,1,1,1,1,1,1,1,1,1,1,1,1,1,1,1,1,1,1,1,1,1,1,1,1,1,1,1,1,1,1,1,1,1,1,1
40,0.88452,0.99432,0.92028,0.97,0.99834,0.99926,0.99999,0.99999,0.99999,0.99999,0.99999,0.99999,0.99998,0.99999,0.99997,0.99985,0.99996,0.99998,0.99995,0.9999,0.99986,0.99997,0.99985,0.99988,0.99986,0.99969,0.99979,0.9996,0.99949,0.99976,0.99979,0.99941,0.99976,0.99981,0.99968,0.99935,0.99969,0.99989,0.99999,0.99999,1,0.99999,0.99996,0.99999,0.99999,1,1,0.99999,0.99999,0.99999,0.99996,0.99999,1,1,0.99999,0.99999,0.99998,0.99999,1,0.99998,0.99996,0.99996,0.99989,0.9997,0.99953,0.99879,0.9978,0.99953,0.99954,0.99964,0.9998,0.99974,0.99956,0.99957,0.99978,0.99993,0.99993,0.99998,0.99999,0.99999,0.99999,0.99999,0.99999,0.99991,0.99989,0.99967,0.99978,0.99924,0.99936,0.99929,0.99919,0.99807,0.99767,0.99799,0.99794,0.99806,0.99851,0.99858,0.99855,0.99881
41,0.55339,0.67208,0.50757,0.85991,0.89812,0.73574,0.65929,0.66729,0.81293,0.82348,0.97484,0.99763,0.98975,0.9992,0.99729,0.98992,0.99954,0.99962,0.99769,0.99736,0.99905,0.99926,0.99923,0.9992,0.99915,0.99894,0.99911,0.99915,0.99926,0.99962,0.99998,1,1,1,1,1,0.99982,0.99986,0.99998,1,1,1,1,1,1,0.99999,1,1,1,1,1,1,1,1,1,1,1,1,1,1,1,1,1,1,1,1,1,1,1,1,1,1,1,1,1,1,1,1,1,1,1,1,1,1,1,1,1,1,1,1,1,1,1,1,1,1,1,1,1,1
42,0.99324,0.99011,0.91666,0.96553,0.99643,0.99996,0.99988,0.99973,0.99986,0.99996,0.99999,0.99995,0.99953,0.9987,0.99931,0.99993,0.99973,0.99983,0.99974,0.99986,0.99968,0.99969,0.99905,0.99963,0.99986,0.9999,0.99985,0.99965,0.9994,0.99924,0.99912,0.99987,0.9999,0.99997,0.99999,0.99998,0.99991,0.99998,0.99999,0.99992,0.99989,0.9999,0.9999,0.99996,0.99988,0.99991,0.99979,0.99996,0.99996,0.99995,0.99996,0.99997,0.99997,0.99996,0.99997,0.99999,0.99996,0.99996,0.99991,0.99997,0.99997,0.99998,0.99997,0.99997,0.99995,0.99991,0.99994,0.9999,0.99996,0.99993,0.99998,0.99998,0.99999,0.99999,0.99996,0.99993,0.99995,0.99993,0.99991,0.99993,0.99995,0.99997,0.99995,0.99995,0.99995,0.99997,0.99995,0.99991,0.99994,0.99997,0.99993,0.99993,0.99995,0.99998,0.99998,0.99998,0.99999,0.99999,0.99998,0.99999
43,0.99962,0.99999,1,0.99998,0.99988,0.99953,0.99964,0.99974,0.9999,0.99972,0.99993,0.99969,0.999,0.9997,0.99962,0.9998,0.99939,0.99799,0.9977,0.99842,0.99823,0.99836,0.9993,0.99912,0.9995,0.99969,0.99987,0.9999,0.99979,0.99973,0.99986,0.99977,0.99953,0.99951,0.99983,0.99989,0.99988,0.99988,0.99989,0.99988,0.99976,0.99985,0.99982,0.99985,0.99965,0.99973,0.99967,0.99979,0.99977,0.99983,0.99981,0.99986,0.99995,0.99996,0.99991,0.99994,0.99987,0.99991,0.99989,0.99987,0.99956,0.99943,0.99963,0.99953,0.99914,0.99967,0.99988,0.99993,0.99995,0.99988,0.99971,0.9999,0.99996,0.99998,0.99996,0.99996,0.99995,0.99993,0.99995,0.99991,0.99995,0.99998,0.99999,0.99998,0.99998,0.99999,0.99997,0.99999,1,1,1,1,1,1,1,1,1,1,1,1
44,0.99797,0.99999,0.99304,0.99939,0.99786,0.99997,0.99995,0.99995,0.9999,0.99996,0.99998,0.99997,0.99999,0.99989,0.99995,0.99971,0.99958,0.99987,0.99988,0.99992,0.99993,0.99993,0.99995,0.99995,0.99992,0.99995,0.99997,0.99997,0.99998,0.99999,0.99999,1,1,1,0.99999,0.99999,0.99999,0.99998,0.99998,0.99997,0.99997,0.99999,0.99999,0.99998,0.99999,0.99999,0.99998,0.99998,0.99999,0.99998,0.99998,0.99998,0.99999,0.99995,0.99995,0.99998,0.99999,1,0.99999,1,1,1,1,1,1,1,1,1,1,1,1,1,1,1,1,1,1,0.99999,0.99999,0.99999,1,1,1,1,1,1,1,1,1,1,0.99999,0.99999,0.99999,0.99997,0.99996,0.99988,0.99992,0.99987,0.99995,0.99994
45,0.84631,0.94471,0.80546,0.8494,0.89129,0.89748,0.95631,0.91589,0.92957,0.91195,0.87576,0.74443,0.82455,0.87743,0.78421,0.90968,0.88892,0.84708,0.94648,0.97153,0.97201,0.99553,0.99627,0.99517,0.99536,0.99852,0.99917,0.99822,0.9886,0.98957,0.98869,0.98884,0.99396,0.99351,0.99092,0.98825,0.99399,0.99319,0.98809,0.99606,0.99468,0.9954,0.99722,0.99449,0.99274,0.99369,0.99228,0.99468,0.99728,0.9971,0.9987,0.99918,0.99934,0.99923,0.99835,0.99824,0.99741,0.99536,0.99306,0.99613,0.99065,0.9683,0.9871,0.99725,0.99891,0.99966,0.9995,0.99997,1,0.99999,0.99988,0.99993,0.99997,0.99998,1,1,1,1,1,1,1,1,1,1,1,1,1,1,1,1,1,1,1,1,1,1,1,1,1,1
46,0.99967,0.99997,0.99988,0.99997,0.99988,0.99998,0.99999,0.99999,0.99999,1,0.99999,0.99998,0.99992,0.99999,0.99997,0.99996,0.99999,0.99999,0.99995,0.99996,0.99996,0.99996,0.99993,0.99997,0.99993,0.99993,0.99998,0.99997,0.99995,0.99994,0.99997,0.99999,0.99999,1,1,1,1,1,1,1,1,1,1,1,1,1,1,1,1,1,1,1,1,1,1,1,1,1,1,1,1,1,1,1,1,1,1,1,1,1,0.99999,0.99998,0.99997,0.99998,0.99998,0.99997,0.99997,1,0.99999,0.99999,0.99999,0.99999,0.99999,0.99999,0.99999,1,0.99999,0.99999,1,0.99999,1,1,1,1,1,1,1,1,1,1
47,0.99659,0.99972,0.99998,1,1,1,1,1,1,1,1,1,1,1,1,1,1,1,1,1,1,1,1,1,1,1,1,1,1,1,1,1,1,1,1,1,1,1,1,1,1,1,1,1,1,1,1,1,1,1,1,1,1,1,1,1,1,1,1,1,1,1,1,1,1,1,1,1,1,1,1,1,1,1,1,1,1,1,1,1,1,1,1,1,1,1,1,1,1,1,1,1,1,1,1,1,1,1,1,1
48,0.9222,0.99416,0.99862,0.99972,0.99998,0.9993,0.99999,1,1,1,1,1,1,1,1,1,1,1,1,0.99999,1,1,1,1,0.99999,0.99999,0.99998,0.99993,0.99989,0.99987,0.99991,0.99993,0.99994,0.99993,0.99975,0.99993,0.99995,0.99996,0.99997,0.99996,0.99994,0.99996,0.99997,0.99996,0.99997,0.99998,0.99999,0.99998,0.99999,0.99992,0.99989,0.9999,0.99981,0.9999,0.99989,0.99991,0.99969,0.99986,0.99987,0.9999,0.99988,0.99995,0.99995,0.99993,0.99989,0.9999,1,1,1,1,1,1,1,1,1,1,1,1,0.99998,0.99998,0.99997,0.99997,0.99998,0.99997,0.99998,0.99992,0.99987,0.9999,0.9999,0.99988,0.99968,0.99995,0.99997,0.99999,0.99999,0.99999,0.99998,0.99999,0.99999,0.99998
49,0.97985,0.97791,0.99308,0.99887,0.9992,0.99737,0.99007,0.99848,0.99976,0.9998,0.99974,0.99947,0.99907,0.99948,0.99903,0.9991,0.99911,0.99931,0.99912,0.99855,0.99863,0.99864,0.99933,0.99908,0.9993,0.99927,0.99938,0.99958,0.99981,0.99978,0.99975,0.99962,0.99944,0.99955,0.99955,0.99954,0.99955,0.9994,0.99893,0.99912,0.99892,0.99695,0.99768,0.99768,0.99933,0.99974,0.9999,0.99989,0.99995,1,1,1,1,1,1,1,0.99998,0.99998,0.99999,1,1,1,1,1,1,1,1,1,0.99999,1,1,0.99999,0.99993,0.99996,0.99994,0.99997,0.99997,0.99992,0.99994,0.99997,0.99995,0.99998,0.99995,0.99999,0.99998,0.99999,0.99999,0.99999,0.99999,1,1,1,1,0.99999,1,1,1,1,1,1
50,0.96345,0.98171,0.99749,0.99962,0.99962,0.99993,0.99997,0.99993,0.99999,1,1,0.99999,0.99997,0.99998,0.99999,0.99999,0.99997,0.99987,0.99989,0.99994,0.99998,0.99999,0.99999,0.99999,1,0.99999,0.99999,0.99999,0.99997,0.99999,0.99997,0.99998,0.99999,0.99999,0.99999,0.99999,0.99999,1,1,1,1,1,1,0.99999,1,1,1,0.99999,0.99999,0.99999,0.99999,0.99999,1,0.99996,1,1,0.99993,0.99999,0.99999,0.99999,0.99999,0.99998,1,1,0.99998,1,0.99998,0.99997,0.99995,0.99989,0.99993,0.99986,0.99992,0.99998,1,0.99999,0.99997,0.99996,0.99998,0.99999,1,1,1,1,1,1,1,1,1,1,1,1,1,1,1,1,1,1,1,1
