88,0.074074, 0.000000, 0.961538,0, 0, 0, 0, 0, 1, 0, 0, 0, 0, 0
98,0.111111, 0.037037, 0.961538,0, 0, 0, 0, 0, 0, 0, 0, 0, 0, 0
109,0.074074, 0.000000, 0.961538,0, 0, 0, 0, 0, 0, 0, 0, 0, 0, 0
118,0.037037, 0.000000, 1.000000,0, 0, 0, 0, 0, 0, 0, 0, 0, 0, 0
129,0.000000, -0.037037, 1.038462,0, 0, 0, 0, 0, 0, 0, 0, 0, 0, 0
139,0.000000, -0.037037, 1.038462,0, 0, 0, 0, 0, 0, 0, 0, 0, 0, 0
149,0.000000, -0.037037, 1.076923,0, 0, 0, 0, 0, 0, 0, 0, 0, 0, 0
159,0.037037, -0.037037, 1.038462,0, 0, 0, 0, 0, 0, 0, 0, 0, 0, 0
169,0.074074, -0.037037, 1.038462,0, 0, 0, 0, 0, 0, 0, 0, 0, 0, 0
198,0.074074, 0.000000, 0.961538,0, 0, 0, 0, 0, 0, 0, 0, 0, 0, 0
207,0.074074, 0.000000, 0.961538,0, 0, 0, 0, 0, 0, 0, 0, 0, 0, 0
209,0.037037, 0.000000, 0.961538,0, 0, 0, 0, 0, 0, 0, 0, 0, 0, 0
221,0.000000, -0.037037, 1.000000,0, 0, 0, 0, 0, 0, 0, 0, 0, 0, 0
232,0.000000, -0.037037, 0.961538,0, 0, 0, 0, 0, 0, 0, 0, 0, 0, 0
242,0.000000, -0.037037, 0.961538,0, 0, 0, 0, 0, 0, 0, 0, 0, 0, 0
252,0.037037, 0.000000, 1.000000,0, 0, 0, 0, 0, 0, 0, 0, 0, 0, 0
262,0.074074, 0.000000, 1.038462,0, 0, 0, 0, 0, 0, 0, 0, 0, 0, 0
272,0.074074, 0.000000, 1.038462,0, 0, 0, 0, 0, 0, 0, 0, 0, 0, 0
282,0.074074, 0.000000, 1.000000,0, 0, 0, 0, 0, 0, 0, 0, 0, 0, 0
292,0.074074, 0.000000, 1.038462,0, 0, 0, 0, 0, 0, 0, 0, 0, 0, 0
301,0.111111, 0.000000, 1.038462,0, 0, 0, 0, 0, 0, 0, 0, 0, 0, 0
312,0.074074, 0.000000, 1.000000,0, 0, 0, 0, 0, 0, 0, 0, 0, 0, 0
322,0.074074, 0.000000, 0.961538,0, 0, 0, 0, 0, 0, 0, 0, 0, 0, 0
333,0.074074, -0.037037, 1.000000,0, 0, 0, 0, 0, 0, 0, 0, 0, 0, 0
343,0.037037, -0.037037, 1.000000,0, 0, 0, 0, 0, 0, 0, 0, 0, 0, 0
353,0.037037, -0.037037, 0.961538,0, 0, 0, 0, 0, 0, 0, 0, 0, 0, 0
363,0.037037, -0.037037, 0.961538,0, 0, 0, 0, 0, 0, 0, 0, 0, 0, 0
373,0.074074, -0.037037, 0.961538,0, 0, 0, 0, 0, 0, 0, 0, 0, 0, 0
392,0.074074, -0.037037, 1.000000,0, 0, 0, 0, 0, 0, 0, 0, 0, 0, 0
392,0.074074, -0.037037, 1.000000,0, 0, 0, 0, 0, 0, 0, 0, 0, 0, 0
407,0.074074, -0.037037, 1.038462,0, 0, 0, 0, 0, 0, 0, 0, 0, 0, 0
413,0.111111, -0.037037, 1.038462,0, 0, 0, 0, 0, 0, 0, 0, 0, 0, 0
424,0.111111, -0.037037, 1.038462,0, 0, 0, 0, 0, 0, 0, 0, 0, 0, 0
434,0.111111, -0.037037, 1.000000,0, 0, 0, 0, 0, 0, 0, 0, 0, 0, 0
444,0.074074, -0.037037, 1.000000,0, 0, 0, 0, 0, 0, 0, 0, 0, 0, 0
453,0.074074, 0.000000, 0.961538,0, 0, 0, 0, 0, 0, 0, 0, 0, 0, 0
464,0.074074, -0.037037, 0.961538,0, 0, 0, 0, 0, 0, 0, 0, 0, 0, 0
473,0.074074, -0.037037, 0.961538,0, 0, 0, 0, 0, 0, 0, 0, 0, 0, 0
483,0.037037, -0.037037, 0.961538,0, 0, 0, 0, 0, 0, 0, 0, 0, 0, 0
494,0.037037, -0.037037, 0.961538,0, 0, 0, 0, 0, 0, 0, 0, 0, 0, 0
505,0.037037, -0.037037, 0.961538,0, 0, 0, 0, 0, 0, 0, 0, 0, 0, 0
514,0.037037, -0.037037, 0.961538,0, 0, 0, 0, 0, 0, 0, 0, 0, 0, 0
524,0.037037, -0.037037, 0.961538,0, 0, 0, 0, 0, 0, 0, 0, 0, 0, 0
535,0.037037, -0.037037, 0.961538,0, 0, 0, 0, 0, 0, 0, 0, 0, 0, 0
545,0.037037, -0.037037, 0.961538,0, 0, 0, 0, 0, 0, 0, 0, 0, 0, 0
555,0.074074, 0.000000, 0.961538,0, 0, 0, 0, 0, 0, 0, 0, 0, 0, 0
565,0.074074, 0.000000, 0.961538,0, 0, 0, 0, 0, 0, 0, 0, 0, 0, 0
574,0.074074, 0.000000, 0.961538,0, 0, 0, 0, 0, 0, 0, 0, 0, 0, 0
592,0.074074, -0.037037, 0.961538,0, 0, 0, 0, 0, 0, 0, 0, 0, 0, 0
607,0.037037, -0.037037, 0.961538,0, 0, 0, 0, 0, 0, 0, 0, 0, 0, 0
609,0.037037, -0.037037, 0.961538,0, 0, 0, 0, 0, 0, 0, 0, 0, 0, 0
614,0.037037, -0.037037, 0.961538,0, 0, 0, 0, 0, 0, 0, 0, 0, 0, 0
627,0.037037, -0.037037, 0.961538,0, 0, 0, 0, 0, 0, 0, 0, 0, 0, 0
636,0.074074, 0.000000, 0.961538,0, 0, 0, 0, 0, 0, 0, 0, 0, 0, 0
646,0.074074, 0.000000, 0.961538,0, 0, 0, 0, 0, 0, 0, 0, 0, 0, 0
656,0.074074, 0.000000, 1.000000,0, 0, 0, 0, 0, 0, 0, 0, 0, 0, 0
666,0.074074, 0.000000, 1.038462,0, 0, 0, 0, 0, 0, 0, 0, 0, 0, 0
676,0.111111, 0.000000, 1.000000,0, 0, 0, 0, 0, 0, 0, 0, 0, 0, 0
686,0.111111, 0.037037, 0.961538,0, 0, 0, 0, 0, 0, 0, 0, 0, 0, 0
701,0.074074, 0.037037, 1.000000,0, 0, 0, 0, 0, 0, 0, 0, 0, 0, 0
708,0.074074, 0.037037, 0.961538,0, 0, 0, 0, 0, 0, 0, 0, 0, 0, 0
718,0.074074, 0.037037, 0.961538,0, 0, 0, 0, 0, 0, 0, 0, 0, 0, 0
727,0.074074, 0.037037, 0.961538,0, 0, 0, 0, 0, 0, 0, 0, 0, 0, 0
737,0.074074, 0.037037, 1.000000,0, 0, 0, 0, 0, 0, 0, 0, 0, 0, 0
747,0.074074, 0.037037, 1.000000,0, 0, 0, 0, 0, 0, 0, 0, 0, 0, 0
757,0.111111, 0.074074, 1.000000,0, 0, 0, 0, 0, 0, 0, 0, 0, 0, 0
767,0.111111, 0.074074, 1.000000,0, 0, 0, 0, 0, 0, 0, 0, 0, 0, 0
779,0.074074, 0.074074, 1.038462,0, 0, 0, 0, 0, 0, 0, 0, 0, 0, 0
794,0.074074, 0.074074, 1.038462,0, 0, 0, 0, 0, 0, 0, 0, 0, 0, 0
809,0.111111, 0.074074, 1.000000,0, 0, 0, 0, 0, 0, 0, 0, 0, 0, 0
810,0.111111, 0.074074, 1.000000,0, 0, 0, 0, 0, 0, 0, 0, 0, 0, 0
818,0.111111, 0.074074, 1.000000,0, 0, 0, 0, 0, 0, 0, 0, 0, 0, 0
829,0.111111, 0.074074, 1.000000,0, 0, 0, 0, 0, 0, 0, 0, 0, 0, 0
839,0.111111, 0.074074, 1.000000,0, 0, 0, 0, 0, 0, 0, 0, 0, 0, 0
849,0.074074, 0.074074, 1.000000,0, 0, 0, 0, 0, 0, 0, 0, 0, 0, 0
859,0.074074, 0.074074, 1.000000,0, 0, 0, 0, 0, 0, 0, 0, 0, 0, 0
869,0.074074, 0.074074, 1.000000,0, 0, 0, 0, 0, 0, 0, 0, 0, 0, 0
879,0.074074, 0.074074, 1.000000,0, 0, 0, 0, 0, 0, 0, 0, 0, 0, 0
889,0.074074, 0.074074, 0.961538,0, 0, 0, 0, 0, 0, 0, 0, 0, 0, 0
899,0.074074, 0.074074, 0.961538,0, 0, 0, 0, 0, 0, 0, 0, 0, 0, 0
910,0.074074, 0.074074, 1.000000,0, 0, 0, 0, 0, 0, 0, 0, 0, 0, 0
920,0.111111, 0.074074, 0.961538,0, 0, 0, 0, 0, 0, 0, 0, 0, 0, 0
930,0.111111, 0.074074, 0.961538,0, 0, 0, 0, 0, 0, 0, 0, 0, 0, 0
940,0.111111, 0.111111, 0.961538,0, 0, 0, 0, 0, 0, 0, 0, 0, 0, 0
950,0.111111, 0.111111, 1.000000,0, 0, 0, 0, 0, 0, 0, 0, 0, 0, 0
960,0.111111, 0.111111, 1.000000,0, 0, 0, 0, 0, 0, 0, 0, 0, 0, 0
969,0.111111, 0.111111, 1.000000,0, 0, 0, 0, 0, 0, 0, 0, 0, 0, 0
993,0.111111, 0.111111, 1.000000,0, 0, 0, 0, 0, 0, 0, 0, 0, 0, 0
994,0.111111, 0.111111, 1.000000,0, 0, 0, 0, 0, 0, 0, 0, 0, 0, 0
1008,0.111111, 0.111111, 1.000000,0, 0, 0, 0, 0, 0, 0, 0, 0, 0, 0
1010,0.111111, 0.148148, 0.961538,0, 0, 0, 0, 0, 0, 0, 0, 0, 0, 0
1018,0.111111, 0.148148, 0.961538,0, 0, 0, 0, 0, 0, 0, 0, 0, 0, 0
1030,0.111111, 0.148148, 0.961538,0, 0, 0, 0, 0, 0, 0, 0, 0, 0, 0
1040,0.111111, 0.111111, 0.961538,0, 0, 0, 0, 0, 0, 0, 0, 0, 0, 0
1050,0.111111, 0.111111, 0.961538,0, 0, 0, 0, 0, 0, 0, 0, 0, 0, 0
1061,0.111111, 0.111111, 0.961538,0, 0, 0, 0, 0, 0, 0, 0, 0, 0, 0
1072,0.111111, 0.111111, 0.961538,0, 0, 0, 0, 0, 0, 0, 0, 0, 0, 0
1081,0.111111, 0.111111, 1.000000,0, 0, 0, 0, 0, 0, 0, 0, 0, 0, 0
1092,0.148148, 0.148148, 1.000000,0, 0, 0, 0, 0, 0, 0, 0, 0, 0, 0
1102,0.148148, 0.148148, 1.000000,0, 0, 0, 0, 0, 0, 0, 0, 0, 0, 0
1112,0.148148, 0.148148, 1.000000,0, 0, 0, 0, 0, 0, 0, 0, 0, 0, 0
1121,0.148148, 0.148148, 1.000000,0, 0, 0, 0, 0, 0, 0, 0, 0, 0, 0
1131,0.148148, 0.148148, 1.000000,0, 0, 0, 0, 0, 0, 0, 0, 0, 0, 0
1142,0.148148, 0.148148, 1.000000,0, 0, 0, 0, 0, 0, 0, 0, 0, 0, 0
1152,0.148148, 0.148148, 0.961538,0, 0, 0, 0, 0, 0, 0, 0, 0, 0, 0
1161,0.148148, 0.148148, 0.961538,0, 0, 0, 0, 0, 0, 0, 0, 0, 0, 0
1173,0.148148, 0.148148, 0.961538,0, 0, 0, 0, 0, 0, 0, 0, 0, 0, 0
1192,0.111111, 0.148148, 0.961538,0, 0, 0, 0, 0, 0, 0, 0, 0, 0, 0
1210,0.148148, 0.148148, 0.961538,0, 0, 0, 0, 0, 0, 0, 0, 0, 0, 0
1212,0.148148, 0.148148, 0.961538,0, 0, 0, 0, 0, 0, 0, 0, 0, 0, 0
1222,0.148148, 0.148148, 0.961538,0, 0, 0, 0, 0, 0, 0, 0, 0, 0, 0
1233,0.148148, 0.148148, 0.961538,0, 0, 0, 0, 0, 0, 0, 0, 0, 0, 0
1242,0.111111, 0.148148, 0.961538,0, 0, 0, 0, 0, 0, 0, 0, 0, 0, 0
1253,0.111111, 0.148148, 0.961538,0, 0, 0, 0, 0, 0, 0, 0, 0, 0, 0
1262,0.111111, 0.148148, 0.961538,0, 0, 0, 0, 0, 0, 0, 0, 0, 0, 0
1273,0.111111, 0.148148, 0.961538,0, 0, 0, 0, 0, 0, 0, 0, 0, 0, 0
1284,0.111111, 0.148148, 0.961538,0, 0, 0, 0, 0, 0, 0, 0, 0, 0, 0
1294,0.111111, 0.148148, 0.961538,0, 0, 0, 0, 0, 0, 0, 0, 0, 0, 0
1304,0.111111, 0.148148, 0.961538,0, 0, 0, 0, 0, 0, 0, 0, 0, 0, 0
1313,0.111111, 0.148148, 0.961538,0, 0, 0, 0, 0, 0, 0, 0, 0, 0, 0
1324,0.148148, 0.148148, 0.961538,0, 0, 0, 0, 0, 0, 0, 0, 0, 0, 0
1334,0.148148, 0.148148, 0.961538,0, 0, 0, 0, 0, 0, 0, 0, 0, 0, 0
1343,0.148148, 0.185185, 0.961538,0, 0, 0, 0, 0, 0, 0, 0, 0, 0, 0
1353,0.148148, 0.185185, 1.000000,0, 0, 0, 0, 0, 0, 0, 0, 0, 0, 0
1364,0.148148, 0.185185, 0.961538,0, 0, 0, 0, 0, 0, 0, 0, 0, 0, 0
1374,0.148148, 0.185185, 0.961538,0, 0, 0, 0, 0, 0, 0, 0, 0, 0, 0
1391,0.148148, 0.185185, 0.961538,0, 0, 0, 0, 0, 0, 0, 0, 0, 0, 0
1407,0.111111, 0.148148, 0.961538,0, 0, 0, 0, 0, 0, 0, 0, 0, 0, 0
1408,0.111111, 0.148148, 0.923077,0, 0, 0, 0, 0, 0, 0, 0, 0, 0, 0
1414,0.074074, 0.148148, 0.923077,0, 0, 0, 0, 0, 0, 0, 0, 0, 0, 0
1425,0.074074, 0.148148, 0.884615,0, 0, 0, 0, 0, 0, 0, 0, 0, 0, 0
1437,0.074074, 0.185185, 0.884615,0, 0, 0, 0, 0, 0, 0, 0, 0, 0, 0
1444,0.074074, 0.185185, 0.884615,0, 0, 0, 0, 0, 0, 0, 0, 0, 0, 0
1456,0.074074, 0.185185, 0.884615,0, 0, 0, 0, 0, 0, 0, 0, 0, 0, 0
1466,0.111111, 0.185185, 0.923077,0, 0, 0, 0, 0, 0, 0, 0, 0, 0, 0
1476,0.111111, 0.185185, 0.923077,0, 0, 0, 0, 0, 0, 0, 0, 0, 0, 0
1486,0.148148, 0.222222, 0.923077,0, 0, 0, 0, 0, 0, 0, 0, 0, 0, 0
1497,0.148148, 0.222222, 0.923077,0, 0, 0, 0, 0, 0, 0, 0, 0, 0, 0
1506,0.148148, 0.259259, 0.884615,0, 0, 0, 0, 0, 0, 0, 0, 0, 0, 0
1516,0.148148, 0.259259, 0.884615,0, 0, 0, 0, 0, 0, 0, 0, 0, 0, 0
1527,0.074074, 0.259259, 0.884615,0, 0, 0, 0, 0, 0, 0, 0, 0, 0, 0
1537,0.074074, 0.259259, 0.884615,0, 0, 0, 0, 0, 0, 0, 0, 0, 0, 0
1547,0.074074, 0.259259, 0.884615,0, 0, 0, 0, 0, 0, 0, 0, 0, 0, 0
1556,0.074074, 0.296296, 0.884615,0, 0, 0, 0, 0, 0, 0, 0, 0, 0, 0
1567,0.074074, 0.296296, 0.923077,0, 0, 0, 0, 0, 0, 0, 0, 0, 0, 0
1578,0.074074, 0.333333, 0.884615,0, 0, 0, 0, 0, 0, 0, 0, 0, 0, 0
1596,0.074074, 0.370370, 0.884615,0, 0, 0, 0, 0, 0, 0, 0, 0, 0, 0
1609,0.074074, 0.370370, 0.923077,0, 0, 0, 0, 0, 0, 0, 0, 0, 0, 0
1610,0.074074, 0.370370, 0.961538,0, 0, 0, 0, 0, 0, 0, 0, 0, 0, 0
1618,0.074074, 0.407407, 0.923077,0, 0, 0, 0, 0, 0, 0, 0, 0, 0, 0
1628,0.074074, 0.407407, 0.961538,0, 0, 0, 0, 0, 0, 0, 0, 0, 0, 0
1637,0.111111, 0.407407, 0.961538,0, 0, 0, 0, 0, 0, 0, 0, 0, 0, 0
1648,0.111111, 0.444444, 0.961538,0, 0, 0, 0, 0, 0, 0, 0, 0, 0, 0
1658,0.111111, 0.444444, 1.000000,0, 0, 0, 0, 0, 0, 0, 0, 0, 0, 0
1668,0.148148, 0.444444, 1.000000,0, 0, 0, 0, 0, 0, 0, 0, 0, 0, 0
1677,0.148148, 0.481481, 1.000000,0, 0, 0, 0, 0, 0, 0, 0, 0, 0, 0
1688,0.111111, 0.481481, 1.000000,0, 0, 0, 0, 0, 0, 0, 0, 0, 0, 0
1699,0.111111, 0.481481, 1.000000,0, 0, 0, 0, 0, 0, 0, 0, 0, 0, 0
1714,0.074074, 0.481481, 0.961538,0, 0, 0, 0, 0, 0, 0, 0, 0, 0, 0
1718,0.074074, 0.481481, 0.923077,0, 0, 0, 0, 0, 0, 0, 0, 0, 0, 0
1728,0.074074, 0.518519, 0.923077,0, 0, 0, 0, 0, 0, 0, 0, 0, 0, 0
1739,0.037037, 0.518519, 0.923077,0, 0, 0, 0, 0, 0, 0, 0, 0, 0, 0
1748,0.037037, 0.481481, 0.923077,0, 0, 0, 0, 0, 0, 0, 0, 0, 0, 0
1759,0.000000, 0.518519, 0.923077,0, 0, 0, 0, 0, 0, 0, 0, 0, 0, 0
1769,0.000000, 0.518519, 0.923077,0, 0, 0, 0, 0, 0, 0, 0, 0, 0, 0
1778,0.037037, 0.518519, 0.923077,0, 0, 0, 0, 0, 0, 0, 0, 0, 0, 0
1793,0.037037, 0.555556, 0.923077,0, 0, 0, 0, 0, 0, 0, 0, 0, 0, 0
1809,0.074074, 0.555556, 0.923077,0, 0, 0, 0, 0, 0, 0, 0, 0, 0, 0
1820,0.074074, 0.592593, 0.923077,0, 0, 0, 0, 0, 0, 0, 0, 0, 0, 0
1829,0.074074, 0.592593, 0.884615,0, 0, 0, 0, 0, 0, 0, 0, 0, 0, 0
1841,0.111111, 0.592593, 0.846154,0, 0, 0, 0, 0, 0, 0, 0, 0, 0, 0
1849,0.074074, 0.629630, 0.807692,0, 0, 0, 0, 0, 0, 0, 0, 0, 0, 0
1860,0.074074, 0.629630, 0.807692,0, 0, 0, 0, 0, 0, 0, 0, 0, 0, 0
1869,0.037037, 0.592593, 0.807692,0, 0, 0, 0, 0, 0, 0, 0, 0, 0, 0
1881,0.037037, 0.592593, 0.807692,0, 0, 0, 0, 0, 0, 0, 0, 0, 0, 0
1890,0.074074, 0.592593, 0.807692,0, 0, 0, 0, 0, 0, 0, 0, 0, 0, 0
1902,0.074074, 0.629630, 0.807692,0, 0, 0, 0, 0, 0, 0, 0, 0, 0, 0
1911,0.074074, 0.629630, 0.807692,0, 0, 0, 0, 0, 0, 0, 0, 0, 0, 0
1922,0.074074, 0.666667, 0.846154,0, 0, 0, 0, 0, 0, 0, 0, 0, 0, 0
1931,0.074074, 0.666667, 0.846154,0, 0, 0, 0, 0, 0, 0, 0, 0, 0, 0
1942,0.074074, 0.666667, 0.807692,0, 0, 0, 0, 0, 0, 0, 0, 0, 0, 0
1952,0.074074, 0.666667, 0.807692,0, 0, 0, 0, 0, 0, 0, 0, 0, 0, 0
1962,0.111111, 0.666667, 0.769231,0, 0, 0, 0, 0, 0, 0, 0, 0, 0, 0
1972,0.111111, 0.666667, 0.730769,0, 0, 0, 0, 0, 0, 0, 0, 0, 0, 0
1995,0.074074, 0.666667, 0.769231,0, 0, 0, 0, 0, 0, 0, 0, 0, 0, 0
2008,0.074074, 0.629630, 0.730769,0, 0, 0, 0, 0, 0, 0, 0, 0, 0, 0
2011,0.074074, 0.666667, 0.769231,0, 0, 0, 0, 0, 0, 0, 0, 0, 0, 0
2020,0.074074, 0.666667, 0.769231,0, 0, 0, 0, 0, 0, 0, 0, 0, 0, 0
2032,0.074074, 0.703704, 0.730769,0, 0, 0, 0, 0, 0, 0, 0, 0, 0, 0
2042,0.074074, 0.703704, 0.730769,0, 0, 0, 0, 0, 0, 0, 0, 0, 0, 0
2052,0.037037, 0.666667, 0.730769,0, 0, 0, 0, 0, 0, 0, 0, 0, 0, 0
2063,0.037037, 0.703704, 0.692308,0, 0, 0, 0, 0, 0, 0, 0, 0, 0, 0
2073,0.037037, 0.703704, 0.692308,0, 0, 0, 0, 0, 0, 0, 0, 0, 0, 0
2082,0.037037, 0.703704, 0.692308,0, 0, 0, 0, 0, 0, 0, 0, 0, 0, 0
2092,0.037037, 0.703704, 0.653846,0, 0, 0, 0, 0, 0, 0, 0, 0, 0, 0
2103,0.037037, 0.703704, 0.653846,0, 0, 0, 0, 0, 0, 0, 0, 0, 0, 0
2113,0.000000, 0.740741, 0.615385,0, 0, 0, 0, 0, 0, 0, 0, 0, 0, 0
2122,0.000000, 0.703704, 0.615385,0, 0, 0, 0, 0, 0, 0, 0, 0, 0, 0
2132,-0.037037, 0.703704, 0.653846,0, 0, 0, 0, 0, 0, 0, 0, 0, 0, 0
2143,-0.037037, 0.703704, 0.653846,0, 0, 0, 0, 0, 0, 0, 0, 0, 0, 0
2153,-0.037037, 0.703704, 0.653846,0, 0, 0, 0, 0, 0, 0, 0, 0, 0, 0
2164,0.000000, 0.740741, 0.653846,0, 0, 0, 0, 0, 0, 0, 0, 0, 0, 0
2173,0.037037, 0.740741, 0.653846,0, 0, 0, 0, 0, 0, 0, 0, 0, 0, 0
2192,0.074074, 0.777778, 0.653846,0, 0, 0, 0, 0, 0, 0, 0, 0, 0, 0
2206,0.111111, 0.777778, 0.653846,0, 0, 0, 0, 0, 0, 0, 0, 0, 0, 0
2208,0.074074, 0.777778, 0.615385,0, 0, 0, 0, 0, 0, 0, 0, 0, 0, 0
2214,0.074074, 0.777778, 0.615385,0, 0, 0, 0, 0, 0, 0, 0, 0, 0, 0
2225,0.037037, 0.814815, 0.615385,0, 0, 0, 0, 0, 0, 0, 0, 0, 0, 0
2235,0.037037, 0.851852, 0.615385,0, 0, 0, 0, 0, 0, 0, 0, 0, 0, 0
2245,0.037037, 0.851852, 0.576923,0, 0, 0, 0, 0, 0, 0, 0, 0, 0, 0
2255,0.037037, 0.851852, 0.576923,0, 0, 0, 0, 0, 0, 0, 0, 0, 0, 0
2266,0.037037, 0.888889, 0.576923,0, 0, 0, 0, 0, 0, 0, 0, 0, 0, 0
2276,0.074074, 0.888889, 0.576923,0, 0, 0, 0, 0, 0, 0, 0, 0, 0, 0
2286,0.074074, 0.925926, 0.576923,0, 0, 0, 0, 0, 0, 0, 0, 0, 0, 0
2295,0.074074, 0.888889, 0.538462,0, 0, 0, 0, 0, 0, 0, 0, 0, 0, 0
2306,0.074074, 0.925926, 0.576923,0, 0, 0, 0, 0, 0, 0, 0, 0, 0, 0
2316,0.037037, 0.925926, 0.538462,0, 0, 0, 0, 0, 0, 0, 0, 0, 0, 0
2327,0.037037, 0.925926, 0.538462,0, 0, 0, 0, 0, 0, 0, 0, 0, 0, 0
2336,0.000000, 0.925926, 0.538462,0, 0, 0, 0, 0, 0, 0, 0, 0, 0, 0
2346,0.000000, 0.925926, 0.500000,0, 0, 0, 0, 0, 0, 0, 0, 0, 0, 0
2356,0.000000, 0.925926, 0.500000,0, 0, 0, 0, 0, 0, 0, 0, 0, 0, 0
2367,0.000000, 0.962963, 0.500000,0, 0, 0, 0, 0, 0, 0, 0, 0, 0, 0
2377,0.000000, 0.962963, 0.461538,0, 0, 0, 0, 0, 0, 0, 0, 0, 0, 0
2396,0.000000, 0.962963, 0.461538,0, 0, 0, 0, 0, 0, 0, 0, 0, 0, 0
2408,0.000000, 0.962963, 0.423077,0, 0, 0, 0, 0, 0, 0, 0, 0, 0, 0
2417,0.000000, 0.962963, 0.423077,0, 0, 0, 0, 0, 0, 0, 0, 0, 0, 0
2427,0.000000, 0.962963, 0.423077,0, 0, 0, 0, 0, 0, 0, 0, 0, 0, 0
2438,0.000000, 0.962963, 0.384615,0, 0, 0, 0, 0, 0, 0, 0, 0, 0, 0
2447,0.000000, 1.000000, 0.384615,0, 0, 0, 0, 0, 0, 0, 0, 0, 0, 0
2458,0.037037, 1.000000, 0.384615,0, 0, 0, 0, 0, 0, 0, 0, 0, 0, 0
2468,0.037037, 1.000000, 0.384615,0, 0, 0, 0, 0, 0, 0, 0, 0, 0, 0
2477,0.037037, 1.000000, 0.384615,0, 0, 0, 0, 0, 0, 0, 0, 0, 0, 0
2488,0.074074, 1.000000, 0.346154,0, 0, 0, 0, 0, 0, 0, 0, 0, 0, 0
2497,0.037037, 1.000000, 0.346154,0, 0, 0, 0, 0, 0, 0, 0, 0, 0, 0
2508,0.037037, 1.000000, 0.307692,0, 0, 0, 0, 0, 0, 0, 0, 0, 0, 0
2518,0.037037, 0.962963, 0.307692,0, 0, 0, 0, 0, 0, 0, 0, 0, 0, 0
2528,0.037037, 0.962963, 0.307692,0, 0, 0, 0, 0, 0, 0, 0, 0, 0, 0
2539,0.037037, 0.962963, 0.269231,0, 0, 0, 0, 0, 0, 0, 0, 0, 0, 0
2549,0.037037, 0.962963, 0.269231,0, 0, 0, 0, 0, 0, 0, 0, 0, 0, 0
2559,0.037037, 1.000000, 0.269231,0, 0, 0, 0, 0, 0, 0, 0, 0, 0, 0
2568,0.074074, 1.000000, 0.269231,0, 0, 0, 0, 0, 0, 0, 0, 0, 0, 0
2578,0.074074, 1.000000, 0.230769,0, 0, 0, 0, 0, 0, 0, 0, 0, 0, 0
2594,0.074074, 1.000000, 0.230769,0, 0, 0, 0, 0, 0, 0, 0, 0, 0, 0
2609,0.074074, 1.000000, 0.192308,0, 0, 0, 0, 0, 0, 0, 0, 0, 0, 0
2611,0.074074, 1.000000, 0.192308,0, 0, 0, 0, 0, 0, 0, 0, 0, 0, 0
2619,0.074074, 1.000000, 0.192308,0, 0, 0, 0, 0, 0, 0, 0, 0, 0, 0
2630,0.037037, 1.000000, 0.192308,0, 0, 0, 0, 0, 0, 0, 0, 0, 0, 0
2640,0.037037, 1.000000, 0.192308,0, 0, 0, 0, 0, 0, 0, 0, 0, 0, 0
2650,0.000000, 1.000000, 0.269231,0, 0, 0, 0, 0, 0, 0, 0, 0, 0, 0
2661,-0.037037, 1.000000, 0.192308,0, 0, 0, 0, 0, 0, 0, 0, 0, 0, 0
2670,-0.037037, 1.000000, 0.192308,0, 0, 0, 0, 0, 0, 0, 0, 0, 0, 0
2681,-0.037037, 1.037037, 0.192308,0, 0, 0, 0, 0, 0, 0, 0, 0, 0, 0
2690,0.000000, 1.037037, 0.192308,0, 0, 0, 0, 0, 0, 0, 0, 0, 0, 0
2700,0.037037, 1.037037, 0.192308,0, 0, 0, 0, 0, 0, 0, 0, 0, 0, 0
2711,0.074074, 1.037037, 0.153846,0, 0, 0, 0, 0, 0, 0, 0, 0, 0, 0
2721,0.111111, 1.037037, 0.115385,0, 0, 0, 0, 0, 0, 0, 0, 0, 0, 0
2732,0.111111, 1.000000, 0.115385,0, 0, 0, 0, 0, 0, 0, 0, 0, 0, 0
2741,0.148148, 1.000000, 0.076923,0, 0, 0, 0, 0, 0, 0, 0, 0, 0, 0
2751,0.148148, 1.000000, 0.076923,0, 0, 0, 0, 0, 0, 0, 0, 0, 0, 0
2761,0.148148, 1.037037, 0.038462,0, 0, 0, 0, 0, 0, 0, 0, 0, 0, 0
2772,0.148148, 1.037037, 0.000000,0, 0, 0, 0, 0, 0, 0, 0, 0, 0, 0
2792,0.111111, 1.037037, 0.038462,0, 0, 0, 0, 0, 0, 0, 0, 0, 0, 0
2794,0.074074, 1.000000, 0.038462,0, 0, 0, 0, 0, 0, 0, 0, 0, 0, 0
2808,0.074074, 1.037037, 0.038462,0, 0, 0, 0, 0, 0, 0, 0, 0, 0, 0
2811,0.074074, 1.000000, 0.038462,0, 0, 0, 0, 0, 0, 0, 0, 0, 0, 0
2822,0.037037, 1.037037, 0.038462,0, 0, 0, 0, 0, 0, 0, 0, 0, 0, 0
2831,0.000000, 1.000000, 0.076923,0, 0, 0, 0, 0, 0, 0, 0, 0, 0, 0
2842,0.000000, 1.000000, 0.076923,0, 0, 0, 0, 0, 0, 0, 0, 0, 0, 0
2851,-0.037037, 1.000000, 0.076923,0, 0, 0, 0, 0, 0, 0, 0, 0, 0, 0
2861,-0.037037, 1.000000, 0.076923,0, 0, 0, 0, 0, 0, 0, 0, 0, 0, 0
2872,-0.037037, 1.000000, 0.076923,0, 0, 0, 0, 0, 0, 0, 0, 0, 0, 0
2883,-0.037037, 1.000000, 0.038462,0, 0, 0, 0, 0, 0, 0, 0, 0, 0, 0
2893,-0.037037, 1.000000, 0.000000,0, 0, 0, 0, 0, 0, 0, 0, 0, 0, 0
2902,-0.037037, 1.000000, -0.038462,0, 0, 0, 0, 0, 0, 0, 0, 0, 0, 0
2913,-0.037037, 1.000000, -0.038462,0, 0, 0, 0, 0, 0, 0, 0, 0, 0, 0
2922,0.000000, 1.000000, -0.038462,0, 0, 0, 0, 0, 0, 0, 0, 0, 0, 0
2933,0.000000, 1.000000, -0.038462,0, 0, 0, 0, 0, 0, 0, 0, 0, 0, 0
2942,0.000000, 1.000000, -0.038462,0, 0, 0, 0, 0, 0, 0, 0, 0, 0, 0
2953,0.000000, 1.000000, -0.038462,0, 0, 0, 0, 0, 0, 0, 0, 0, 0, 0
2962,0.037037, 1.000000, 0.000000,0, 0, 0, 0, 0, 0, 0, 0, 0, 0, 0
2972,0.037037, 0.962963, 0.000000,0, 0, 0, 0, 0, 0, 0, 0, 0, 0, 0
2991,0.037037, 1.000000, 0.000000,0, 0, 0, 0, 0, 0, 0, 0, 0, 0, 0
2993,0.037037, 1.000000, 0.000000,0, 0, 0, 0, 0, 0, 0, 0, 0, 0, 0
3007,0.074074, 1.000000, -0.038462,0, 0, 0, 0, 0, 0, 0, 0, 0, 0, 0
3014,0.074074, 1.000000, -0.038462,0, 0, 0, 0, 0, 0, 0, 0, 0, 0, 0
3022,0.074074, 1.000000, -0.038462,0, 0, 0, 0, 0, 0, 0, 0, 0, 0, 0
3033,0.037037, 0.962963, -0.038462,0, 0, 0, 0, 0, 0, 0, 0, 0, 0, 0
3044,0.074074, 1.000000, -0.038462,0, 0, 0, 0, 0, 0, 0, 0, 0, 0, 0
3053,0.074074, 1.000000, -0.076923,0, 0, 0, 0, 0, 0, 0, 0, 0, 0, 0
3063,0.037037, 1.000000, -0.038462,0, 0, 0, 0, 0, 0, 0, 0, 0, 0, 0
3074,0.037037, 1.000000, 0.000000,0, 0, 0, 0, 0, 0, 0, 0, 0, 0, 0
3084,0.074074, 1.037037, 0.000000,0, 0, 0, 0, 0, 0, 0, 0, 0, 0, 0
3094,0.074074, 1.037037, 0.000000,0, 0, 0, 0, 0, 0, 0, 0, 0, 0, 0
3104,0.074074, 1.037037, 0.000000,0, 0, 0, 0, 0, 0, 0, 0, 0, 0, 0
3114,0.074074, 1.000000, 0.000000,0, 0, 0, 0, 0, 0, 0, 0, 0, 0, 0
3124,0.074074, 1.000000, 0.000000,0, 0, 0, 0, 0, 0, 0, 0, 0, 0, 0
3134,0.074074, 1.000000, 0.038462,0, 0, 0, 0, 0, 0, 0, 0, 0, 0, 0
3146,0.074074, 1.000000, 0.038462,0, 0, 0, 0, 0, 0, 0, 0, 0, 0, 0
3155,0.037037, 1.000000, 0.076923,0, 0, 0, 0, 0, 0, 0, 0, 0, 0, 0
3166,0.074074, 1.037037, 0.076923,0, 0, 0, 0, 0, 0, 0, 0, 0, 0, 0
3176,0.111111, 1.111111, 0.115385,0, 0, 0, 0, 0, 0, 0, 0, 0, 0, 0
3193,0.111111, 1.074074, 0.115385,0, 0, 0, 0, 0, 0, 0, 0, 0, 0, 0
3208,0.037037, 1.037037, 0.153846,0, 0, 0, 0, 0, 0, 0, 0, 0, 0, 0
3217,0.037037, 1.037037, 0.192308,0, 0, 0, 0, 0, 0, 0, 0, 0, 0, 0
3227,0.037037, 1.074074, 0.192308,0, 0, 0, 0, 0, 0, 0, 0, 0, 0, 0
3236,0.000000, 1.074074, 0.192308,0, 0, 0, 0, 0, 0, 0, 0, 0, 0, 0
3246,0.000000, 1.037037, 0.230769,0, 0, 0, 0, 0, 0, 0, 0, 0, 0, 0
3257,-0.037037, 1.037037, 0.269231,0, 0, 0, 0, 0, 0, 0, 0, 0, 0, 0
3266,-0.037037, 1.037037, 0.307692,0, 0, 0, 0, 0, 0, 0, 0, 0, 0, 0
3277,-0.037037, 1.037037, 0.346154,0, 0, 0, 0, 0, 0, 0, 0, 0, 0, 0
3287,-0.037037, 0.962963, 0.423077,0, 0, 0, 0, 0, 0, 0, 0, 0, 0, 0
3297,0.000000, 0.962963, 0.500000,0, 0, 0, 0, 0, 0, 0, 0, 0, 0, 0
3307,0.000000, 0.962963, 0.576923,0, 0, 0, 0, 0, 0, 0, 0, 0, 0, 0
3317,0.000000, 1.000000, 0.576923,0, 0, 0, 0, 0, 0, 0, 0, 0, 0, 0
3326,0.000000, 1.037037, 0.500000,0, 0, 0, 0, 0, 0, 0, 0, 0, 0, 0
3337,0.000000, 1.037037, 0.423077,0, 0, 0, 0, 0, 0, 0, 0, 0, 0, 0
3348,-0.074074, 1.000000, 0.346154,0, 0, 0, 0, 0, 0, 0, 0, 0, 0, 0
3357,-0.074074, 0.962963, 0.307692,0, 0, 0, 0, 0, 0, 0, 0, 0, 0, 0
3368,-0.111111, 0.962963, 0.269231,0, 0, 0, 0, 0, 0, 0, 0, 0, 0, 0
3378,-0.111111, 0.962963, 0.307692,0, 0, 0, 0, 0, 0, 0, 0, 0, 0, 0
3393,-0.111111, 0.962963, 0.346154,0, 0, 0, 0, 0, 0, 0, 0, 0, 0, 0
3409,-0.111111, 0.925926, 0.384615,0, 0, 0, 0, 0, 0, 0, 0, 0, 0, 0
3411,-0.074074, 0.925926, 0.423077,0, 0, 0, 0, 0, 0, 0, 0, 0, 0, 0
3418,-0.037037, 0.925926, 0.461538,0, 0, 0, 0, 0, 0, 0, 0, 0, 0, 0
3428,-0.037037, 0.888889, 0.538462,0, 0, 0, 0, 0, 0, 0, 0, 0, 0, 0
3439,-0.037037, 0.888889, 0.538462,0, 0, 0, 0, 0, 0, 0, 0, 0, 0, 0
3449,-0.037037, 0.851852, 0.538462,0, 0, 0, 0, 0, 0, 0, 0, 0, 0, 0
3459,-0.037037, 0.814815, 0.538462,0, 0, 0, 0, 0, 0, 0, 0, 0, 0, 0
3469,-0.074074, 0.814815, 0.576923,0, 0, 0, 0, 0, 0, 0, 0, 0, 0, 0
3479,-0.074074, 0.777778, 0.576923,0, 0, 0, 0, 0, 0, 0, 0, 0, 0, 0
3488,-0.074074, 0.777778, 0.615385,0, 0, 0, 0, 0, 0, 0, 0, 0, 0, 0
3499,-0.074074, 0.777778, 0.653846,0, 0, 0, 0, 0, 0, 0, 0, 0, 0, 0
3509,-0.037037, 0.777778, 0.653846,0, 0, 0, 0, 0, 0, 0, 0, 0, 0, 0
3521,0.000000, 0.777778, 0.653846,0, 0, 0, 0, 0, 0, 0, 0, 0, 0, 0
3529,0.037037, 0.740741, 0.692308,0, 0, 0, 0, 0, 0, 0, 0, 0, 0, 0
3540,0.037037, 0.703704, 0.692308,0, 0, 0, 0, 0, 0, 0, 0, 0, 0, 0
3550,0.000000, 0.666667, 0.730769,0, 0, 0, 0, 0, 0, 0, 0, 0, 0, 0
3560,0.000000, 0.666667, 0.769231,0, 0, 0, 0, 0, 0, 0, 0, 0, 0, 0
3570,0.037037, 0.666667, 0.807692,0, 0, 0, 0, 0, 0, 0, 0, 0, 0, 0
3592,0.074074, 0.666667, 0.807692,0, 0, 0, 0, 0, 0, 0, 0, 0, 0, 0
3594,0.074074, 0.629630, 0.846154,0, 0, 0, 0, 0, 0, 0, 0, 0, 0, 0
3607,0.074074, 0.629630, 0.846154,0, 0, 0, 0, 0, 0, 0, 0, 0, 0, 0
3610,0.111111, 0.666667, 0.807692,0, 0, 0, 0, 0, 0, 0, 0, 0, 0, 0
3621,0.111111, 0.629630, 0.807692,0, 0, 0, 0, 0, 0, 0, 0, 0, 0, 0
3632,0.074074, 0.629630, 0.807692,0, 0, 0, 0, 0, 0, 0, 0, 0, 0, 0
3642,0.037037, 0.592593, 0.807692,0, 0, 0, 0, 0, 0, 0, 0, 0, 0, 0
3652,0.037037, 0.592593, 0.807692,0, 0, 0, 0, 0, 0, 0, 0, 0, 0, 0
3662,0.037037, 0.555556, 0.807692,0, 0, 0, 0, 0, 0, 0, 0, 0, 0, 0
3672,0.074074, 0.555556, 0.807692,0, 0, 0, 0, 0, 0, 0, 0, 0, 0, 0
3682,0.074074, 0.518519, 0.884615,0, 0, 0, 0, 0, 0, 0, 0, 0, 0, 0
3692,0.037037, 0.518519, 0.961538,0, 0, 0, 0, 0, 0, 0, 0, 0, 0, 0
3702,0.000000, 0.481481, 0.961538,0, 0, 0, 0, 0, 0, 0, 0, 0, 0, 0
3712,0.074074, 0.481481, 0.961538,0, 0, 0, 0, 0, 0, 0, 0, 0, 0, 0
3722,0.074074, 0.444444, 0.923077,0, 0, 0, 0, 0, 0, 0, 0, 0, 0, 0
3732,0.074074, 0.444444, 0.961538,0, 0, 0, 0, 0, 0, 0, 0, 0, 0, 0
3742,0.111111, 0.444444, 0.923077,0, 0, 0, 0, 0, 0, 0, 0, 0, 0, 0
3752,0.111111, 0.407407, 0.961538,0, 0, 0, 0, 0, 0, 0, 0, 0, 0, 0
3762,0.111111, 0.370370, 0.923077,0, 0, 0, 0, 0, 0, 0, 0, 0, 0, 0
3773,0.111111, 0.370370, 0.961538,0, 0, 0, 0, 0, 0, 0, 0, 0, 0, 0
3792,0.148148, 0.444444, 1.038462,0, 0, 0, 0, 0, 0, 0, 0, 0, 0, 0
3807,0.148148, 0.444444, 1.000000,0, 0, 0, 0, 0, 0, 0, 0, 0, 0, 0
3817,0.148148, 0.444444, 1.000000,0, 0, 0, 0, 0, 0, 0, 0, 0, 0, 0
3823,0.148148, 0.407407, 0.961538,0, 0, 0, 0, 0, 0, 0, 0, 0, 0, 0
3834,0.111111, 0.333333, 0.961538,0, 0, 0, 0, 0, 0, 0, 0, 0, 0, 0
3844,0.074074, 0.296296, 0.961538,0, 0, 0, 0, 0, 0, 0, 0, 0, 0, 0
3853,0.074074, 0.259259, 0.961538,0, 0, 0, 0, 0, 0, 0, 0, 0, 0, 0
3864,0.074074, 0.222222, 1.000000,0, 0, 0, 0, 0, 0, 0, 0, 0, 0, 0
3873,0.074074, 0.222222, 1.000000,0, 0, 0, 0, 0, 0, 0, 0, 0, 0, 0
3884,0.074074, 0.185185, 1.038462,0, 0, 0, 0, 0, 0, 0, 0, 0, 0, 0
3893,0.037037, 0.185185, 1.038462,0, 0, 0, 0, 0, 0, 0, 0, 0, 0, 0
3903,0.037037, 0.148148, 1.038462,0, 0, 0, 0, 0, 0, 0, 0, 0, 0, 0
3914,0.037037, 0.148148, 1.000000,0, 0, 0, 0, 0, 0, 0, 0, 0, 0, 0
3925,0.037037, 0.111111, 0.961538,0, 0, 0, 0, 0, 0, 0, 0, 0, 0, 0
3943,0.000000, 0.074074, 0.961538,0, 0, 0, 0, 0, 0, 0, 0, 0, 0, 0
3946,0.000000, 0.037037, 0.923077,0, 0, 0, 0, 0, 0, 0, 0, 0, 0, 0
3955,0.000000, 0.037037, 0.961538,0, 0, 0, 0, 0, 0, 0, 0, 0, 0, 0
3965,0.037037, 0.000000, 0.961538,0, 0, 0, 0, 0, 0, 0, 0, 0, 0, 0
3976,0.037037, 0.000000, 0.961538,0, 0, 0, 0, 0, 0, 0, 0, 0, 0, 0
3992,0.037037, -0.037037, 1.000000,0, 0, 0, 0, 0, 0, 0, 0, 0, 0, 0
4009,0.037037, -0.037037, 1.000000,0, 0, 0, 0, 0, 0, 0, 0, 0, 0, 0
4011,0.000000, -0.037037, 1.000000,0, 0, 0, 0, 0, 0, 0, 0, 0, 0, 0
4019,0.000000, -0.074074, 1.000000,0, 0, 0, 0, 0, 0, 0, 0, 0, 0, 0
4026,0.000000, -0.074074, 1.000000,0, 0, 0, 0, 0, 0, 0, 0, 0, 0, 0
4036,0.037037, -0.074074, 0.961538,0, 0, 0, 0, 0, 0, 0, 0, 0, 0, 0
4046,0.074074, -0.074074, 0.961538,0, 0, 0, 0, 0, 0, 0, 0, 0, 0, 0
4056,0.037037, -0.111111, 0.961538,0, 0, 0, 0, 0, 0, 0, 0, 0, 0, 0
4067,0.037037, -0.111111, 0.961538,0, 0, 0, 0, 0, 0, 0, 0, 0, 0, 0
4076,0.000000, -0.148148, 0.961538,0, 0, 0, 0, 0, 0, 0, 0, 0, 0, 0
4086,0.037037, -0.185185, 0.961538,0, 0, 0, 0, 0, 0, 0, 0, 0, 0, 0
4096,0.074074, -0.185185, 0.961538,0, 0, 0, 0, 0, 0, 0, 0, 0, 0, 0
4106,0.111111, -0.185185, 0.961538,0, 0, 0, 0, 0, 0, 0, 0, 0, 0, 0
4116,0.148148, -0.185185, 1.000000,0, 0, 0, 0, 0, 0, 0, 0, 0, 0, 0
4127,0.259259, -0.148148, 0.961538,0, 0, 0, 0, 0, 0, 0, 0, 0, 0, 0
4138,0.185185, -0.148148, 1.038462,0, 0, 0, 0, 0, 0, 0, 0, 0, 0, 0
4148,0.148148, -0.185185, 1.038462,0, 0, 0, 0, 0, 0, 0, 0, 0, 0, 0
4158,0.148148, -0.185185, 1.038462,0, 0, 0, 0, 0, 0, 0, 0, 0, 0, 0
4168,0.111111, -0.222222, 1.038462,0, 0, 0, 0, 0, 0, 0, 0, 0, 0, 0
4178,0.074074, -0.259259, 1.038462,0, 0, 0, 0, 0, 0, 0, 0, 0, 0, 0
4195,0.074074, -0.259259, 1.038462,0, 0, 0, 0, 0, 0, 0, 0, 0, 0, 0
4209,0.074074, -0.259259, 1.038462,0, 0, 0, 0, 0, 0, 0, 0, 0, 0, 0
4222,0.074074, -0.296296, 1.000000,0, 0, 0, 0, 0, 0, 0, 0, 0, 0, 0
4228,0.037037, -0.333333, 1.000000,0, 0, 0, 0, 0, 0, 0, 0, 0, 0, 0
4238,0.000000, -0.333333, 1.000000,0, 0, 0, 0, 0, 0, 0, 0, 0, 0, 0
4254,0.000000, -0.333333, 0.961538,0, 0, 0, 0, 0, 0, 0, 0, 0, 0, 0
4258,0.037037, -0.333333, 0.923077,0, 0, 0, 0, 0, 0, 0, 0, 0, 0, 0
4269,0.037037, -0.370370, 0.884615,0, 0, 0, 0, 0, 0, 0, 0, 0, 0, 0
4278,0.037037, -0.407407, 0.884615,0, 0, 0, 0, 0, 0, 0, 0, 0, 0, 0
4289,0.074074, -0.407407, 0.846154,0, 0, 0, 0, 0, 0, 0, 0, 0, 0, 0
4298,0.074074, -0.444444, 0.807692,0, 0, 0, 0, 0, 0, 0, 0, 0, 0, 0
4308,0.037037, -0.481481, 0.807692,0, 0, 0, 0, 0, 0, 0, 0, 0, 0, 0
4319,0.037037, -0.481481, 0.769231,0, 0, 0, 0, 0, 0, 0, 0, 0, 0, 0
4328,0.037037, -0.518519, 0.769231,0, 0, 0, 0, 0, 0, 0, 0, 0, 0, 0
4339,0.000000, -0.518519, 0.730769,0, 0, 0, 0, 0, 0, 0, 0, 0, 0, 0
4351,0.000000, -0.555556, 0.730769,0, 0, 0, 0, 0, 0, 0, 0, 0, 0, 0
4360,-0.037037, -0.592593, 0.692308,0, 0, 0, 0, 0, 0, 0, 0, 0, 0, 0
4371,-0.037037, -0.592593, 0.692308,0, 0, 0, 0, 0, 0, 0, 0, 0, 0, 0
4393,-0.037037, -0.592593, 0.692308,0, 0, 0, 0, 0, 0, 0, 0, 0, 0, 0
4394,-0.037037, -0.666667, 0.692308,0, 0, 0, 0, 0, 0, 0, 0, 0, 0, 0
4408,-0.037037, -0.666667, 0.692308,0, 0, 0, 0, 0, 0, 0, 0, 0, 0, 0
4410,-0.037037, -0.703704, 0.653846,0, 0, 0, 0, 0, 0, 0, 0, 0, 0, 0
4422,-0.037037, -0.703704, 0.615385,0, 0, 0, 0, 0, 0, 0, 0, 0, 0, 0
4432,-0.074074, -0.740741, 0.576923,0, 0, 0, 0, 0, 0, 0, 0, 0, 0, 0
4442,-0.074074, -0.740741, 0.500000,0, 0, 0, 0, 0, 0, 0, 0, 0, 0, 0
4451,-0.074074, -0.703704, 0.461538,0, 0, 0, 0, 0, 0, 0, 0, 0, 0, 0
4462,-0.074074, -0.740741, 0.461538,0, 0, 0, 0, 0, 0, 0, 0, 0, 0, 0
4472,-0.074074, -0.740741, 0.423077,0, 0, 0, 0, 0, 0, 0, 0, 0, 0, 0
4481,-0.074074, -0.740741, 0.423077,0, 0, 0, 0, 0, 0, 0, 0, 0, 0, 0
4492,-0.111111, -0.740741, 0.423077,0, 0, 0, 0, 0, 0, 0, 0, 0, 0, 0
4502,-0.185185, -0.777778, 0.384615,0, 0, 0, 0, 0, 0, 0, 0, 0, 0, 0
4512,-0.185185, -0.814815, 0.384615,0, 0, 0, 0, 0, 0, 0, 0, 0, 0, 0
4521,-0.111111, -0.851852, 0.423077,0, 0, 0, 0, 0, 0, 0, 0, 0, 0, 0
4532,-0.074074, -0.814815, 0.461538,0, 0, 0, 0, 0, 0, 0, 0, 0, 0, 0
4543,0.000000, -0.814815, 0.423077,0, 0, 0, 0, 0, 0, 0, 0, 0, 0, 0
4552,0.000000, -0.851852, 0.423077,0, 0, 0, 0, 0, 0, 0, 0, 0, 0, 0
4562,0.037037, -0.814815, 0.461538,0, 0, 0, 0, 0, 0, 0, 0, 0, 0, 0
4573,0.074074, -0.814815, 0.461538,0, 0, 0, 0, 0, 0, 0, 0, 0, 0, 0
4592,0.111111, -0.777778, 0.461538,0, 0, 0, 0, 0, 0, 0, 0, 0, 0, 0
4593,0.111111, -0.814815, 0.461538,0, 0, 0, 0, 0, 0, 0, 0, 0, 0, 0
4607,0.074074, -0.814815, 0.423077,0, 0, 0, 0, 0, 0, 0, 0, 0, 0, 0
4613,0.037037, -0.888889, 0.346154,0, 0, 0, 0, 0, 0, 0, 0, 0, 0, 0
4624,0.000000, -0.925926, 0.307692,0, 0, 0, 0, 0, 0, 0, 0, 0, 0, 0
4634,0.000000, -0.925926, 0.307692,0, 0, 0, 0, 0, 0, 0, 0, 0, 0, 0
4644,-0.037037, -0.888889, 0.346154,0, 0, 0, 0, 0, 0, 0, 0, 0, 0, 0
4653,0.000000, -0.888889, 0.307692,0, 0, 0, 0, 0, 0, 0, 0, 0, 0, 0
4664,0.000000, -0.851852, 0.307692,0, 0, 0, 0, 0, 0, 0, 0, 0, 0, 0
4673,0.000000, -0.851852, 0.269231,0, 0, 0, 0, 0, 0, 0, 0, 0, 0, 0
4684,-0.037037, -0.888889, 0.269231,0, 0, 0, 0, 0, 0, 0, 0, 0, 0, 0
4693,-0.037037, -0.925926, 0.269231,0, 0, 0, 0, 0, 0, 0, 0, 0, 0, 0
4703,-0.037037, -0.925926, 0.230769,0, 0, 0, 0, 0, 0, 0, 0, 0, 0, 0
4714,-0.037037, -0.925926, 0.230769,0, 0, 0, 0, 0, 0, 0, 0, 0, 0, 0
4726,-0.037037, -0.925926, 0.230769,0, 0, 0, 0, 0, 0, 0, 0, 0, 0, 0
4735,-0.037037, -0.925926, 0.192308,0, 0, 0, 0, 0, 0, 0, 0, 0, 0, 0
4746,-0.037037, -0.925926, 0.153846,0, 0, 0, 0, 0, 0, 0, 0, 0, 0, 0
4756,-0.037037, -0.925926, 0.115385,0, 0, 0, 0, 0, 0, 0, 0, 0, 0, 0
4766,-0.037037, -0.925926, 0.076923,0, 0, 0, 0, 0, 0, 0, 0, 0, 0, 0
4775,-0.037037, -0.925926, 0.038462,0, 0, 0, 0, 0, 0, 0, 0, 0, 0, 0
4793,-0.037037, -0.962963, 0.038462,0, 0, 0, 0, 0, 0, 0, 0, 0, 0, 0
4808,-0.037037, -0.962963, 0.076923,0, 0, 0, 0, 0, 0, 0, 0, 0, 0, 0
4809,-0.037037, -0.962963, 0.115385,0, 0, 0, 0, 0, 0, 0, 0, 0, 0, 0
4816,0.000000, -0.925926, 0.115385,0, 0, 0, 0, 0, 0, 0, 0, 0, 0, 0
4826,0.000000, -0.962963, 0.115385,0, 0, 0, 0, 0, 0, 0, 0, 0, 0, 0
4837,-0.037037, -0.925926, 0.076923,0, 0, 0, 0, 0, 0, 0, 0, 0, 0, 0
4846,-0.037037, -0.925926, 0.038462,0, 0, 0, 0, 0, 0, 0, 0, 0, 0, 0
4856,-0.037037, -0.925926, 0.038462,0, 0, 0, 0, 0, 0, 0, 0, 0, 0, 0
4866,-0.037037, -0.962963, 0.000000,0, 0, 0, 0, 0, 0, 0, 0, 0, 0, 0
4876,-0.037037, -0.962963, 0.038462,0, 0, 0, 0, 0, 0, 0, 0, 0, 0, 0
4886,0.000000, -0.962963, 0.076923,0, 0, 0, 0, 0, 0, 0, 0, 0, 0, 0
4896,0.037037, -0.925926, 0.115385,0, 0, 0, 0, 0, 0, 0, 0, 0, 0, 0
4907,0.037037, -0.925926, 0.115385,0, 0, 0, 0, 0, 0, 0, 0, 0, 0, 0
4917,0.037037, -0.925926, 0.076923,0, 0, 0, 0, 0, 0, 0, 0, 0, 0, 0
4926,0.037037, -0.925926, 0.038462,0, 0, 0, 0, 0, 0, 0, 0, 0, 0, 0
4937,0.037037, -0.925926, 0.038462,0, 0, 0, 0, 0, 0, 0, 0, 0, 0, 0
4947,0.037037, -0.925926, 0.000000,0, 0, 0, 0, 0, 0, 0, 0, 0, 0, 0
4957,0.037037, -0.925926, -0.038462,0, 0, 0, 0, 0, 0, 0, 0, 0, 0, 0
4967,0.037037, -0.962963, -0.038462,0, 0, 0, 0, 0, 0, 0, 0, 0, 0, 0
4978,0.074074, -0.962963, -0.038462,0, 0, 0, 0, 0, 0, 0, 0, 0, 0, 0
4994,0.074074, -0.925926, -0.038462,0, 0, 0, 0, 0, 0, 0, 0, 0, 0, 0
5008,0.074074, -0.962963, -0.038462,0, 0, 0, 0, 0, 0, 0, 0, 0, 0, 0
5010,0.074074, -0.925926, -0.038462,0, 0, 0, 0, 0, 0, 0, 0, 0, 0, 0
5017,0.037037, -0.925926, -0.038462,0, 0, 0, 0, 0, 0, 0, 0, 0, 0, 0
5033,0.037037, -0.925926, -0.038462,0, 0, 0, 0, 0, 0, 0, 0, 0, 0, 0
5039,0.000000, -0.962963, -0.076923,0, 0, 0, 0, 0, 0, 0, 0, 0, 0, 0
5049,0.000000, -0.962963, -0.115385,0, 0, 0, 0, 0, 0, 0, 0, 0, 0, 0
5058,0.000000, -0.962963, -0.153846,0, 0, 0, 0, 0, 0, 0, 0, 0, 0, 0
5069,0.000000, -0.925926, -0.153846,0, 0, 0, 0, 0, 0, 0, 0, 0, 0, 0
5078,0.000000, -0.925926, -0.153846,0, 0, 0, 0, 0, 0, 0, 0, 0, 0, 0
5089,0.000000, -0.925926, -0.153846,0, 0, 0, 0, 0, 0, 0, 0, 0, 0, 0
5098,0.000000, -0.962963, -0.192308,0, 0, 0, 0, 0, 0, 0, 0, 0, 0, 0
5109,-0.037037, -0.962963, -0.192308,0, 0, 0, 0, 0, 0, 0, 0, 0, 0, 0
5120,-0.037037, -0.962963, -0.192308,0, 0, 0, 0, 0, 0, 0, 0, 0, 0, 0
5131,-0.037037, -0.925926, -0.192308,0, 0, 0, 0, 0, 0, 0, 0, 0, 0, 0
5140,-0.037037, -0.925926, -0.153846,0, 0, 0, 0, 0, 0, 0, 0, 0, 0, 0
5150,0.000000, -0.925926, -0.153846,0, 0, 0, 0, 0, 0, 0, 0, 0, 0, 0
5160,0.000000, -0.925926, -0.115385,0, 0, 0, 0, 0, 0, 0, 0, 0, 0, 0
5170,0.037037, -0.962963, -0.115385,0, 0, 0, 0, 0, 0, 0, 0, 0, 0, 0
5192,0.037037, -1.000000, -0.115385,0, 0, 0, 0, 0, 0, 0, 0, 0, 0, 0
5194,0.037037, -1.000000, -0.115385,0, 0, 0, 0, 0, 0, 0, 0, 0, 0, 0
5208,0.000000, -1.000000, -0.076923,0, 0, 0, 0, 0, 0, 0, 0, 0, 0, 0
5212,0.000000, -1.000000, -0.076923,0, 0, 0, 0, 0, 0, 0, 0, 0, 0, 0
5221,0.000000, -1.000000, -0.038462,0, 0, 0, 0, 0, 0, 0, 0, 0, 0, 0
5231,0.000000, -0.962963, -0.038462,0, 0, 0, 0, 0, 0, 0, 0, 0, 0, 0
5241,0.000000, -0.962963, -0.038462,0, 0, 0, 0, 0, 0, 0, 0, 0, 0, 0
5252,0.000000, -0.962963, -0.038462,0, 0, 0, 0, 0, 0, 0, 0, 0, 0, 0
5262,-0.037037, -0.962963, 0.000000,0, 0, 0, 0, 0, 0, 0, 0, 0, 0, 0
5271,-0.074074, -1.000000, 0.038462,0, 0, 0, 0, 0, 0, 0, 0, 0, 0, 0
5282,-0.074074, -0.962963, 0.076923,0, 0, 0, 0, 0, 0, 0, 0, 0, 0, 0
5291,-0.074074, -0.962963, 0.115385,0, 0, 0, 0, 0, 0, 0, 0, 0, 0, 0
5302,-0.037037, -0.962963, 0.115385,0, 0, 0, 0, 0, 0, 0, 0, 0, 0, 0
5312,0.000000, -0.925926, 0.115385,0, 0, 0, 0, 0, 0, 0, 0, 0, 0, 0
5323,0.037037, -0.925926, 0.153846,0, 0, 0, 0, 0, 0, 0, 0, 0, 0, 0
5333,0.037037, -0.962963, 0.115385,0, 0, 0, 0, 0, 0, 0, 0, 0, 0, 0
5342,0.037037, -0.925926, 0.115385,0, 0, 0, 0, 0, 0, 0, 0, 0, 0, 0
5352,0.037037, -0.925926, 0.115385,0, 0, 0, 0, 0, 0, 0, 0, 0, 0, 0
5362,0.037037, -0.925926, 0.115385,0, 0, 0, 0, 0, 0, 0, 0, 0, 0, 0
5372,0.000000, -0.888889, 0.153846,0, 0, 0, 0, 0, 0, 0, 0, 0, 0, 0
5391,0.000000, -0.888889, 0.230769,0, 0, 0, 0, 0, 0, 0, 0, 0, 0, 0
5393,0.000000, -0.888889, 0.269231,0, 0, 0, 0, 0, 0, 0, 0, 0, 0, 0
5407,0.000000, -0.888889, 0.307692,0, 0, 0, 0, 0, 0, 0, 0, 0, 0, 0
5412,0.000000, -0.888889, 0.346154,0, 0, 0, 0, 0, 0, 0, 0, 0, 0, 0
5423,0.000000, -0.888889, 0.384615,0, 0, 0, 0, 0, 0, 0, 0, 0, 0, 0
5441,0.000000, -0.851852, 0.423077,0, 0, 0, 0, 0, 0, 0, 0, 0, 0, 0
5443,-0.037037, -0.851852, 0.461538,0, 0, 0, 0, 0, 0, 0, 0, 0, 0, 0
5453,0.000000, -0.851852, 0.500000,0, 0, 0, 0, 0, 0, 0, 0, 0, 0, 0
5464,0.000000, -0.851852, 0.538462,0, 0, 0, 0, 0, 0, 0, 0, 0, 0, 0
5473,0.000000, -0.851852, 0.500000,0, 0, 0, 0, 0, 0, 0, 0, 0, 0, 0
5483,0.000000, -0.851852, 0.461538,0, 0, 0, 0, 0, 0, 0, 0, 0, 0, 0
5493,0.000000, -0.814815, 0.461538,0, 0, 0, 0, 0, 0, 0, 0, 0, 0, 0
5505,0.000000, -0.814815, 0.461538,0, 0, 0, 0, 0, 0, 0, 0, 0, 0, 0
5515,-0.037037, -0.814815, 0.461538,0, 0, 0, 0, 0, 0, 0, 0, 0, 0, 0
5526,-0.037037, -0.814815, 0.461538,0, 0, 0, 0, 0, 0, 0, 0, 0, 0, 0
5535,-0.037037, -0.814815, 0.500000,0, 0, 0, 0, 0, 0, 0, 0, 0, 0, 0
5545,-0.037037, -0.777778, 0.538462,0, 0, 0, 0, 0, 0, 0, 0, 0, 0, 0
5556,0.000000, -0.740741, 0.538462,0, 0, 0, 0, 0, 0, 0, 0, 0, 0, 0
5565,0.000000, -0.740741, 0.576923,0, 0, 0, 0, 0, 0, 0, 0, 0, 0, 0
5576,0.000000, -0.740741, 0.576923,0, 0, 0, 0, 0, 0, 0, 0, 0, 0, 0
5593,-0.037037, -0.740741, 0.615385,0, 0, 0, 0, 0, 0, 0, 0, 0, 0, 0
5607,-0.037037, -0.740741, 0.615385,0, 0, 0, 0, 0, 0, 0, 0, 0, 0, 0
5609,-0.037037, -0.740741, 0.653846,0, 0, 0, 0, 0, 0, 0, 0, 0, 0, 0
5615,-0.037037, -0.703704, 0.653846,0, 0, 0, 0, 0, 0, 0, 0, 0, 0, 0
5627,0.000000, -0.703704, 0.653846,0, 0, 0, 0, 0, 0, 0, 0, 0, 0, 0
5637,0.000000, -0.703704, 0.653846,0, 0, 0, 0, 0, 0, 0, 0, 0, 0, 0
5647,0.000000, -0.703704, 0.653846,0, 0, 0, 0, 0, 0, 0, 0, 0, 0, 0
5657,0.000000, -0.666667, 0.692308,0, 0, 0, 0, 0, 0, 0, 0, 0, 0, 0
5667,0.037037, -0.666667, 0.692308,0, 0, 0, 0, 0, 0, 0, 0, 0, 0, 0
5677,0.037037, -0.666667, 0.730769,0, 0, 0, 0, 0, 0, 0, 0, 0, 0, 0
5687,0.037037, -0.629630, 0.730769,0, 0, 0, 0, 0, 0, 0, 0, 0, 0, 0
5697,0.000000, -0.629630, 0.730769,0, 0, 0, 0, 0, 0, 0, 0, 0, 0, 0
5706,0.037037, -0.629630, 0.730769,0, 0, 0, 0, 0, 0, 0, 0, 0, 0, 0
5717,0.037037, -0.592593, 0.730769,0, 0, 0, 0, 0, 0, 0, 0, 0, 0, 0
5727,0.037037, -0.592593, 0.730769,0, 0, 0, 0, 0, 0, 0, 0, 0, 0, 0
5737,0.037037, -0.629630, 0.692308,0, 0, 0, 0, 0, 0, 0, 0, 0, 0, 0
5747,0.000000, -0.666667, 0.692308,0, 0, 0, 0, 0, 0, 0, 0, 0, 0, 0
5757,0.000000, -0.592593, 0.692308,0, 0, 0, 0, 0, 0, 0, 0, 0, 0, 0
5767,0.000000, -0.555556, 0.730769,0, 0, 0, 0, 0, 0, 0, 0, 0, 0, 0
5781,0.000000, -0.518519, 0.769231,0, 0, 0, 0, 0, 0, 0, 0, 0, 0, 0
5793,0.037037, -0.518519, 0.769231,0, 0, 0, 0, 0, 0, 0, 0, 0, 0, 0
5809,0.037037, -0.592593, 0.769231,0, 0, 0, 0, 0, 0, 0, 0, 0, 0, 0
5811,0.037037, -0.518519, 0.730769,0, 0, 0, 0, 0, 0, 0, 0, 0, 0, 0
5817,0.074074, -0.481481, 0.769231,0, 0, 0, 0, 0, 0, 0, 0, 0, 0, 0
5829,0.074074, -0.481481, 0.807692,0, 0, 0, 0, 0, 0, 0, 0, 0, 0, 0
5839,0.111111, -0.444444, 0.807692,0, 0, 0, 0, 0, 0, 0, 0, 0, 0, 0
5849,0.111111, -0.444444, 0.846154,0, 0, 0, 0, 0, 0, 0, 0, 0, 0, 0
5859,0.074074, -0.407407, 0.884615,0, 0, 0, 0, 0, 0, 0, 0, 0, 0, 0
5869,0.074074, -0.407407, 0.923077,0, 0, 0, 0, 0, 0, 0, 0, 0, 0, 0
5879,0.074074, -0.370370, 0.923077,0, 0, 0, 0, 0, 0, 0, 0, 0, 0, 0
5889,0.074074, -0.370370, 0.923077,0, 0, 0, 0, 0, 0, 0, 0, 0, 0, 0
5899,0.074074, -0.333333, 0.961538,0, 0, 0, 0, 0, 0, 0, 0, 0, 0, 0
5909,0.037037, -0.333333, 0.923077,0, 0, 0, 0, 0, 0, 0, 0, 0, 0, 0
5919,0.037037, -0.333333, 0.961538,0, 0, 0, 0, 0, 0, 0, 0, 0, 0, 0
5929,0.037037, -0.333333, 0.961538,0, 0, 0, 0, 0, 0, 0, 0, 0, 0, 0
5940,0.037037, -0.296296, 1.000000,0, 0, 0, 0, 0, 0, 0, 0, 0, 0, 0
5950,0.037037, -0.296296, 1.000000,0, 0, 0, 0, 0, 0, 0, 0, 0, 0, 0
5961,0.074074, -0.259259, 1.000000,0, 0, 0, 0, 0, 0, 0, 0, 0, 0, 0
5971,0.074074, -0.259259, 0.961538,0, 0, 0, 0, 0, 0, 0, 0, 0, 0, 0
5992,0.111111, -0.259259, 0.961538,0, 0, 0, 0, 0, 0, 0, 0, 0, 0, 0
5994,0.111111, -0.259259, 1.000000,0, 0, 0, 0, 0, 0, 0, 0, 0, 0, 0
6007,0.111111, -0.222222, 1.038462,0, 0, 0, 0, 0, 0, 0, 0, 0, 0, 0
6010,0.074074, -0.222222, 1.038462,0, 0, 0, 0, 0, 0, 0, 0, 0, 0, 0
6022,0.074074, -0.222222, 1.115385,0, 0, 0, 0, 0, 0, 0, 0, 0, 0, 0
6030,0.074074, -0.222222, 1.115385,0, 0, 0, 0, 0, 0, 0, 0, 0, 0, 0
6041,0.074074, -0.222222, 1.115385,0, 0, 0, 0, 0, 0, 0, 0, 0, 0, 0
6051,0.074074, -0.222222, 1.076923,0, 0, 0, 0, 0, 0, 0, 0, 0, 0, 0
6061,0.111111, -0.222222, 1.038462,0, 0, 0, 0, 0, 0, 0, 0, 0, 0, 0
6072,0.111111, -0.222222, 1.038462,0, 0, 0, 0, 0, 0, 0, 0, 0, 0, 0
6082,0.111111, -0.222222, 1.000000,0, 0, 0, 0, 0, 0, 0, 0, 0, 0, 0
6093,0.111111, -0.222222, 0.961538,0, 0, 0, 0, 0, 0, 0, 0, 0, 0, 0
6102,0.111111, -0.222222, 0.923077,0, 0, 0, 0, 0, 0, 0, 0, 0, 0, 0
6113,0.111111, -0.222222, 0.884615,0, 0, 0, 0, 0, 0, 0, 0, 0, 0, 0
6122,0.111111, -0.222222, 0.884615,0, 0, 0, 0, 0, 0, 0, 0, 0, 0, 0
6132,0.074074, -0.222222, 0.884615,0, 0, 0, 0, 0, 0, 0, 0, 0, 0, 0
6142,0.037037, -0.259259, 0.923077,0, 0, 0, 0, 0, 0, 0, 0, 0, 0, 0
6153,0.074074, -0.259259, 0.884615,0, 0, 0, 0, 0, 0, 0, 0, 0, 0, 0
6163,0.074074, -0.259259, 0.923077,0, 0, 0, 0, 0, 0, 0, 0, 0, 0, 0
6174,0.111111, -0.222222, 0.923077,0, 0, 0, 0, 0, 0, 0, 0, 0, 0, 0
6191,0.148148, -0.222222, 0.923077,0, 0, 0, 0, 0, 0, 0, 0, 0, 0, 0
6206,0.185185, -0.185185, 0.923077,0, 0, 0, 0, 0, 0, 0, 0, 0, 0, 0
6208,0.185185, -0.185185, 0.923077,0, 0, 0, 0, 0, 0, 0, 0, 0, 0, 0
6214,0.148148, -0.185185, 0.961538,0, 0, 0, 0, 0, 0, 0, 0, 0, 0, 0
6224,0.111111, -0.148148, 0.961538,0, 0, 0, 0, 0, 0, 0, 0, 0, 0, 0
6235,0.074074, -0.185185, 0.961538,0, 0, 0, 0, 0, 0, 0, 0, 0, 0, 0
6246,0.037037, -0.185185, 0.961538,0, 0, 0, 0, 0, 0, 0, 0, 0, 0, 0
6258,0.074074, -0.185185, 0.923077,0, 0, 0, 0, 0, 0, 0, 0, 0, 0, 0
6266,0.111111, -0.185185, 0.923077,0, 0, 0, 0, 0, 0, 0, 0, 0, 0, 0
6283,0.111111, -0.148148, 0.884615,0, 0, 0, 0, 0, 0, 0, 0, 0, 0, 0
6285,0.111111, -0.148148, 0.923077,0, 0, 0, 0, 0, 0, 0, 0, 0, 0, 0
6296,0.074074, -0.111111, 0.961538,0, 0, 0, 0, 0, 0, 0, 0, 0, 0, 0
6306,0.111111, -0.074074, 0.961538,0, 0, 0, 0, 0, 0, 0, 0, 0, 0, 0
6316,0.111111, -0.074074, 1.000000,0, 0, 0, 0, 0, 0, 0, 0, 0, 0, 0
6326,0.111111, -0.037037, 1.038462,0, 0, 0, 0, 0, 0, 0, 0, 0, 0, 0
6336,0.074074, -0.074074, 1.076923,0, 0, 0, 0, 0, 0, 0, 0, 0, 0, 0
6346,0.037037, -0.037037, 1.076923,0, 0, 0, 0, 0, 0, 0, 0, 0, 0, 0
6356,0.037037, -0.037037, 1.038462,0, 0, 0, 0, 0, 0, 0, 0, 0, 0, 0
6366,0.074074, -0.037037, 1.000000,0, 0, 0, 0, 0, 0, 0, 0, 0, 0, 0
6377,0.111111, 0.000000, 0.961538,0, 0, 0, 0, 0, 0, 0, 0, 0, 0, 0
6392,0.111111, 0.000000, 0.961538,0, 0, 0, 0, 0, 0, 0, 0, 0, 0, 0
6407,0.074074, 0.000000, 0.961538,0, 0, 0, 0, 0, 0, 0, 0, 0, 0, 0
6409,0.037037, 0.000000, 1.000000,0, 0, 0, 0, 0, 0, 0, 0, 0, 0, 0
6417,0.037037, 0.000000, 1.038462,0, 0, 0, 0, 0, 0, 0, 0, 0, 0, 0
6428,0.074074, 0.000000, 1.038462,0, 0, 0, 0, 0, 0, 0, 0, 0, 0, 0
6438,0.074074, 0.000000, 1.038462,0, 0, 0, 0, 0, 0, 0, 0, 0, 0, 0
6454,0.111111, 0.037037, 1.038462,0, 0, 0, 0, 0, 0, 0, 0, 0, 0, 0
6457,0.111111, 0.037037, 1.076923,0, 0, 0, 0, 0, 0, 0, 0, 0, 0, 0
6468,0.148148, 0.074074, 1.076923,0, 0, 0, 0, 0, 0, 0, 0, 0, 0, 0
6477,0.148148, 0.074074, 1.076923,0, 0, 0, 0, 0, 0, 0, 0, 0, 0, 0
6487,0.148148, 0.111111, 1.038462,0, 0, 0, 0, 0, 0, 0, 0, 0, 0, 0
6497,0.111111, 0.111111, 1.038462,0, 0, 0, 0, 0, 0, 0, 0, 0, 0, 0
6508,0.074074, 0.111111, 1.038462,0, 0, 0, 0, 0, 0, 0, 0, 0, 0, 0
6517,0.074074, 0.074074, 1.038462,0, 0, 0, 0, 0, 0, 0, 0, 0, 0, 0
6528,0.074074, 0.074074, 1.038462,0, 0, 0, 0, 0, 0, 0, 0, 0, 0, 0
6537,0.074074, 0.074074, 1.038462,0, 0, 0, 0, 0, 0, 0, 0, 0, 0, 0
6549,0.111111, 0.074074, 1.076923,0, 0, 0, 0, 0, 0, 0, 0, 0, 0, 0
6559,0.111111, 0.111111, 1.076923,0, 0, 0, 0, 0, 0, 0, 0, 0, 0, 0
6569,0.111111, 0.074074, 1.076923,0, 0, 0, 0, 0, 0, 0, 0, 0, 0, 0
6579,0.148148, 0.111111, 1.038462,0, 0, 0, 0, 0, 0, 0, 0, 0, 0, 0
6593,0.111111, 0.074074, 1.038462,0, 0, 0, 0, 0, 0, 0, 0, 0, 0, 0
6609,0.111111, 0.074074, 0.961538,0, 0, 0, 0, 0, 0, 0, 0, 0, 0, 0
6610,0.111111, 0.074074, 0.923077,0, 0, 0, 0, 0, 0, 0, 0, 0, 0, 0
6619,0.111111, 0.074074, 0.884615,0, 0, 0, 0, 0, 0, 0, 0, 0, 0, 0
6630,0.111111, 0.037037, 0.846154,0, 0, 0, 0, 0, 0, 0, 0, 0, 0, 0
6641,0.111111, 0.037037, 0.846154,0, 0, 0, 0, 0, 0, 0, 0, 0, 0, 0
6650,0.037037, 0.000000, 0.923077,0, 0, 0, 0, 0, 0, 0, 0, 0, 0, 0
6661,0.000000, 0.000000, 1.000000,0, 0, 0, 0, 0, 0, 0, 0, 0, 0, 0
6671,0.037037, 0.037037, 1.000000,0, 0, 0, 0, 0, 0, 0, 0, 0, 0, 0
6680,0.074074, 0.037037, 1.000000,0, 0, 0, 0, 0, 0, 0, 0, 0, 0, 0
6690,0.111111, 0.074074, 1.000000,0, 0, 0, 0, 0, 0, 0, 0, 0, 0, 0
6701,0.111111, 0.074074, 0.923077,0, 0, 0, 0, 0, 0, 0, 0, 0, 0, 0
6710,0.111111, 0.074074, 0.884615,0, 0, 0, 0, 0, 0, 0, 0, 0, 0, 0
6721,0.074074, 0.074074, 0.923077,0, 0, 0, 0, 0, 0, 0, 0, 0, 0, 0
6731,0.074074, 0.074074, 0.961538,0, 0, 0, 0, 0, 0, 0, 0, 0, 0, 0
6741,0.074074, 0.074074, 1.000000,0, 0, 0, 0, 0, 0, 0, 0, 0, 0, 0
6751,0.074074, 0.074074, 1.038462,0, 0, 0, 0, 0, 0, 0, 0, 0, 0, 0
6761,0.111111, 0.074074, 1.038462,0, 0, 0, 0, 0, 0, 0, 0, 0, 0, 0
6772,0.148148, 0.111111, 1.038462,0, 0, 0, 0, 0, 0, 0, 0, 0, 0, 0
6798,0.222222, 0.148148, 1.000000,0, 0, 0, 0, 0, 0, 0, 0, 0, 0, 0
6811,0.148148, 0.148148, 1.038462,0, 0, 0, 0, 0, 0, 0, 0, 0, 0, 0
6823,0.111111, 0.111111, 1.038462,0, 0, 0, 0, 0, 0, 0, 0, 0, 0, 0
6832,0.111111, 0.148148, 1.000000,0, 0, 0, 0, 0, 0, 0, 0, 0, 0, 0
6843,0.148148, 0.148148, 0.961538,0, 0, 0, 0, 0, 0, 0, 0, 0, 0, 0
6853,0.148148, 0.148148, 1.000000,0, 0, 0, 0, 0, 0, 0, 0, 0, 0, 0
6863,0.111111, 0.111111, 0.961538,0, 0, 0, 0, 0, 0, 0, 0, 0, 0, 0
6873,0.074074, 0.111111, 0.961538,0, 0, 0, 0, 0, 0, 0, 0, 0, 0, 0
6882,0.037037, 0.111111, 0.961538,0, 0, 0, 0, 0, 0, 0, 0, 0, 0, 0
6893,0.037037, 0.111111, 1.000000,0, 0, 0, 0, 0, 0, 0, 0, 0, 0, 0
6902,0.074074, 0.111111, 1.000000,0, 0, 0, 0, 0, 0, 0, 0, 0, 0, 0
6913,0.074074, 0.111111, 0.961538,0, 0, 0, 0, 0, 0, 0, 0, 0, 0, 0
6922,0.037037, 0.074074, 0.961538,0, 0, 0, 0, 0, 0, 0, 0, 0, 0, 0
6933,0.037037, 0.074074, 0.961538,0, 0, 0, 0, 0, 0, 0, 0, 0, 0, 0
6944,0.074074, 0.074074, 0.923077,0, 0, 0, 0, 0, 0, 0, 0, 0, 0, 0
6953,0.074074, 0.074074, 0.923077,0, 0, 0, 0, 0, 0, 0, 0, 0, 0, 0
6964,0.111111, 0.074074, 0.923077,0, 0, 0, 0, 0, 0, 0, 0, 0, 0, 0
6973,0.074074, 0.074074, 0.923077,0, 0, 0, 0, 0, 0, 0, 0, 0, 0, 0
6991,0.111111, 0.074074, 0.961538,0, 0, 0, 0, 0, 0, 0, 0, 0, 0, 0
7007,0.074074, 0.074074, 1.000000,0, 0, 0, 0, 0, 0, 0, 0, 0, 0, 0
7008,0.074074, 0.037037, 0.923077,0, 0, 0, 0, 0, 0, 0, 0, 0, 0, 0
7013,0.037037, 0.037037, 0.923077,0, 0, 0, 0, 0, 0, 0, 0, 0, 0, 0
7026,0.000000, 0.000000, 0.884615,0, 0, 0, 0, 0, 0, 0, 0, 0, 0, 0
7033,0.000000, 0.000000, 0.884615,0, 0, 0, 0, 0, 0, 0, 0, 0, 0, 0
7045,0.037037, 0.037037, 0.846154,0, 0, 0, 0, 0, 0, 0, 0, 0, 0, 0
7055,0.037037, 0.037037, 0.923077,0, 0, 0, 0, 0, 0, 0, 0, 0, 0, 0
7065,0.074074, 0.074074, 0.923077,0, 0, 0, 0, 0, 0, 0, 0, 0, 0, 0
7076,0.074074, 0.111111, 1.000000,0, 0, 0, 0, 0, 0, 0, 0, 0, 0, 0
7086,0.074074, 0.148148, 1.076923,0, 0, 0, 0, 0, 0, 0, 0, 0, 0, 0
7095,0.074074, 0.148148, 1.076923,0, 0, 0, 0, 0, 0, 0, 0, 0, 0, 0
7106,0.074074, 0.185185, 1.076923,0, 0, 0, 0, 0, 0, 0, 0, 0, 0, 0
7116,0.037037, 0.148148, 1.000000,0, 0, 0, 0, 0, 0, 0, 0, 0, 0, 0
7127,0.037037, 0.148148, 0.961538,0, 0, 0, 0, 0, 0, 0, 0, 0, 0, 0
7136,0.000000, 0.148148, 0.923077,0, 0, 0, 0, 0, 0, 0, 0, 0, 0, 0
7146,0.037037, 0.185185, 0.961538,0, 0, 0, 0, 0, 0, 0, 0, 0, 0, 0
7157,0.037037, 0.222222, 1.000000,0, 0, 0, 0, 0, 0, 0, 0, 0, 0, 0
7167,0.037037, 0.222222, 1.038462,0, 0, 0, 0, 0, 0, 0, 0, 0, 0, 0
7177,0.074074, 0.222222, 1.038462,0, 0, 0, 0, 0, 0, 0, 0, 0, 0, 0
7193,0.037037, 0.222222, 1.038462,0, 0, 0, 0, 0, 0, 0, 0, 0, 0, 0
7208,0.000000, 0.222222, 1.000000,0, 0, 0, 0, 0, 0, 0, 0, 0, 0, 0
7209,0.000000, 0.222222, 0.923077,0, 0, 0, 0, 0, 0, 0, 0, 0, 0, 0
7218,0.000000, 0.222222, 0.846154,0, 0, 0, 0, 0, 0, 0, 0, 0, 0, 0
7228,0.037037, 0.222222, 0.884615,0, 0, 0, 0, 0, 0, 0, 0, 0, 0, 0
7238,0.037037, 0.222222, 0.923077,0, 0, 0, 0, 0, 0, 0, 0, 0, 0, 0
7248,0.037037, 0.259259, 0.961538,0, 0, 0, 0, 0, 0, 0, 0, 0, 0, 0
7257,0.037037, 0.259259, 1.000000,0, 0, 0, 0, 0, 0, 0, 0, 0, 0, 0
7271,0.037037, 0.259259, 1.000000,0, 0, 0, 0, 0, 0, 0, 0, 0, 0, 0
7278,0.037037, 0.259259, 1.000000,0, 0, 0, 0, 0, 0, 0, 0, 0, 0, 0
7288,0.000000, 0.259259, 1.000000,0, 0, 0, 0, 0, 0, 0, 0, 0, 0, 0
7300,0.000000, 0.259259, 0.961538,0, 0, 0, 0, 0, 0, 0, 0, 0, 0, 0
7309,0.037037, 0.259259, 0.923077,0, 0, 0, 0, 0, 0, 0, 0, 0, 0, 0
7319,0.037037, 0.296296, 0.923077,0, 0, 0, 0, 0, 0, 0, 0, 0, 0, 0
7329,0.037037, 0.296296, 0.961538,0, 0, 0, 0, 0, 0, 0, 0, 0, 0, 0
7339,0.074074, 0.333333, 1.000000,0, 0, 0, 0, 0, 0, 0, 0, 0, 0, 0
7349,0.074074, 0.333333, 1.000000,0, 0, 0, 0, 0, 0, 0, 0, 0, 0, 0
7359,0.074074, 0.370370, 1.038462,0, 0, 0, 0, 0, 0, 0, 0, 0, 0, 0
7368,0.037037, 0.370370, 1.076923,0, 0, 0, 0, 0, 0, 0, 0, 0, 0, 0
7379,0.037037, 0.370370, 1.038462,0, 0, 0, 0, 0, 0, 0, 0, 0, 0, 0
7393,0.037037, 0.370370, 1.038462,0, 0, 0, 0, 0, 0, 0, 0, 0, 0, 0
7409,0.037037, 0.370370, 1.000000,0, 0, 0, 0, 0, 0, 0, 0, 0, 0, 0
7411,0.037037, 0.370370, 0.961538,0, 0, 0, 0, 0, 0, 0, 0, 0, 0, 0
7421,0.037037, 0.370370, 0.923077,0, 0, 0, 0, 0, 0, 0, 0, 0, 0, 0
7431,0.037037, 0.370370, 0.884615,0, 0, 0, 0, 0, 0, 0, 0, 0, 0, 0
7440,0.074074, 0.333333, 0.884615,0, 0, 0, 0, 0, 0, 0, 0, 0, 0, 0
7451,0.074074, 0.370370, 0.884615,0, 0, 0, 0, 0, 0, 0, 0, 0, 0, 0
7460,0.074074, 0.370370, 0.961538,0, 0, 0, 0, 0, 0, 0, 0, 0, 0, 0
7471,0.074074, 0.370370, 0.961538,0, 0, 0, 0, 0, 0, 0, 0, 0, 0, 0
7481,0.111111, 0.370370, 1.000000,0, 0, 0, 0, 0, 0, 0, 0, 0, 0, 0
7491,0.111111, 0.407407, 0.961538,0, 0, 0, 0, 0, 0, 0, 0, 0, 0, 0
7502,0.111111, 0.407407, 1.000000,0, 0, 0, 0, 0, 0, 0, 0, 0, 0, 0
7512,0.111111, 0.407407, 0.961538,0, 0, 0, 0, 0, 0, 0, 0, 0, 0, 0
7521,0.111111, 0.407407, 0.961538,0, 0, 0, 0, 0, 0, 0, 0, 0, 0, 0
7532,0.111111, 0.407407, 0.961538,0, 0, 0, 0, 0, 0, 0, 0, 0, 0, 0
7542,0.074074, 0.407407, 0.884615,0, 0, 0, 0, 0, 0, 0, 0, 0, 0, 0
7551,0.074074, 0.407407, 0.846154,0, 0, 0, 0, 0, 0, 0, 0, 0, 0, 0
7561,0.074074, 0.370370, 0.846154,0, 0, 0, 0, 0, 0, 0, 0, 0, 0, 0
7572,0.074074, 0.370370, 0.807692,0, 0, 0, 0, 0, 0, 0, 0, 0, 0, 0
7592,0.111111, 0.370370, 0.807692,0, 0, 0, 0, 0, 0, 0, 0, 0, 0, 0
7594,0.074074, 0.370370, 0.846154,0, 0, 0, 0, 0, 0, 0, 0, 0, 0, 0
7607,0.111111, 0.444444, 0.846154,0, 0, 0, 0, 0, 0, 0, 0, 0, 0, 0
7612,0.111111, 0.481481, 0.846154,0, 0, 0, 0, 0, 0, 0, 0, 0, 0, 0
7623,0.074074, 0.481481, 0.884615,0, 0, 0, 0, 0, 0, 0, 0, 0, 0, 0
7632,0.037037, 0.481481, 0.846154,0, 0, 0, 0, 0, 0, 0, 0, 0, 0, 0
7642,0.037037, 0.518519, 0.846154,0, 0, 0, 0, 0, 0, 0, 0, 0, 0, 0
7653,0.037037, 0.555556, 0.846154,0, 0, 0, 0, 0, 0, 0, 0, 0, 0, 0
7663,0.037037, 0.555556, 0.846154,0, 0, 0, 0, 0, 0, 0, 0, 0, 0, 0
7673,0.037037, 0.592593, 0.846154,0, 0, 0, 0, 0, 0, 0, 0, 0, 0, 0
7683,0.000000, 0.629630, 0.846154,0, 0, 0, 0, 0, 0, 0, 0, 0, 0, 0
7692,0.037037, 0.629630, 0.807692,0, 0, 0, 0, 0, 0, 0, 0, 0, 0, 0
7704,0.000000, 0.666667, 0.807692,0, 0, 0, 0, 0, 0, 0, 0, 0, 0, 0
7713,0.037037, 0.703704, 0.730769,0, 0, 0, 0, 0, 0, 0, 0, 0, 0, 0
7724,0.037037, 0.703704, 0.730769,0, 0, 0, 0, 0, 0, 0, 0, 0, 0, 0
7733,0.037037, 0.703704, 0.769231,0, 0, 0, 0, 0, 0, 0, 0, 0, 0, 0
7744,0.000000, 0.703704, 0.769231,0, 0, 0, 0, 0, 0, 0, 0, 0, 0, 0
7753,0.037037, 0.740741, 0.692308,0, 0, 0, 0, 0, 0, 0, 0, 0, 0, 0
7764,0.037037, 0.777778, 0.653846,0, 0, 0, 0, 0, 0, 0, 0, 0, 0, 0
7774,0.037037, 0.777778, 0.653846,0, 0, 0, 0, 0, 0, 0, 0, 0, 0, 0
7791,0.074074, 0.777778, 0.615385,0, 0, 0, 0, 0, 0, 0, 0, 0, 0, 0
7806,0.037037, 0.814815, 0.615385,0, 0, 0, 0, 0, 0, 0, 0, 0, 0, 0
7807,0.037037, 0.814815, 0.615385,0, 0, 0, 0, 0, 0, 0, 0, 0, 0, 0
7814,0.037037, 0.851852, 0.615385,0, 0, 0, 0, 0, 0, 0, 0, 0, 0, 0
7826,0.037037, 0.851852, 0.576923,0, 0, 0, 0, 0, 0, 0, 0, 0, 0, 0
7836,0.037037, 0.888889, 0.576923,0, 0, 0, 0, 0, 0, 0, 0, 0, 0, 0
7845,0.037037, 0.888889, 0.538462,0, 0, 0, 0, 0, 0, 0, 0, 0, 0, 0
7856,0.000000, 0.888889, 0.500000,0, 0, 0, 0, 0, 0, 0, 0, 0, 0, 0
7866,0.000000, 0.888889, 0.461538,0, 0, 0, 0, 0, 0, 0, 0, 0, 0, 0
7876,0.000000, 0.925926, 0.423077,0, 0, 0, 0, 0, 0, 0, 0, 0, 0, 0
7885,0.000000, 0.925926, 0.384615,0, 0, 0, 0, 0, 0, 0, 0, 0, 0, 0
7895,-0.037037, 0.962963, 0.384615,0, 0, 0, 0, 0, 0, 0, 0, 0, 0, 0
7905,-0.074074, 0.962963, 0.384615,0, 0, 0, 0, 0, 0, 0, 0, 0, 0, 0
7916,-0.037037, 0.962963, 0.346154,0, 0, 0, 0, 0, 0, 0, 0, 0, 0, 0
7925,-0.037037, 0.962963, 0.346154,0, 0, 0, 0, 0, 0, 0, 0, 0, 0, 0
7936,-0.037037, 0.962963, 0.346154,0, 0, 0, 0, 0, 0, 0, 0, 0, 0, 0
7947,-0.037037, 1.000000, 0.307692,0, 0, 0, 0, 0, 0, 0, 0, 0, 0, 0
7957,-0.037037, 1.000000, 0.269231,0, 0, 0, 0, 0, 0, 0, 0, 0, 0, 0
7967,-0.037037, 1.000000, 0.230769,0, 0, 0, 0, 0, 0, 0, 0, 0, 0, 0
7976,-0.037037, 1.037037, 0.192308,0, 0, 0, 0, 0, 0, 0, 0, 0, 0, 0
7993,-0.037037, 1.037037, 0.192308,0, 0, 0, 0, 0, 0, 0, 0, 0, 0, 0
8008,-0.037037, 1.037037, 0.192308,0, 0, 0, 0, 0, 0, 0, 0, 0, 0, 0
8009,-0.074074, 1.037037, 0.192308,0, 0, 0, 0, 0, 0, 0, 0, 0, 0, 0
8017,-0.074074, 1.037037, 0.153846,0, 0, 0, 0, 0, 0, 0, 0, 0, 0, 0
8027,-0.074074, 1.037037, 0.115385,0, 0, 0, 0, 0, 0, 0, 0, 0, 0, 0
8036,-0.074074, 1.037037, 0.115385,0, 0, 0, 0, 0, 0, 0, 0, 0, 0, 0
8047,-0.074074, 1.037037, 0.115385,0, 0, 0, 0, 0, 0, 0, 0, 0, 0, 0
8057,-0.074074, 1.037037, 0.115385,0, 0, 0, 0, 0, 0, 0, 0, 0, 0, 0
8067,-0.074074, 1.037037, 0.038462,0, 0, 0, 0, 0, 0, 0, 0, 0, 0, 0
8077,-0.074074, 1.037037, 0.038462,0, 0, 0, 0, 0, 0, 0, 0, 0, 0, 0
8089,-0.074074, 1.000000, 0.038462,0, 0, 0, 0, 0, 0, 0, 0, 0, 0, 0
8099,-0.074074, 1.000000, 0.000000,0, 0, 0, 0, 0, 0, 0, 0, 0, 0, 0
8109,-0.074074, 1.000000, -0.038462,0, 0, 0, 0, 0, 0, 0, 0, 0, 0, 0
8119,-0.074074, 1.000000, -0.038462,0, 0, 0, 0, 0, 0, 0, 0, 0, 0, 0
8129,-0.074074, 1.000000, -0.038462,0, 0, 0, 0, 0, 0, 0, 0, 0, 0, 0
8139,-0.074074, 1.037037, -0.076923,0, 0, 0, 0, 0, 0, 0, 0, 0, 0, 0
8149,-0.074074, 1.037037, -0.076923,0, 0, 0, 0, 0, 0, 0, 0, 0, 0, 0
8159,-0.074074, 1.037037, -0.076923,0, 0, 0, 0, 0, 0, 0, 0, 0, 0, 0
8168,-0.074074, 1.000000, -0.115385,0, 0, 0, 0, 0, 0, 0, 0, 0, 0, 0
8179,-0.074074, 0.962963, -0.153846,0, 0, 0, 0, 0, 0, 0, 0, 0, 0, 0
8194,-0.074074, 0.962963, -0.153846,0, 0, 0, 0, 0, 0, 0, 0, 0, 0, 0
8209,-0.111111, 0.962963, -0.115385,0, 0, 0, 0, 0, 0, 0, 0, 0, 0, 0
8211,-0.074074, 1.000000, -0.153846,0, 0, 0, 0, 0, 0, 0, 0, 0, 0, 0
8220,-0.074074, 1.000000, -0.153846,0, 0, 0, 0, 0, 0, 0, 0, 0, 0, 0
8232,-0.074074, 1.000000, -0.153846,0, 0, 0, 0, 0, 0, 0, 0, 0, 0, 0
8241,-0.074074, 1.000000, -0.192308,0, 0, 0, 0, 0, 0, 0, 0, 0, 0, 0
8252,-0.037037, 0.962963, -0.192308,0, 0, 0, 0, 0, 0, 0, 0, 0, 0, 0
8262,-0.037037, 0.962963, -0.192308,0, 0, 0, 0, 0, 0, 0, 0, 0, 0, 0
8272,-0.037037, 1.000000, -0.192308,0, 0, 0, 0, 0, 0, 0, 0, 0, 0, 0
8282,-0.037037, 1.000000, -0.230769,0, 0, 0, 0, 0, 0, 0, 0, 0, 0, 0
8291,-0.037037, 1.000000, -0.230769,0, 0, 0, 0, 0, 0, 0, 0, 0, 0, 0
8302,-0.074074, 1.000000, -0.230769,0, 0, 0, 0, 0, 0, 0, 0, 0, 0, 0
8312,-0.074074, 0.962963, -0.230769,0, 0, 0, 0, 0, 0, 0, 0, 0, 0, 0
8322,-0.074074, 0.962963, -0.269231,0, 0, 0, 0, 0, 0, 0, 0, 0, 0, 0
8332,-0.074074, 0.962963, -0.269231,0, 0, 0, 0, 0, 0, 0, 0, 0, 0, 0
8342,-0.074074, 0.962963, -0.230769,0, 0, 0, 0, 0, 0, 0, 0, 0, 0, 0
8353,-0.037037, 0.962963, -0.230769,0, 0, 0, 0, 0, 0, 0, 0, 0, 0, 0
8363,-0.037037, 0.962963, -0.230769,0, 0, 0, 0, 0, 0, 0, 0, 0, 0, 0
8373,-0.037037, 0.962963, -0.230769,0, 0, 0, 0, 0, 0, 0, 0, 0, 0, 0
8392,-0.037037, 0.962963, -0.192308,0, 0, 0, 0, 0, 0, 0, 0, 0, 0, 0
8407,-0.037037, 0.962963, -0.192308,0, 0, 0, 0, 0, 0, 0, 0, 0, 0, 0
8413,-0.037037, 0.962963, -0.230769,0, 0, 0, 0, 0, 0, 0, 0, 0, 0, 0
8423,-0.037037, 1.000000, -0.230769,0, 0, 0, 0, 0, 0, 0, 0, 0, 0, 0
8433,-0.037037, 1.000000, -0.192308,0, 0, 0, 0, 0, 0, 0, 0, 0, 0, 0
8443,-0.037037, 1.000000, -0.192308,0, 0, 0, 0, 0, 0, 0, 0, 0, 0, 0
8452,-0.037037, 1.000000, -0.153846,0, 0, 0, 0, 0, 0, 0, 0, 0, 0, 0
8462,-0.037037, 1.000000, -0.153846,0, 0, 0, 0, 0, 0, 0, 0, 0, 0, 0
8474,-0.037037, 1.000000, -0.153846,0, 0, 0, 0, 0, 0, 0, 0, 0, 0, 0
8484,-0.037037, 1.037037, -0.115385,0, 0, 0, 0, 0, 0, 0, 0, 0, 0, 0
8493,-0.037037, 1.000000, -0.115385,0, 0, 0, 0, 0, 0, 0, 0, 0, 0, 0
8503,-0.037037, 1.037037, -0.115385,0, 0, 0, 0, 0, 0, 0, 0, 0, 0, 0
8513,-0.037037, 1.037037, -0.076923,0, 0, 0, 0, 0, 0, 0, 0, 0, 0, 0
8524,-0.037037, 1.037037, -0.076923,0, 0, 0, 0, 0, 0, 0, 0, 0, 0, 0
8533,-0.074074, 1.037037, -0.076923,0, 0, 0, 0, 0, 0, 0, 0, 0, 0, 0
8543,-0.074074, 1.037037, -0.038462,0, 0, 0, 0, 0, 0, 0, 0, 0, 0, 0
8553,-0.074074, 1.037037, -0.038462,0, 0, 0, 0, 0, 0, 0, 0, 0, 0, 0
8564,-0.037037, 1.000000, -0.038462,0, 0, 0, 0, 0, 0, 0, 0, 0, 0, 0
8574,-0.037037, 1.000000, 0.000000,0, 0, 0, 0, 0, 0, 0, 0, 0, 0, 0
8591,0.000000, 1.000000, 0.038462,0, 0, 0, 0, 0, 0, 0, 0, 0, 0, 0
8607,-0.037037, 0.962963, 0.000000,0, 0, 0, 0, 0, 0, 0, 0, 0, 0, 0
8616,-0.037037, 1.000000, 0.038462,0, 0, 0, 0, 0, 0, 0, 0, 0, 0, 0
8626,-0.037037, 1.000000, 0.038462,0, 0, 0, 0, 0, 0, 0, 0, 0, 0, 0
8635,-0.037037, 1.000000, 0.076923,0, 0, 0, 0, 0, 0, 0, 0, 0, 0, 0
8647,-0.037037, 1.000000, 0.115385,0, 0, 0, 0, 0, 0, 0, 0, 0, 0, 0
8655,-0.037037, 1.000000, 0.115385,0, 0, 0, 0, 0, 0, 0, 0, 0, 0, 0
8667,-0.037037, 1.000000, 0.115385,0, 0, 0, 0, 0, 0, 0, 0, 0, 0, 0
8676,-0.037037, 1.000000, 0.115385,0, 0, 0, 0, 0, 0, 0, 0, 0, 0, 0
8687,-0.037037, 1.000000, 0.153846,0, 0, 0, 0, 0, 0, 0, 0, 0, 0, 0
8697,-0.037037, 1.000000, 0.192308,0, 0, 0, 0, 0, 0, 0, 0, 0, 0, 0
8706,0.000000, 1.037037, 0.192308,0, 0, 0, 0, 0, 0, 0, 0, 0, 0, 0
8717,0.000000, 1.000000, 0.192308,0, 0, 0, 0, 0, 0, 0, 0, 0, 0, 0
8727,0.000000, 1.000000, 0.192308,0, 0, 0, 0, 0, 0, 0, 0, 0, 0, 0
8737,0.000000, 1.000000, 0.230769,0, 0, 0, 0, 0, 0, 0, 0, 0, 0, 0
8747,0.000000, 1.000000, 0.230769,0, 0, 0, 0, 0, 0, 0, 0, 0, 0, 0
8757,0.037037, 1.000000, 0.230769,0, 0, 0, 0, 0, 0, 0, 0, 0, 0, 0
8767,0.000000, 1.000000, 0.269231,0, 0, 0, 0, 0, 0, 0, 0, 0, 0, 0
8776,0.000000, 1.000000, 0.269231,0, 0, 0, 0, 0, 0, 0, 0, 0, 0, 0
8793,0.000000, 1.000000, 0.269231,0, 0, 0, 0, 0, 0, 0, 0, 0, 0, 0
8807,0.000000, 1.037037, 0.307692,0, 0, 0, 0, 0, 0, 0, 0, 0, 0, 0
8810,0.000000, 1.000000, 0.307692,0, 0, 0, 0, 0, 0, 0, 0, 0, 0, 0
8818,0.000000, 1.000000, 0.307692,0, 0, 0, 0, 0, 0, 0, 0, 0, 0, 0
8827,0.000000, 1.000000, 0.346154,0, 0, 0, 0, 0, 0, 0, 0, 0, 0, 0
8839,0.000000, 0.962963, 0.346154,0, 0, 0, 0, 0, 0, 0, 0, 0, 0, 0
8848,0.000000, 0.962963, 0.346154,0, 0, 0, 0, 0, 0, 0, 0, 0, 0, 0
8858,0.000000, 0.962963, 0.346154,0, 0, 0, 0, 0, 0, 0, 0, 0, 0, 0
8869,0.000000, 1.000000, 0.384615,0, 0, 0, 0, 0, 0, 0, 0, 0, 0, 0
8879,0.000000, 0.962963, 0.423077,0, 0, 0, 0, 0, 0, 0, 0, 0, 0, 0
8889,0.000000, 0.962963, 0.423077,0, 0, 0, 0, 0, 0, 0, 0, 0, 0, 0
8899,0.000000, 0.962963, 0.423077,0, 0, 0, 0, 0, 0, 0, 0, 0, 0, 0
8909,0.000000, 0.962963, 0.461538,0, 0, 0, 0, 0, 0, 0, 0, 0, 0, 0
8919,0.000000, 0.962963, 0.500000,0, 0, 0, 0, 0, 0, 0, 0, 0, 0, 0
8929,0.000000, 0.925926, 0.500000,0, 0, 0, 0, 0, 0, 0, 0, 0, 0, 0
8939,0.000000, 0.925926, 0.538462,0, 0, 0, 0, 0, 0, 0, 0, 0, 0, 0
8950,-0.037037, 0.888889, 0.538462,0, 0, 0, 0, 0, 0, 0, 0, 0, 0, 0
8961,-0.037037, 0.888889, 0.576923,0, 0, 0, 0, 0, 0, 0, 0, 0, 0, 0
8971,-0.037037, 0.888889, 0.576923,0, 0, 0, 0, 0, 0, 0, 0, 0, 0, 0
8993,-0.037037, 0.851852, 0.615385,0, 0, 0, 0, 0, 0, 0, 0, 0, 0, 0
9008,-0.037037, 0.851852, 0.653846,0, 0, 0, 0, 0, 0, 0, 0, 0, 0, 0
9010,-0.037037, 0.814815, 0.615385,0, 0, 0, 0, 0, 0, 0, 0, 0, 0, 0
9021,-0.037037, 0.814815, 0.653846,0, 0, 0, 0, 0, 0, 0, 0, 0, 0, 0
9031,-0.037037, 0.814815, 0.653846,0, 0, 0, 0, 0, 0, 0, 0, 0, 0, 0
9039,-0.037037, 0.814815, 0.653846,0, 0, 0, 0, 0, 0, 0, 0, 0, 0, 0
9051,-0.037037, 0.740741, 0.692308,0, 0, 0, 0, 0, 0, 0, 0, 0, 0, 0
9061,-0.037037, 0.740741, 0.730769,0, 0, 0, 0, 0, 0, 0, 0, 0, 0, 0
9072,-0.074074, 0.703704, 0.769231,0, 0, 0, 0, 0, 0, 0, 0, 0, 0, 0
9081,-0.037037, 0.703704, 0.769231,0, 0, 0, 0, 0, 0, 0, 0, 0, 0, 0
9092,-0.037037, 0.666667, 0.769231,0, 0, 0, 0, 0, 0, 0, 0, 0, 0, 0
9102,-0.037037, 0.666667, 0.807692,0, 0, 0, 0, 0, 0, 0, 0, 0, 0, 0
9111,-0.037037, 0.629630, 0.807692,0, 0, 0, 0, 0, 0, 0, 0, 0, 0, 0
9121,-0.037037, 0.629630, 0.807692,0, 0, 0, 0, 0, 0, 0, 0, 0, 0, 0
9131,-0.074074, 0.592593, 0.807692,0, 0, 0, 0, 0, 0, 0, 0, 0, 0, 0
9142,-0.074074, 0.555556, 0.846154,0, 0, 0, 0, 0, 0, 0, 0, 0, 0, 0
9151,-0.074074, 0.518519, 0.846154,0, 0, 0, 0, 0, 0, 0, 0, 0, 0, 0
9161,-0.074074, 0.481481, 0.884615,0, 0, 0, 0, 0, 0, 0, 0, 0, 0, 0
9171,-0.074074, 0.481481, 0.884615,0, 0, 0, 0, 0, 0, 0, 0, 0, 0, 0
9193,-0.037037, 0.407407, 0.884615,0, 0, 0, 0, 0, 0, 0, 0, 0, 0, 0
9208,-0.074074, 0.370370, 0.923077,0, 0, 0, 0, 0, 0, 0, 0, 0, 0, 0
9212,-0.037037, 0.370370, 0.923077,0, 0, 0, 0, 0, 0, 0, 0, 0, 0, 0
9223,-0.037037, 0.333333, 0.923077,0, 0, 0, 0, 0, 0, 0, 0, 0, 0, 0
9232,-0.074074, 0.296296, 0.923077,0, 0, 0, 0, 0, 0, 0, 0, 0, 0, 0
9243,-0.074074, 0.296296, 0.923077,0, 0, 0, 0, 0, 0, 0, 0, 0, 0, 0
9254,-0.074074, 0.259259, 0.923077,0, 0, 0, 0, 0, 0, 0, 0, 0, 0, 0
9264,-0.074074, 0.222222, 0.923077,0, 0, 0, 0, 0, 0, 0, 0, 0, 0, 0
9275,-0.074074, 0.222222, 0.923077,0, 0, 0, 0, 0, 0, 0, 0, 0, 0, 0
9284,-0.074074, 0.185185, 0.961538,0, 0, 0, 0, 0, 0, 0, 0, 0, 0, 0
9296,-0.074074, 0.148148, 0.961538,0, 0, 0, 0, 0, 0, 0, 0, 0, 0, 0
9305,-0.074074, 0.148148, 0.961538,0, 0, 0, 0, 0, 0, 0, 0, 0, 0, 0
9315,-0.074074, 0.111111, 0.961538,0, 0, 0, 0, 0, 0, 0, 0, 0, 0, 0
9324,-0.074074, 0.074074, 0.961538,0, 0, 0, 0, 0, 0, 0, 0, 0, 0, 0
9335,-0.074074, 0.037037, 0.961538,0, 0, 0, 0, 0, 0, 0, 0, 0, 0, 0
9344,-0.074074, 0.000000, 0.961538,0, 0, 0, 0, 0, 0, 0, 0, 0, 0, 0
9355,-0.074074, -0.037037, 0.961538,0, 0, 0, 0, 0, 0, 0, 0, 0, 0, 0
9366,-0.074074, -0.037037, 0.961538,0, 0, 0, 0, 0, 0, 0, 0, 0, 0, 0
9375,-0.074074, -0.074074, 0.961538,0, 0, 0, 0, 0, 0, 0, 0, 0, 0, 0
9392,-0.074074, -0.074074, 0.961538,0, 0, 0, 0, 0, 0, 0, 0, 0, 0, 0
9408,-0.111111, -0.111111, 0.961538,0, 0, 0, 0, 0, 0, 0, 0, 0, 0, 0
9410,-0.111111, -0.111111, 0.961538,0, 0, 0, 0, 0, 0, 0, 0, 0, 0, 0
9415,-0.111111, -0.148148, 0.961538,0, 0, 0, 0, 0, 0, 0, 0, 0, 0, 0
9426,-0.111111, -0.185185, 0.961538,0, 0, 0, 0, 0, 0, 0, 0, 0, 0, 0
9435,-0.111111, -0.222222, 0.961538,0, 0, 0, 0, 0, 0, 0, 0, 0, 0, 0
9446,-0.111111, -0.222222, 0.961538,0, 0, 0, 0, 0, 0, 0, 0, 0, 0, 0
9455,-0.074074, -0.259259, 0.923077,0, 0, 0, 0, 0, 0, 0, 0, 0, 0, 0
9465,-0.074074, -0.296296, 0.923077,0, 0, 0, 0, 0, 0, 0, 0, 0, 0, 0
9477,-0.074074, -0.333333, 0.923077,0, 0, 0, 0, 0, 0, 0, 0, 0, 0, 0
9487,-0.111111, -0.333333, 0.884615,0, 0, 0, 0, 0, 0, 0, 0, 0, 0, 0
9497,-0.111111, -0.333333, 0.884615,0, 0, 0, 0, 0, 0, 0, 0, 0, 0, 0
9507,-0.074074, -0.370370, 0.884615,0, 0, 0, 0, 0, 0, 0, 0, 0, 0, 0
9517,-0.111111, -0.407407, 0.884615,0, 0, 0, 0, 0, 0, 0, 0, 0, 0, 0
9527,-0.111111, -0.407407, 0.884615,0, 0, 0, 0, 0, 0, 0, 0, 0, 0, 0
9537,-0.111111, -0.444444, 0.884615,0, 0, 0, 0, 0, 0, 0, 0, 0, 0, 0
9547,-0.111111, -0.444444, 0.846154,0, 0, 0, 0, 0, 0, 0, 0, 0, 0, 0
9557,-0.111111, -0.481481, 0.846154,0, 0, 0, 0, 0, 0, 0, 0, 0, 0, 0
9567,-0.111111, -0.481481, 0.807692,0, 0, 0, 0, 0, 0, 0, 0, 0, 0, 0
9576,-0.111111, -0.518519, 0.807692,0, 0, 0, 0, 0, 0, 0, 0, 0, 0, 0
9593,-0.111111, -0.518519, 0.807692,0, 0, 0, 0, 0, 0, 0, 0, 0, 0, 0
9607,-0.111111, -0.555556, 0.769231,0, 0, 0, 0, 0, 0, 0, 0, 0, 0, 0
9610,-0.111111, -0.592593, 0.769231,0, 0, 0, 0, 0, 0, 0, 0, 0, 0, 0
9618,-0.111111, -0.592593, 0.769231,0, 0, 0, 0, 0, 0, 0, 0, 0, 0, 0
9627,-0.111111, -0.592593, 0.730769,0, 0, 0, 0, 0, 0, 0, 0, 0, 0, 0
9638,-0.111111, -0.629630, 0.692308,0, 0, 0, 0, 0, 0, 0, 0, 0, 0, 0
9647,-0.111111, -0.629630, 0.692308,0, 0, 0, 0, 0, 0, 0, 0, 0, 0, 0
9659,-0.111111, -0.666667, 0.692308,0, 0, 0, 0, 0, 0, 0, 0, 0, 0, 0
9669,-0.111111, -0.666667, 0.653846,0, 0, 0, 0, 0, 0, 0, 0, 0, 0, 0
9679,-0.111111, -0.703704, 0.615385,0, 0, 0, 0, 0, 0, 0, 0, 0, 0, 0
9689,-0.074074, -0.703704, 0.615385,0, 0, 0, 0, 0, 0, 0, 0, 0, 0, 0
9699,-0.074074, -0.703704, 0.615385,0, 0, 0, 0, 0, 0, 0, 0, 0, 0, 0
9710,-0.074074, -0.740741, 0.615385,0, 0, 0, 0, 0, 0, 0, 0, 0, 0, 0
9719,-0.074074, -0.740741, 0.615385,0, 0, 0, 0, 0, 0, 0, 0, 0, 0, 0
9729,-0.111111, -0.777778, 0.576923,0, 0, 0, 0, 0, 0, 0, 0, 0, 0, 0
9739,-0.074074, -0.814815, 0.538462,0, 0, 0, 0, 0, 0, 0, 0, 0, 0, 0
9749,-0.074074, -0.814815, 0.538462,0, 0, 0, 0, 0, 0, 0, 0, 0, 0, 0
9761,-0.111111, -0.814815, 0.538462,0, 0, 0, 0, 0, 0, 0, 0, 0, 0, 0
9771,-0.111111, -0.851852, 0.500000,0, 0, 0, 0, 0, 0, 0, 0, 0, 0, 0
9792,-0.111111, -0.851852, 0.461538,0, 0, 0, 0, 0, 0, 0, 0, 0, 0, 0
9794,-0.111111, -0.851852, 0.461538,0, 0, 0, 0, 0, 0, 0, 0, 0, 0, 0
9807,-0.074074, -0.851852, 0.423077,0, 0, 0, 0, 0, 0, 0, 0, 0, 0, 0
9810,-0.074074, -0.888889, 0.423077,0, 0, 0, 0, 0, 0, 0, 0, 0, 0, 0
9821,-0.074074, -0.888889, 0.384615,0, 0, 0, 0, 0, 0, 0, 0, 0, 0, 0
9832,-0.074074, -0.888889, 0.384615,0, 0, 0, 0, 0, 0, 0, 0, 0, 0, 0
9842,-0.074074, -0.888889, 0.346154,0, 0, 0, 0, 0, 0, 0, 0, 0, 0, 0
9851,-0.074074, -0.888889, 0.346154,0, 0, 0, 0, 0, 0, 0, 0, 0, 0, 0
9861,-0.037037, -0.888889, 0.307692,0, 0, 0, 0, 0, 0, 0, 0, 0, 0, 0
9871,-0.037037, -0.888889, 0.307692,0, 0, 0, 0, 0, 0, 0, 0, 0, 0, 0
9881,-0.074074, -0.888889, 0.269231,0, 0, 0, 0, 0, 0, 0, 0, 0, 0, 0
9892,-0.074074, -0.888889, 0.269231,0, 0, 0, 0, 0, 0, 0, 0, 0, 0, 0
9901,-0.074074, -0.925926, 0.230769,0, 0, 0, 0, 0, 0, 0, 0, 0, 0, 0
9912,-0.074074, -0.925926, 0.230769,0, 0, 0, 0, 0, 0, 0, 0, 0, 0, 0
9922,-0.074074, -0.925926, 0.192308,0, 0, 0, 0, 0, 0, 0, 0, 0, 0, 0
9931,-0.037037, -0.925926, 0.192308,0, 0, 0, 0, 0, 0, 0, 0, 0, 0, 0
9941,-0.074074, -0.925926, 0.192308,0, 0, 0, 0, 0, 0, 0, 0, 0, 0, 0
9952,-0.037037, -0.925926, 0.153846,0, 0, 0, 0, 0, 0, 0, 0, 0, 0, 0
9963,-0.037037, -0.925926, 0.115385,0, 0, 0, 0, 0, 0, 0, 0, 0, 0, 0
9972,-0.037037, -0.925926, 0.115385,0, 0, 0, 0, 0, 0, 0, 0, 0, 0, 0
9992,-0.037037, -0.925926, 0.076923,0, 0, 0, 0, 0, 0, 0, 0, 0, 0, 0
10007,-0.037037, -0.962963, 0.076923,0, 0, 0, 0, 0, 0, 0, 0, 0, 0, 0
10012,-0.037037, -0.962963, 0.076923,0, 0, 0, 0, 0, 0, 0, 0, 0, 0, 0
10024,-0.037037, -0.962963, 0.038462,0, 0, 0, 0, 0, 0, 0, 0, 0, 0, 0
10034,0.000000, -0.925926, 0.038462,0, 0, 0, 0, 0, 0, 0, 0, 0, 0, 0
10042,0.000000, -0.925926, 0.038462,0, 0, 0, 0, 0, 0, 0, 0, 0, 0, 0
10054,-0.037037, -0.962963, 0.038462,0, 0, 0, 0, 0, 0, 0, 0, 0, 0, 0
10064,-0.037037, -0.962963, 0.000000,0, 0, 0, 0, 0, 0, 0, 0, 0, 0, 0
10074,-0.037037, -0.962963, 0.000000,0, 0, 0, 0, 0, 0, 0, 0, 0, 0, 0
10086,-0.037037, -0.962963, 0.000000,0, 0, 0, 0, 0, 0, 0, 0, 0, 0, 0
10096,-0.037037, -0.962963, -0.038462,0, 0, 0, 0, 0, 0, 0, 0, 0, 0, 0
10110,-0.037037, -0.962963, -0.038462,0, 0, 0, 0, 0, 0, 0, 0, 0, 0, 0
10115,0.000000, -0.962963, -0.076923,0, 0, 0, 0, 0, 0, 0, 0, 0, 0, 0
10126,0.000000, -0.925926, -0.076923,0, 0, 0, 0, 0, 0, 0, 0, 0, 0, 0
10135,0.000000, -0.925926, -0.076923,0, 0, 0, 0, 0, 0, 0, 0, 0, 0, 0
10146,-0.037037, -0.925926, -0.076923,0, 0, 0, 0, 0, 0, 0, 0, 0, 0, 0
10155,-0.037037, -0.962963, -0.076923,0, 0, 0, 0, 0, 0, 0, 0, 0, 0, 0
10165,-0.037037, -0.962963, -0.076923,0, 0, 0, 0, 0, 0, 0, 0, 0, 0, 0
10176,-0.037037, -0.962963, -0.115385,0, 0, 0, 0, 0, 0, 0, 0, 0, 0, 0
10193,-0.037037, -0.962963, -0.115385,0, 0, 0, 0, 0, 0, 0, 0, 0, 0, 0
10208,-0.037037, -0.962963, -0.115385,0, 0, 0, 0, 0, 0, 0, 0, 0, 0, 0
10209,-0.037037, -0.962963, -0.115385,0, 0, 0, 0, 0, 0, 0, 0, 0, 0, 0
10217,-0.037037, -0.962963, -0.115385,0, 0, 0, 0, 0, 0, 0, 0, 0, 0, 0
10227,-0.037037, -0.962963, -0.153846,0, 0, 0, 0, 0, 0, 0, 0, 0, 0, 0
10237,-0.037037, -0.962963, -0.153846,0, 0, 0, 0, 0, 0, 0, 0, 0, 0, 0
10248,-0.037037, -0.962963, -0.153846,0, 0, 0, 0, 0, 0, 0, 0, 0, 0, 0
10258,-0.037037, -0.962963, -0.153846,0, 0, 0, 0, 0, 0, 0, 0, 0, 0, 0
10267,-0.037037, -0.962963, -0.153846,0, 0, 0, 0, 0, 0, 0, 0, 0, 0, 0
10277,0.000000, -0.962963, -0.153846,0, 0, 0, 0, 0, 0, 0, 0, 0, 0, 0
10288,0.000000, -0.962963, -0.153846,0, 0, 0, 0, 0, 0, 0, 0, 0, 0, 0
10297,0.000000, -0.962963, -0.153846,0, 0, 0, 0, 0, 0, 0, 0, 0, 0, 0
10308,0.000000, -0.962963, -0.115385,0, 0, 0, 0, 0, 0, 0, 0, 0, 0, 0
10318,-0.037037, -0.962963, -0.115385,0, 0, 0, 0, 0, 0, 0, 0, 0, 0, 0
10327,-0.037037, -1.000000, -0.115385,0, 0, 0, 0, 0, 0, 0, 0, 0, 0, 0
10339,-0.037037, -1.000000, -0.115385,0, 0, 0, 0, 0, 0, 0, 0, 0, 0, 0
10348,-0.037037, -0.962963, -0.076923,0, 0, 0, 0, 0, 0, 0, 0, 0, 0, 0
10359,-0.037037, -0.962963, -0.076923,0, 0, 0, 0, 0, 0, 0, 0, 0, 0, 0
10369,0.000000, -0.962963, -0.038462,0, 0, 0, 0, 0, 0, 0, 0, 0, 0, 0
10379,0.000000, -0.962963, -0.038462,0, 0, 0, 0, 0, 0, 0, 0, 0, 0, 0
10395,-0.037037, -0.962963, -0.038462,0, 0, 0, 0, 0, 0, 0, 0, 0, 0, 0
10409,0.000000, -0.962963, 0.000000,0, 0, 0, 0, 0, 0, 0, 0, 0, 0, 0
10411,0.000000, -0.962963, 0.038462,0, 0, 0, 0, 0, 0, 0, 0, 0, 0, 0
10419,0.000000, -0.962963, 0.038462,0, 0, 0, 0, 0, 0, 0, 0, 0, 0, 0
10429,0.000000, -0.925926, 0.038462,0, 0, 0, 0, 0, 0, 0, 0, 0, 0, 0
10439,0.000000, -0.925926, 0.076923,0, 0, 0, 0, 0, 0, 0, 0, 0, 0, 0
10449,0.000000, -0.925926, 0.115385,0, 0, 0, 0, 0, 0, 0, 0, 0, 0, 0
10459,-0.037037, -0.925926, 0.153846,0, 0, 0, 0, 0, 0, 0, 0, 0, 0, 0
10469,-0.037037, -0.925926, 0.192308,0, 0, 0, 0, 0, 0, 0, 0, 0, 0, 0
10479,0.000000, -0.925926, 0.153846,0, 0, 0, 0, 0, 0, 0, 0, 0, 0, 0
10489,0.000000, -0.925926, 0.192308,0, 0, 0, 0, 0, 0, 0, 0, 0, 0, 0
10501,0.000000, -0.962963, 0.192308,0, 0, 0, 0, 0, 0, 0, 0, 0, 0, 0
10511,0.000000, -0.962963, 0.230769,0, 0, 0, 0, 0, 0, 0, 0, 0, 0, 0
10521,0.000000, -0.962963, 0.230769,0, 0, 0, 0, 0, 0, 0, 0, 0, 0, 0
10531,0.000000, -0.925926, 0.269231,0, 0, 0, 0, 0, 0, 0, 0, 0, 0, 0
10541,0.000000, -0.925926, 0.307692,0, 0, 0, 0, 0, 0, 0, 0, 0, 0, 0
10551,0.000000, -0.888889, 0.346154,0, 0, 0, 0, 0, 0, 0, 0, 0, 0, 0
10561,0.000000, -0.888889, 0.384615,0, 0, 0, 0, 0, 0, 0, 0, 0, 0, 0
10571,0.000000, -0.888889, 0.384615,0, 0, 0, 0, 0, 0, 0, 0, 0, 0, 0
10592,0.000000, -0.888889, 0.384615,0, 0, 0, 0, 0, 0, 0, 0, 0, 0, 0
10594,0.037037, -0.888889, 0.423077,0, 0, 0, 0, 0, 0, 0, 0, 0, 0, 0
10607,0.037037, -0.851852, 0.461538,0, 0, 0, 0, 0, 0, 0, 0, 0, 0, 0
10611,0.000000, -0.851852, 0.500000,0, 0, 0, 0, 0, 0, 0, 0, 0, 0, 0
10621,0.000000, -0.814815, 0.500000,0, 0, 0, 0, 0, 0, 0, 0, 0, 0, 0
10631,0.000000, -0.814815, 0.538462,0, 0, 0, 0, 0, 0, 0, 0, 0, 0, 0
10641,0.000000, -0.777778, 0.576923,0, 0, 0, 0, 0, 0, 0, 0, 0, 0, 0
10651,0.000000, -0.740741, 0.615385,0, 0, 0, 0, 0, 0, 0, 0, 0, 0, 0
10661,0.000000, -0.740741, 0.615385,0, 0, 0, 0, 0, 0, 0, 0, 0, 0, 0
10671,0.000000, -0.740741, 0.615385,0, 0, 0, 0, 0, 0, 0, 0, 0, 0, 0
10681,0.000000, -0.703704, 0.653846,0, 0, 0, 0, 0, 0, 0, 0, 0, 0, 0
10691,0.000000, -0.703704, 0.653846,0, 0, 0, 0, 0, 0, 0, 0, 0, 0, 0
10702,0.000000, -0.666667, 0.692308,0, 0, 0, 0, 0, 0, 0, 0, 0, 0, 0
10712,0.000000, -0.666667, 0.730769,0, 0, 0, 0, 0, 0, 0, 0, 0, 0, 0
10723,0.000000, -0.629630, 0.730769,0, 0, 0, 0, 0, 0, 0, 0, 0, 0, 0
10733,0.037037, -0.592593, 0.769231,0, 0, 0, 0, 0, 0, 0, 0, 0, 0, 0
10743,0.037037, -0.592593, 0.769231,0, 0, 0, 0, 0, 0, 0, 0, 0, 0, 0
10753,0.037037, -0.555556, 0.769231,0, 0, 0, 0, 0, 0, 0, 0, 0, 0, 0
10763,0.037037, -0.518519, 0.769231,0, 0, 0, 0, 0, 0, 0, 0, 0, 0, 0
10773,0.037037, -0.518519, 0.769231,0, 0, 0, 0, 0, 0, 0, 0, 0, 0, 0
10791,0.000000, -0.518519, 0.769231,0, 0, 0, 0, 0, 0, 0, 0, 0, 0, 0
10793,0.000000, -0.481481, 0.807692,0, 0, 0, 0, 0, 0, 0, 0, 0, 0, 0
10806,0.000000, -0.444444, 0.807692,0, 0, 0, 0, 0, 0, 0, 0, 0, 0, 0
10813,0.000000, -0.407407, 0.884615,0, 0, 0, 0, 0, 0, 0, 0, 0, 0, 0
10825,0.000000, -0.370370, 0.884615,0, 0, 0, 0, 0, 0, 0, 0, 0, 0, 0
10834,0.000000, -0.370370, 0.884615,0, 0, 0, 0, 0, 0, 0, 0, 0, 0, 0
10845,0.000000, -0.333333, 0.923077,0, 0, 0, 0, 0, 0, 0, 0, 0, 0, 0
10855,0.000000, -0.296296, 0.923077,0, 0, 0, 0, 0, 0, 0, 0, 0, 0, 0
10865,0.000000, -0.296296, 0.923077,0, 0, 0, 0, 0, 0, 0, 0, 0, 0, 0
10874,0.000000, -0.259259, 0.923077,0, 0, 0, 0, 0, 0, 0, 0, 0, 0, 0
10885,0.000000, -0.222222, 0.961538,0, 0, 0, 0, 0, 0, 0, 0, 0, 0, 0
10895,0.000000, -0.222222, 0.961538,0, 0, 0, 0, 0, 0, 0, 0, 0, 0, 0
10905,0.000000, -0.222222, 0.923077,0, 0, 0, 0, 0, 0, 0, 0, 0, 0, 0
10914,0.000000, -0.185185, 0.961538,0, 0, 0, 0, 0, 0, 0, 0, 0, 0, 0
10925,0.000000, -0.148148, 1.000000,0, 0, 0, 0, 0, 0, 0, 0, 0, 0, 0
10935,0.000000, -0.111111, 0.961538,0, 0, 0, 0, 0, 0, 0, 0, 0, 0, 0
10946,0.000000, -0.074074, 1.000000,0, 0, 0, 0, 0, 0, 0, 0, 0, 0, 0
10955,0.000000, -0.037037, 1.000000,0, 0, 0, 0, 0, 0, 0, 0, 0, 0, 0
10965,0.000000, -0.037037, 1.000000,0, 0, 0, 0, 0, 0, 0, 0, 0, 0, 0
10976,0.000000, 0.000000, 1.000000,0, 0, 0, 0, 0, 0, 0, 0, 0, 0, 0
10992,0.000000, 0.037037, 0.961538,0, 0, 0, 0, 0, 0, 0, 0, 0, 0, 0
11008,0.000000, 0.037037, 0.961538,0, 0, 0, 0, 0, 0, 0, 0, 0, 0, 0
11010,0.037037, 0.074074, 0.961538,0, 0, 0, 0, 0, 0, 0, 0, 0, 0, 0
11016,0.037037, 0.074074, 0.961538,0, 0, 0, 0, 0, 0, 0, 0, 0, 0, 0
11027,0.037037, 0.111111, 0.961538,0, 0, 0, 0, 0, 0, 0, 0, 0, 0, 0
11037,0.037037, 0.148148, 0.961538,0, 0, 0, 0, 0, 0, 0, 0, 0, 0, 0
11046,0.037037, 0.148148, 0.961538,0, 0, 0, 0, 0, 0, 0, 0, 0, 0, 0
11057,0.037037, 0.222222, 0.961538,0, 0, 0, 0, 0, 0, 0, 0, 0, 0, 0
11066,0.037037, 0.222222, 0.961538,0, 0, 0, 0, 0, 0, 0, 0, 0, 0, 0
11077,0.037037, 0.259259, 0.961538,0, 0, 0, 0, 0, 0, 0, 0, 0, 0, 0
11087,0.037037, 0.259259, 0.961538,0, 0, 0, 0, 0, 0, 0, 0, 0, 0, 0
11096,0.037037, 0.296296, 0.961538,0, 0, 0, 0, 0, 0, 0, 0, 0, 0, 0
11107,0.074074, 0.296296, 0.961538,0, 0, 0, 0, 0, 0, 0, 0, 0, 0, 0
11117,0.074074, 0.333333, 0.961538,0, 0, 0, 0, 0, 0, 0, 0, 0, 0, 0
11127,0.074074, 0.333333, 0.923077,0, 0, 0, 0, 0, 0, 0, 0, 0, 0, 0
11137,0.074074, 0.370370, 0.923077,0, 0, 0, 0, 0, 0, 0, 0, 0, 0, 0
11147,0.074074, 0.407407, 0.884615,0, 0, 0, 0, 0, 0, 0, 0, 0, 0, 0
11158,0.074074, 0.444444, 0.884615,0, 0, 0, 0, 0, 0, 0, 0, 0, 0, 0
11167,0.074074, 0.444444, 0.884615,0, 0, 0, 0, 0, 0, 0, 0, 0, 0, 0
11178,0.074074, 0.444444, 0.884615,0, 0, 0, 0, 0, 0, 0, 0, 0, 0, 0
11194,0.074074, 0.444444, 0.846154,0, 0, 0, 0, 0, 0, 0, 0, 0, 0, 0
11210,0.074074, 0.481481, 0.846154,0, 0, 0, 0, 0, 0, 0, 0, 0, 0, 0
11219,0.074074, 0.518519, 0.846154,0, 0, 0, 0, 0, 0, 0, 0, 0, 0, 0
11230,0.074074, 0.555556, 0.846154,0, 0, 0, 0, 0, 0, 0, 0, 0, 0, 0
11239,0.074074, 0.555556, 0.846154,0, 0, 0, 0, 0, 0, 0, 0, 0, 0, 0
11250,0.074074, 0.555556, 0.807692,0, 0, 0, 0, 0, 0, 0, 0, 0, 0, 0
11259,0.074074, 0.555556, 0.807692,0, 0, 0, 0, 0, 0, 0, 0, 0, 0, 0
11270,0.074074, 0.592593, 0.769231,0, 0, 0, 0, 0, 0, 0, 0, 0, 0, 0
11281,0.074074, 0.592593, 0.769231,0, 0, 0, 0, 0, 0, 0, 0, 0, 0, 0
11290,0.074074, 0.592593, 0.769231,0, 0, 0, 0, 0, 0, 0, 0, 0, 0, 0
11301,0.074074, 0.629630, 0.769231,0, 0, 0, 0, 0, 0, 0, 0, 0, 0, 0
11310,0.074074, 0.629630, 0.769231,0, 0, 0, 0, 0, 0, 0, 0, 0, 0, 0
11320,0.074074, 0.666667, 0.769231,0, 0, 0, 0, 0, 0, 0, 0, 0, 0, 0
11331,0.074074, 0.703704, 0.769231,0, 0, 0, 0, 0, 0, 0, 0, 0, 0, 0
11341,0.074074, 0.703704, 0.769231,0, 0, 0, 0, 0, 0, 0, 0, 0, 0, 0
11350,0.074074, 0.666667, 0.730769,0, 0, 0, 0, 0, 0, 0, 0, 0, 0, 0
11360,0.074074, 0.703704, 0.730769,0, 0, 0, 0, 0, 0, 0, 0, 0, 0, 0
11371,0.074074, 0.703704, 0.730769,0, 0, 0, 0, 0, 0, 0, 0, 0, 0, 0
11392,0.074074, 0.703704, 0.730769,0, 0, 0, 0, 0, 0, 0, 0, 0, 0, 0
11394,0.074074, 0.740741, 0.692308,0, 0, 0, 0, 0, 0, 0, 0, 0, 0, 0
11408,0.037037, 0.740741, 0.692308,0, 0, 0, 0, 0, 0, 0, 0, 0, 0, 0
11411,0.037037, 0.777778, 0.692308,0, 0, 0, 0, 0, 0, 0, 0, 0, 0, 0
11421,0.037037, 0.777778, 0.692308,0, 0, 0, 0, 0, 0, 0, 0, 0, 0, 0
11433,0.037037, 0.777778, 0.692308,0, 0, 0, 0, 0, 0, 0, 0, 0, 0, 0
11443,0.074074, 0.777778, 0.692308,0, 0, 0, 0, 0, 0, 0, 0, 0, 0, 0
11453,0.037037, 0.814815, 0.692308,0, 0, 0, 0, 0, 0, 0, 0, 0, 0, 0
11463,0.037037, 0.814815, 0.653846,0, 0, 0, 0, 0, 0, 0, 0, 0, 0, 0
11473,0.037037, 0.814815, 0.653846,0, 0, 0, 0, 0, 0, 0, 0, 0, 0, 0
11483,0.037037, 0.814815, 0.653846,0, 0, 0, 0, 0, 0, 0, 0, 0, 0, 0
11493,0.037037, 0.814815, 0.615385,0, 0, 0, 0, 0, 0, 0, 0, 0, 0, 0
11502,0.037037, 0.814815, 0.615385,0, 0, 0, 0, 0, 0, 0, 0, 0, 0, 0
11513,0.037037, 0.814815, 0.615385,0, 0, 0, 0, 0, 0, 0, 0, 0, 0, 0
11522,0.037037, 0.814815, 0.576923,0, 0, 0, 0, 0, 0, 0, 0, 0, 0, 0
11533,0.037037, 0.851852, 0.615385,0, 0, 0, 0, 0, 0, 0, 0, 0, 0, 0
11545,0.037037, 0.851852, 0.576923,0, 0, 0, 0, 0, 0, 0, 0, 0, 0, 0
11555,0.037037, 0.851852, 0.576923,0, 0, 0, 0, 0, 0, 0, 0, 0, 0, 0
11565,0.037037, 0.851852, 0.538462,0, 0, 0, 0, 0, 0, 0, 0, 0, 0, 0
11574,0.037037, 0.888889, 0.538462,0, 0, 0, 0, 0, 0, 0, 0, 0, 0, 0
11592,0.037037, 0.851852, 0.538462,0, 0, 0, 0, 0, 0, 0, 0, 0, 0, 0
11607,0.037037, 0.888889, 0.538462,0, 0, 0, 0, 0, 0, 0, 0, 0, 0, 0
11608,0.037037, 0.888889, 0.538462,0, 0, 0, 0, 0, 0, 0, 0, 0, 0, 0
11615,0.037037, 0.888889, 0.538462,0, 0, 0, 0, 0, 0, 0, 0, 0, 0, 0
11625,0.037037, 0.888889, 0.500000,0, 0, 0, 0, 0, 0, 0, 0, 0, 0, 0
11636,0.000000, 0.888889, 0.461538,0, 0, 0, 0, 0, 0, 0, 0, 0, 0, 0
11646,0.037037, 0.888889, 0.461538,0, 0, 0, 0, 0, 0, 0, 0, 0, 0, 0
11656,0.037037, 0.925926, 0.461538,0, 0, 0, 0, 0, 0, 0, 0, 0, 0, 0
11666,0.037037, 0.925926, 0.461538,0, 0, 0, 0, 0, 0, 0, 0, 0, 0, 0
11675,0.037037, 0.925926, 0.461538,0, 0, 0, 0, 0, 0, 0, 0, 0, 0, 0
11686,0.000000, 0.925926, 0.461538,0, 0, 0, 0, 0, 0, 0, 0, 0, 0, 0
11695,0.000000, 0.925926, 0.423077,0, 0, 0, 0, 0, 0, 0, 0, 0, 0, 0
11706,0.000000, 0.925926, 0.423077,0, 0, 0, 0, 0, 0, 0, 0, 0, 0, 0
11716,0.000000, 0.925926, 0.384615,0, 0, 0, 0, 0, 0, 0, 0, 0, 0, 0
11726,0.000000, 0.925926, 0.384615,0, 0, 0, 0, 0, 0, 0, 0, 0, 0, 0
11736,0.000000, 0.925926, 0.384615,0, 0, 0, 0, 0, 0, 0, 0, 0, 0, 0
11747,0.037037, 0.925926, 0.384615,0, 0, 0, 0, 0, 0, 0, 0, 0, 0, 0
11757,0.037037, 0.962963, 0.346154,0, 0, 0, 0, 0, 0, 0, 0, 0, 0, 0
11767,0.000000, 0.962963, 0.346154,0, 0, 0, 0, 0, 0, 0, 0, 0, 0, 0
11776,0.037037, 0.962963, 0.346154,0, 0, 0, 0, 0, 0, 0, 0, 0, 0, 0
11792,0.000000, 0.962963, 0.346154,0, 0, 0, 0, 0, 0, 0, 0, 0, 0, 0
11808,0.000000, 0.925926, 0.307692,0, 0, 0, 0, 0, 0, 0, 0, 0, 0, 0
11809,0.000000, 0.925926, 0.307692,0, 0, 0, 0, 0, 0, 0, 0, 0, 0, 0
11817,0.000000, 0.962963, 0.307692,0, 0, 0, 0, 0, 0, 0, 0, 0, 0, 0
11828,0.000000, 0.962963, 0.307692,0, 0, 0, 0, 0, 0, 0, 0, 0, 0, 0
11837,0.000000, 0.962963, 0.307692,0, 0, 0, 0, 0, 0, 0, 0, 0, 0, 0
11847,0.000000, 0.962963, 0.269231,0, 0, 0, 0, 0, 0, 0, 0, 0, 0, 0
11858,0.000000, 1.000000, 0.269231,0, 0, 0, 0, 0, 0, 0, 0, 0, 0, 0
11868,0.000000, 1.000000, 0.269231,0, 0, 0, 0, 0, 0, 0, 0, 0, 0, 0
11877,0.000000, 1.000000, 0.269231,0, 0, 0, 0, 0, 0, 0, 0, 0, 0, 0
11887,0.000000, 1.000000, 0.269231,0, 0, 0, 0, 0, 0, 0, 0, 0, 0, 0
11897,0.000000, 1.000000, 0.307692,0, 0, 0, 0, 0, 0, 0, 0, 0, 0, 0
11908,0.000000, 1.000000, 0.269231,0, 0, 0, 0, 0, 0, 0, 0, 0, 0, 0
11918,0.000000, 1.000000, 0.269231,0, 0, 0, 0, 0, 0, 0, 0, 0, 0, 0
11931,0.000000, 1.000000, 0.269231,0, 0, 0, 0, 0, 0, 0, 0, 0, 0, 0
11939,0.000000, 0.962963, 0.384615,0, 0, 0, 0, 0, 0, 0, 0, 0, 0, 0
11949,-0.037037, 1.000000, 0.538462,0, 0, 0, 0, 0, 0, 0, 0, 0, 0, 0
11959,-0.037037, 1.000000, 0.538462,0, 0, 0, 0, 0, 0, 0, 0, 0, 0, 0
11970,-0.037037, 1.037037, 0.500000,0, 0, 0, 0, 0, 0, 0, 0, 0, 0, 0
11979,-0.037037, 1.037037, 0.461538,0, 0, 0, 0, 0, 0, 0, 0, 0, 0, 0
11995,-0.037037, 1.037037, 0.423077,0, 0, 0, 0, 0, 0, 0, 0, 0, 0, 0
12010,-0.037037, 1.037037, 0.384615,0, 0, 0, 0, 0, 0, 0, 0, 0, 0, 0
12011,0.000000, 1.037037, 0.346154,0, 0, 0, 0, 0, 0, 0, 0, 0, 0, 0
12019,-0.037037, 1.037037, 0.307692,0, 0, 0, 0, 0, 0, 0, 0, 0, 0, 0
12030,-0.037037, 1.037037, 0.307692,0, 0, 0, 0, 0, 0, 0, 0, 0, 0, 0
12040,0.000000, 1.000000, 0.269231,0, 0, 0, 0, 0, 0, 0, 0, 0, 0, 0
12049,0.000000, 1.000000, 0.269231,0, 0, 0, 0, 0, 0, 0, 0, 0, 0, 0
12060,0.333333, 1.000000, 0.192308,0, 0, 0, 0, 0, 0, 0, 0, 0, 0, 0
12071,0.333333, 1.000000, 0.230769,0, 0, 0, 0, 0, 0, 0, 0, 0, 0, 0
12081,0.259259, 0.962963, 0.269231,0, 0, 0, 0, 0, 0, 0, 0, 0, 0, 0
12091,0.037037, 0.925926, 0.307692,0, 0, 0, 0, 0, 0, 0, 0, 0, 0, 0
12101,-0.222222, 0.888889, 0.230769,0, 0, 0, 0, 0, 0, 0, 0, 0, 0, 0
12111,-0.222222, 0.851852, 0.230769,0, 0, 0, 0, 0, 0, 0, 0, 0, 0, 0
12122,-0.185185, 0.888889, 0.230769,0, 0, 0, 0, 0, 0, 0, 0, 0, 0, 0
12137,-0.148148, 0.888889, 0.269231,0, 0, 0, 0, 0, 0, 0, 0, 0, 0, 0
12142,-0.074074, 0.925926, 0.346154,0, 0, 0, 0, 0, 0, 0, 0, 0, 0, 0
12151,-0.074074, 0.962963, 0.384615,0, 0, 0, 0, 0, 0, 0, 0, 0, 0, 0
12161,-0.037037, 0.962963, 0.423077,0, 0, 0, 0, 0, 0, 0, 0, 0, 0, 0
12171,-0.037037, 0.962963, 0.461538,0, 0, 0, 0, 0, 0, 0, 0, 0, 0, 0
12193,0.000000, 0.962963, 0.461538,0, 0, 0, 0, 0, 0, 0, 0, 0, 0, 0
12195,0.037037, 0.962963, 0.461538,0, 0, 0, 0, 0, 0, 0, 0, 0, 0, 0
12207,0.037037, 0.962963, 0.500000,0, 0, 0, 0, 0, 0, 0, 0, 0, 0, 0
12211,0.074074, 0.962963, 0.461538,0, 0, 0, 0, 0, 0, 0, 0, 0, 0, 0
12222,0.074074, 0.962963, 0.500000,0, 0, 0, 0, 0, 0, 0, 0, 0, 0, 0
12231,0.074074, 0.962963, 0.500000,0, 0, 0, 0, 0, 0, 0, 0, 0, 0, 0
12241,0.074074, 0.962963, 0.500000,0, 0, 0, 0, 0, 0, 0, 0, 0, 0, 0
12251,0.037037, 0.925926, 0.461538,0, 0, 0, 0, 0, 0, 0, 0, 0, 0, 0
12261,0.037037, 0.925926, 0.461538,0, 0, 0, 0, 0, 0, 0, 0, 0, 0, 0
12273,0.000000, 0.925926, 0.461538,0, 0, 0, 0, 0, 0, 0, 0, 0, 0, 0
12282,0.000000, 0.925926, 0.461538,0, 0, 0, 0, 0, 0, 0, 0, 0, 0, 0
12293,0.000000, 0.925926, 0.423077,0, 0, 0, 0, 0, 0, 0, 0, 0, 0, 0
12302,0.000000, 0.962963, 0.423077,0, 0, 0, 0, 0, 0, 0, 0, 0, 0, 0
12313,0.000000, 0.925926, 0.384615,0, 0, 0, 0, 0, 0, 0, 0, 0, 0, 0
12323,0.000000, 0.925926, 0.384615,0, 0, 0, 0, 0, 0, 0, 0, 0, 0, 0
12336,-0.037037, 0.925926, 0.346154,0, 0, 0, 0, 0, 0, 0, 0, 0, 0, 0
12342,-0.037037, 0.925926, 0.346154,0, 0, 0, 0, 0, 0, 0, 0, 0, 0, 0
12353,-0.037037, 0.925926, 0.346154,0, 0, 0, 0, 0, 0, 0, 0, 0, 0, 0
12367,-0.037037, 0.962963, 0.346154,0, 0, 0, 0, 0, 0, 0, 0, 0, 0, 0
12375,-0.037037, 0.925926, 0.346154,0, 0, 0, 0, 0, 0, 0, 0, 0, 0, 0
12392,-0.037037, 0.925926, 0.346154,0, 0, 0, 0, 0, 0, 0, 0, 0, 0, 0
12406,0.000000, 0.962963, 0.346154,0, 0, 0, 0, 0, 0, 0, 0, 0, 0, 0
12408,0.000000, 0.925926, 0.346154,0, 0, 0, 0, 0, 0, 0, 0, 0, 0, 0
12415,0.000000, 0.925926, 0.346154,0, 0, 0, 0, 0, 0, 0, 0, 0, 0, 0
12424,0.000000, 0.962963, 0.384615,0, 0, 0, 0, 0, 0, 0, 0, 0, 0, 0
12436,0.037037, 0.962963, 0.384615,0, 0, 0, 0, 0, 0, 0, 0, 0, 0, 0
12446,0.037037, 1.000000, 0.384615,0, 0, 0, 0, 0, 0, 0, 0, 0, 0, 0
12456,0.037037, 1.000000, 0.384615,0, 0, 0, 0, 0, 0, 0, 0, 0, 0, 0
12466,0.074074, 1.000000, 0.346154,0, 0, 0, 0, 0, 0, 0, 0, 0, 0, 0
12477,0.074074, 1.000000, 0.346154,0, 0, 0, 0, 0, 0, 0, 0, 0, 0, 0
12485,0.074074, 1.000000, 0.346154,0, 0, 0, 0, 0, 0, 0, 0, 0, 0, 0
12496,0.037037, 1.000000, 0.346154,0, 0, 0, 0, 0, 0, 0, 0, 0, 0, 0
12506,0.037037, 0.962963, 0.346154,0, 0, 0, 0, 0, 0, 0, 0, 0, 0, 0
12516,0.037037, 0.962963, 0.346154,0, 0, 0, 0, 0, 0, 0, 0, 0, 0, 0
12526,0.000000, 0.962963, 0.346154,0, 0, 0, 0, 0, 0, 0, 0, 0, 0, 0
12537,0.000000, 0.962963, 0.346154,0, 0, 0, 0, 0, 0, 0, 0, 0, 0, 0
12547,0.000000, 0.962963, 0.307692,0, 0, 0, 0, 0, 0, 0, 0, 0, 0, 0
12556,0.000000, 0.962963, 0.307692,0, 0, 0, 0, 0, 0, 0, 0, 0, 0, 0
12567,0.037037, 1.000000, 0.307692,0, 0, 0, 0, 0, 0, 0, 0, 0, 0, 0
12577,0.037037, 1.000000, 0.307692,0, 0, 0, 0, 0, 0, 0, 0, 0, 0, 0
12594,0.037037, 0.962963, 0.307692,0, 0, 0, 0, 0, 0, 0, 0, 0, 0, 0
12609,0.037037, 0.962963, 0.307692,0, 0, 0, 0, 0, 0, 0, 0, 0, 0, 0
12611,0.000000, 0.962963, 0.307692,0, 0, 0, 0, 0, 0, 0, 0, 0, 0, 0
12617,0.000000, 0.962963, 0.307692,0, 0, 0, 0, 0, 0, 0, 0, 0, 0, 0
12627,0.000000, 0.962963, 0.307692,0, 0, 0, 0, 0, 0, 0, 0, 0, 0, 0
12638,0.037037, 0.962963, 0.307692,0, 0, 0, 0, 0, 0, 0, 0, 0, 0, 0
12648,0.037037, 1.000000, 0.307692,0, 0, 0, 0, 0, 0, 0, 0, 0, 0, 0
12658,0.037037, 1.000000, 0.307692,0, 0, 0, 0, 0, 0, 0, 0, 0, 0, 0
12668,0.037037, 1.000000, 0.307692,0, 0, 0, 0, 0, 0, 0, 0, 0, 0, 0
12677,0.037037, 0.962963, 0.307692,0, 0, 0, 0, 0, 0, 0, 0, 0, 0, 0
12687,0.037037, 0.962963, 0.307692,0, 0, 0, 0, 0, 0, 0, 0, 0, 0, 0
12698,0.037037, 1.000000, 0.307692,0, 0, 0, 0, 0, 0, 0, 0, 0, 0, 0
12707,0.037037, 1.000000, 0.307692,0, 0, 0, 0, 0, 0, 0, 0, 0, 0, 0
12719,0.037037, 0.962963, 0.307692,0, 0, 0, 0, 0, 0, 0, 0, 0, 0, 0
12729,0.037037, 0.962963, 0.307692,0, 0, 0, 0, 0, 0, 0, 0, 0, 0, 0
12739,0.037037, 1.000000, 0.269231,0, 0, 0, 0, 0, 0, 0, 0, 0, 0, 0
12749,0.037037, 0.962963, 0.307692,0, 0, 0, 0, 0, 0, 0, 0, 0, 0, 0
12759,0.037037, 0.962963, 0.307692,0, 0, 0, 0, 0, 0, 0, 0, 0, 0, 0
12769,0.000000, 0.962963, 0.307692,0, 0, 0, 0, 0, 0, 0, 0, 0, 0, 0
12779,0.000000, 0.962963, 0.307692,0, 0, 0, 0, 0, 0, 0, 0, 0, 0, 0
12795,0.037037, 0.962963, 0.307692,0, 0, 0, 0, 0, 0, 0, 0, 0, 0, 0
12809,0.000000, 0.962963, 0.307692,0, 0, 0, 0, 0, 0, 0, 0, 0, 0, 0
12811,0.000000, 0.962963, 0.307692,0, 0, 0, 0, 0, 0, 0, 0, 0, 0, 0
12820,0.000000, 0.962963, 0.307692,0, 0, 0, 0, 0, 0, 0, 0, 0, 0, 0
12830,0.000000, 0.962963, 0.307692,0, 0, 0, 0, 0, 0, 0, 0, 0, 0, 0
12841,0.037037, 1.000000, 0.307692,0, 0, 0, 0, 0, 0, 0, 0, 0, 0, 0
12850,0.037037, 0.962963, 0.307692,0, 0, 0, 0, 0, 0, 0, 0, 0, 0, 0
12861,0.000000, 0.962963, 0.307692,0, 0, 0, 0, 0, 0, 0, 0, 0, 0, 0
12871,0.000000, 0.962963, 0.307692,0, 0, 0, 0, 0, 0, 0, 0, 0, 0, 0
12880,0.000000, 0.962963, 0.307692,0, 0, 0, 0, 0, 0, 0, 0, 0, 0, 0
12891,0.000000, 0.962963, 0.307692,0, 0, 0, 0, 0, 0, 0, 0, 0, 0, 0
12900,0.037037, 0.962963, 0.307692,0, 0, 0, 0, 0, 0, 0, 0, 0, 0, 0
12911,0.037037, 0.962963, 0.307692,0, 0, 0, 0, 0, 0, 0, 0, 0, 0, 0
12922,0.037037, 0.962963, 0.269231,0, 0, 0, 0, 0, 0, 0, 0, 0, 0, 0
12931,0.037037, 0.962963, 0.269231,0, 0, 0, 0, 0, 0, 0, 0, 0, 0, 0
12941,0.037037, 0.962963, 0.269231,0, 0, 0, 0, 0, 0, 0, 0, 0, 0, 0
12952,0.037037, 0.962963, 0.307692,0, 0, 0, 0, 0, 0, 0, 0, 0, 0, 0
