98,0.000000, 0.037037, 1.000000,0, 0, 0, 0, 0, 0, 0, 0, 0, 0, 0
108,0.000000, 0.037037, 1.000000,0, 0, 0, 0, 0, 0, 0, 0, 0, 0, 0
118,0.000000, 0.037037, 1.000000,0, 0, 0, 0, 0, 0, 0, 0, 0, 0, 0
128,0.000000, 0.037037, 1.000000,0, 0, 0, 0, 0, 0, 0, 0, 0, 0, 0
138,0.000000, 0.037037, 1.000000,0, 0, 0, 0, 0, 0, 0, 0, 0, 0, 0
148,0.000000, 0.037037, 1.000000,0, 0, 0, 0, 0, 0, 0, 0, 0, 0, 0
158,0.000000, 0.037037, 1.000000,0, 0, 0, 0, 0, 0, 0, 0, 0, 0, 0
168,0.000000, 0.037037, 1.000000,0, 0, 0, 0, 0, 0, 0, 0, 0, 0, 0
178,0.037037, 0.037037, 1.000000,0, 0, 0, 0, 0, 0, 0, 0, 0, 0, 0
201,0.000000, 0.037037, 1.000000,0, 0, 0, 0, 0, 0, 0, 0, 0, 0, 0
202,0.000000, 0.037037, 1.000000,0, 0, 0, 0, 0, 0, 0, 0, 0, 0, 0
215,0.000000, 0.037037, 1.000000,0, 0, 0, 0, 0, 0, 0, 0, 0, 0, 0
219,0.000000, 0.037037, 1.000000,0, 0, 0, 0, 0, 0, 0, 0, 0, 0, 0
229,0.000000, 0.037037, 1.000000,0, 0, 0, 0, 0, 0, 0, 0, 0, 0, 0
239,0.000000, 0.037037, 1.000000,0, 0, 0, 0, 0, 0, 0, 0, 0, 0, 0
249,0.000000, 0.037037, 1.000000,0, 0, 0, 0, 0, 0, 0, 0, 0, 0, 0
259,0.000000, 0.037037, 1.000000,0, 0, 0, 0, 0, 0, 0, 0, 0, 0, 0
269,0.000000, 0.037037, 1.000000,0, 0, 0, 0, 0, 0, 0, 0, 0, 0, 0
279,0.000000, 0.037037, 1.000000,0, 0, 0, 0, 0, 0, 0, 0, 0, 0, 0
289,0.000000, 0.037037, 0.961538,0, 0, 0, 0, 0, 0, 0, 0, 0, 0, 0
299,0.037037, 0.037037, 1.000000,0, 0, 0, 0, 0, 0, 0, 0, 0, 0, 0
309,0.000000, 0.037037, 1.000000,0, 0, 0, 0, 0, 0, 0, 0, 0, 0, 0
319,0.000000, 0.037037, 1.000000,0, 0, 0, 0, 0, 0, 0, 0, 0, 0, 0
330,0.000000, 0.037037, 1.000000,0, 0, 0, 0, 0, 0, 0, 0, 0, 0, 0
340,0.000000, 0.037037, 1.000000,0, 0, 0, 0, 0, 0, 0, 0, 0, 0, 0
350,0.000000, 0.037037, 1.000000,0, 0, 0, 0, 0, 0, 0, 0, 0, 0, 0
360,0.000000, 0.037037, 1.000000,0, 0, 0, 0, 0, 0, 0, 0, 0, 0, 0
370,0.000000, 0.037037, 1.000000,0, 0, 0, 0, 0, 0, 0, 0, 0, 0, 0
380,0.000000, 0.037037, 1.000000,0, 0, 0, 0, 0, 0, 0, 0, 0, 0, 0
399,0.000000, 0.037037, 1.000000,0, 0, 0, 0, 0, 0, 0, 0, 0, 0, 0
400,0.000000, 0.037037, 1.000000,0, 0, 0, 0, 0, 0, 0, 0, 0, 0, 0
414,0.000000, 0.037037, 1.000000,0, 0, 0, 0, 0, 0, 0, 0, 0, 0, 0
420,0.000000, 0.037037, 1.000000,0, 0, 0, 0, 0, 0, 0, 0, 0, 0, 0
430,0.000000, 0.037037, 1.000000,0, 0, 0, 0, 0, 0, 0, 0, 0, 0, 0
440,0.037037, 0.037037, 1.000000,0, 0, 0, 0, 0, 0, 0, 0, 0, 0, 0
450,0.000000, 0.037037, 1.000000,0, 0, 0, 0, 0, 0, 0, 0, 0, 0, 0
460,0.000000, 0.037037, 1.000000,0, 0, 0, 0, 0, 0, 0, 0, 0, 0, 0
472,0.000000, 0.037037, 1.000000,0, 0, 0, 0, 0, 0, 0, 0, 0, 0, 0
482,0.037037, 0.037037, 1.000000,0, 0, 0, 0, 0, 0, 0, 0, 0, 0, 0
492,0.000000, 0.037037, 1.000000,0, 0, 0, 0, 0, 0, 0, 0, 0, 0, 0
503,0.000000, 0.037037, 1.000000,0, 0, 0, 0, 0, 0, 0, 0, 0, 0, 0
513,0.000000, 0.037037, 1.000000,0, 0, 0, 0, 0, 0, 0, 0, 0, 0, 0
523,0.037037, 0.037037, 1.000000,0, 0, 0, 0, 0, 0, 0, 0, 0, 0, 0
533,0.000000, 0.037037, 1.000000,0, 0, 0, 0, 0, 0, 0, 0, 0, 0, 0
543,0.000000, 0.037037, 1.000000,0, 0, 0, 0, 0, 0, 0, 0, 0, 0, 0
554,0.000000, 0.037037, 1.000000,0, 0, 0, 0, 0, 0, 0, 0, 0, 0, 0
564,0.000000, 0.037037, 1.000000,0, 0, 0, 0, 0, 0, 0, 0, 0, 0, 0
574,0.000000, 0.037037, 1.000000,0, 0, 0, 0, 0, 0, 0, 0, 0, 0, 0
584,0.000000, 0.037037, 1.000000,0, 0, 0, 0, 0, 0, 0, 0, 0, 0, 0
600,0.000000, 0.037037, 1.000000,0, 0, 0, 0, 0, 0, 0, 0, 0, 0, 0
615,0.000000, 0.037037, 1.000000,0, 0, 0, 0, 0, 0, 0, 0, 0, 0, 0
617,0.000000, 0.074074, 1.000000,0, 0, 0, 0, 0, 0, 0, 0, 0, 0, 0
624,0.000000, 0.037037, 1.000000,0, 0, 0, 0, 0, 0, 0, 0, 0, 0, 0
634,0.000000, 0.074074, 1.000000,0, 0, 0, 0, 0, 0, 0, 0, 0, 0, 0
644,0.000000, 0.037037, 1.000000,0, 0, 0, 0, 0, 0, 0, 0, 0, 0, 0
655,0.000000, 0.037037, 1.000000,0, 0, 0, 0, 0, 0, 0, 0, 0, 0, 0
665,0.037037, 0.037037, 1.000000,0, 0, 0, 0, 0, 0, 0, 0, 0, 0, 0
675,0.000000, 0.037037, 1.000000,0, 0, 0, 0, 0, 0, 0, 0, 0, 0, 0
685,0.000000, 0.037037, 1.000000,0, 0, 0, 0, 0, 0, 0, 0, 0, 0, 0
697,0.000000, 0.037037, 1.000000,0, 0, 0, 0, 0, 0, 0, 0, 0, 0, 0
707,0.037037, 0.037037, 1.000000,0, 0, 0, 0, 0, 0, 0, 0, 0, 0, 0
717,0.037037, 0.037037, 1.000000,0, 0, 0, 0, 0, 0, 0, 0, 0, 0, 0
727,0.037037, 0.037037, 1.000000,0, 0, 0, 0, 0, 0, 0, 0, 0, 0, 0
737,0.037037, 0.037037, 1.000000,0, 0, 0, 0, 0, 0, 0, 0, 0, 0, 0
749,0.037037, 0.037037, 0.961538,0, 0, 0, 0, 0, 0, 0, 0, 0, 0, 0
758,0.037037, 0.037037, 1.000000,0, 0, 0, 0, 0, 0, 0, 0, 0, 0, 0
768,0.000000, 0.037037, 1.000000,0, 0, 0, 0, 0, 0, 0, 0, 0, 0, 0
778,0.000000, 0.037037, 1.000000,0, 0, 0, 0, 0, 0, 0, 0, 0, 0, 0
800,0.000000, 0.037037, 1.000000,0, 0, 0, 0, 0, 0, 0, 0, 0, 0, 0
802,0.000000, 0.037037, 1.000000,0, 0, 0, 0, 0, 0, 0, 0, 0, 0, 0
815,0.000000, 0.037037, 1.000000,0, 0, 0, 0, 0, 0, 0, 0, 0, 0, 0
819,0.000000, 0.037037, 1.000000,0, 0, 0, 0, 0, 0, 0, 0, 0, 0, 0
835,0.037037, 0.037037, 0.961538,0, 0, 0, 0, 0, 0, 0, 0, 0, 0, 0
839,0.037037, 0.037037, 0.961538,0, 0, 0, 0, 0, 0, 0, 0, 0, 0, 0
850,0.000000, 0.037037, 1.000000,0, 0, 0, 0, 0, 0, 0, 0, 0, 0, 0
860,0.000000, 0.037037, 1.000000,0, 0, 0, 0, 0, 0, 0, 0, 0, 0, 0
870,0.000000, 0.037037, 1.000000,0, 0, 0, 0, 0, 0, 0, 0, 0, 0, 0
880,0.000000, 0.037037, 1.000000,0, 0, 0, 0, 0, 0, 0, 0, 0, 0, 0
892,0.000000, 0.037037, 1.000000,0, 0, 0, 0, 0, 0, 0, 0, 0, 0, 0
902,-0.037037, 0.037037, 1.000000,0, 0, 0, 0, 0, 0, 0, 0, 0, 0, 0
912,-0.037037, 0.037037, 1.000000,0, 0, 0, 0, 0, 0, 0, 0, 0, 0, 0
922,-0.037037, 0.037037, 1.000000,0, 0, 0, 0, 0, 0, 0, 0, 0, 0, 0
932,-0.037037, 0.037037, 1.000000,0, 0, 0, 0, 0, 0, 0, 0, 0, 0, 0
942,-0.037037, 0.037037, 1.000000,0, 0, 0, 0, 0, 0, 0, 0, 0, 0, 0
952,-0.074074, 0.037037, 1.000000,0, 0, 0, 0, 0, 0, 0, 0, 0, 0, 0
962,-0.074074, 0.037037, 1.000000,0, 0, 0, 0, 0, 0, 0, 0, 0, 0, 0
972,-0.074074, 0.037037, 1.000000,0, 0, 0, 0, 0, 0, 0, 0, 0, 0, 0
982,-0.074074, 0.037037, 0.961538,0, 0, 0, 0, 0, 0, 0, 0, 0, 0, 0
999,-0.074074, 0.037037, 0.961538,0, 0, 0, 0, 0, 0, 0, 0, 0, 0, 0
1014,-0.111111, 0.037037, 0.961538,0, 0, 0, 0, 0, 0, 0, 0, 0, 0, 0
1015,-0.111111, 0.037037, 1.000000,0, 0, 0, 0, 0, 0, 0, 0, 0, 0, 0
1022,-0.111111, 0.037037, 1.000000,0, 0, 0, 0, 0, 0, 0, 0, 0, 0, 0
1033,-0.222222, 0.000000, 0.961538,0, 0, 0, 0, 0, 0, 0, 0, 0, 0, 0
1043,-0.222222, 0.037037, 0.961538,0, 0, 0, 0, 0, 0, 0, 0, 0, 0, 0
1053,-0.222222, 0.037037, 0.961538,0, 0, 0, 0, 0, 0, 0, 0, 0, 0, 0
1063,-0.222222, 0.037037, 0.961538,0, 0, 0, 0, 0, 0, 0, 0, 0, 0, 0
1073,-0.259259, 0.037037, 0.961538,0, 0, 0, 0, 0, 0, 0, 0, 0, 0, 0
1083,-0.259259, 0.037037, 0.961538,0, 0, 0, 0, 0, 0, 0, 0, 0, 0, 0
1093,-0.259259, 0.037037, 0.961538,0, 0, 0, 0, 0, 0, 0, 0, 0, 0, 0
1103,-0.296296, 0.037037, 0.923077,0, 0, 0, 0, 0, 0, 0, 0, 0, 0, 0
1113,-0.333333, 0.037037, 0.961538,0, 0, 0, 0, 0, 0, 0, 0, 0, 0, 0
1123,-0.333333, 0.037037, 0.923077,0, 0, 0, 0, 0, 0, 0, 0, 0, 0, 0
1134,-0.333333, 0.037037, 0.923077,0, 0, 0, 0, 0, 0, 0, 0, 0, 0, 0
1144,-0.333333, 0.037037, 0.923077,0, 0, 0, 0, 0, 0, 0, 0, 0, 0, 0
1154,-0.370370, 0.037037, 0.923077,0, 0, 0, 0, 0, 0, 0, 0, 0, 0, 0
1164,-0.370370, 0.037037, 0.923077,0, 0, 0, 0, 0, 0, 0, 0, 0, 0, 0
1174,-0.370370, 0.037037, 0.923077,0, 0, 0, 0, 0, 0, 0, 0, 0, 0, 0
1184,-0.407407, 0.037037, 0.923077,0, 0, 0, 0, 0, 0, 0, 0, 0, 0, 0
1200,-0.407407, 0.037037, 0.884615,0, 0, 0, 0, 0, 0, 0, 0, 0, 0, 0
1215,-0.407407, 0.037037, 0.884615,0, 0, 0, 0, 0, 0, 0, 0, 0, 0, 0
1217,-0.407407, 0.037037, 0.884615,0, 0, 0, 0, 0, 0, 0, 0, 0, 0, 0
1224,-0.407407, 0.037037, 0.884615,0, 0, 0, 0, 0, 0, 0, 0, 0, 0, 0
1234,-0.444444, 0.037037, 0.884615,0, 0, 0, 0, 0, 0, 0, 0, 0, 0, 0
1244,-0.444444, 0.037037, 0.884615,0, 0, 0, 0, 0, 0, 0, 0, 0, 0, 0
1255,-0.444444, 0.037037, 0.884615,0, 0, 0, 0, 0, 0, 0, 0, 0, 0, 0
1265,-0.444444, 0.037037, 0.884615,0, 0, 0, 0, 0, 0, 0, 0, 0, 0, 0
1275,-0.481481, 0.037037, 0.884615,0, 0, 0, 0, 0, 0, 0, 0, 0, 0, 0
1287,-0.481481, 0.037037, 0.884615,0, 0, 0, 0, 0, 0, 0, 0, 0, 0, 0
1297,-0.481481, 0.037037, 0.846154,0, 0, 0, 0, 0, 0, 0, 0, 0, 0, 0
1307,-0.444444, 0.037037, 0.846154,0, 0, 0, 0, 0, 0, 0, 0, 0, 0, 0
1317,-0.481481, 0.037037, 0.846154,0, 0, 0, 0, 0, 0, 0, 0, 0, 0, 0
1327,-0.481481, 0.037037, 0.846154,0, 0, 0, 0, 0, 0, 0, 0, 0, 0, 0
1338,-0.518519, 0.037037, 0.846154,0, 0, 0, 0, 0, 0, 0, 0, 0, 0, 0
1349,-0.518519, 0.037037, 0.846154,0, 0, 0, 0, 0, 0, 0, 0, 0, 0, 0
1359,-0.518519, 0.037037, 0.846154,0, 0, 0, 0, 0, 0, 0, 0, 0, 0, 0
1369,-0.518519, 0.037037, 0.846154,0, 0, 0, 0, 0, 0, 0, 0, 0, 0, 0
1379,-0.518519, 0.037037, 0.846154,0, 0, 0, 0, 0, 0, 0, 0, 0, 0, 0
1400,-0.518519, 0.037037, 0.807692,0, 0, 0, 0, 0, 0, 0, 0, 0, 0, 0
1402,-0.518519, 0.037037, 0.807692,0, 0, 0, 0, 0, 0, 0, 0, 0, 0, 0
1416,-0.555556, 0.037037, 0.807692,0, 0, 0, 0, 0, 0, 0, 0, 0, 0, 0
1420,-0.555556, 0.037037, 0.807692,0, 0, 0, 0, 0, 0, 0, 0, 0, 0, 0
1429,-0.555556, 0.037037, 0.807692,0, 0, 0, 0, 0, 0, 0, 0, 0, 0, 0
1441,-0.555556, 0.000000, 0.807692,0, 0, 0, 0, 0, 0, 0, 0, 0, 0, 0
1451,-0.592593, 0.037037, 0.807692,0, 0, 0, 0, 0, 0, 0, 0, 0, 0, 0
1461,-0.592593, 0.037037, 0.769231,0, 0, 0, 0, 0, 0, 0, 0, 0, 0, 0
1471,-0.592593, 0.037037, 0.769231,0, 0, 0, 0, 0, 0, 0, 0, 0, 0, 0
1481,-0.592593, 0.037037, 0.769231,0, 0, 0, 0, 0, 0, 0, 0, 0, 0, 0
1491,-0.592593, 0.000000, 0.769231,0, 0, 0, 0, 0, 0, 0, 0, 0, 0, 0
1501,-0.592593, 0.037037, 0.769231,0, 0, 0, 0, 0, 0, 0, 0, 0, 0, 0
1511,-0.629630, 0.037037, 0.769231,0, 0, 0, 0, 0, 0, 0, 0, 0, 0, 0
1521,-0.629630, 0.000000, 0.769231,0, 0, 0, 0, 0, 0, 0, 0, 0, 0, 0
1532,-0.629630, 0.037037, 0.769231,0, 0, 0, 0, 0, 0, 0, 0, 0, 0, 0
1542,-0.629630, 0.037037, 0.769231,0, 0, 0, 0, 0, 0, 0, 0, 0, 0, 0
1552,-0.666667, 0.037037, 0.769231,0, 0, 0, 0, 0, 0, 0, 0, 0, 0, 0
1562,-0.666667, 0.037037, 0.730769,0, 0, 0, 0, 0, 0, 0, 0, 0, 0, 0
1572,-0.666667, 0.037037, 0.730769,0, 0, 0, 0, 0, 0, 0, 0, 0, 0, 0
1582,-0.666667, 0.000000, 0.730769,0, 0, 0, 0, 0, 0, 0, 0, 0, 0, 0
1599,-0.666667, 0.037037, 0.730769,0, 0, 0, 0, 0, 0, 0, 0, 0, 0, 0
1614,-0.666667, 0.037037, 0.730769,0, 0, 0, 0, 0, 0, 0, 0, 0, 0, 0
1616,-0.666667, 0.037037, 0.730769,0, 0, 0, 0, 0, 0, 0, 0, 0, 0, 0
1622,-0.666667, 0.000000, 0.730769,0, 0, 0, 0, 0, 0, 0, 0, 0, 0, 0
1632,-0.666667, 0.037037, 0.730769,0, 0, 0, 0, 0, 0, 0, 0, 0, 0, 0
1643,-0.666667, 0.037037, 0.730769,0, 0, 0, 0, 0, 0, 0, 0, 0, 0, 0
1653,-0.666667, 0.037037, 0.730769,0, 0, 0, 0, 0, 0, 0, 0, 0, 0, 0
1663,-0.629630, 0.037037, 0.692308,0, 0, 0, 0, 0, 0, 0, 0, 0, 0, 0
1673,-0.666667, 0.037037, 0.692308,0, 0, 0, 0, 0, 0, 0, 0, 0, 0, 0
1683,-0.666667, 0.037037, 0.730769,0, 0, 0, 0, 0, 0, 0, 0, 0, 0, 0
1694,-0.703704, 0.037037, 0.692308,0, 0, 0, 0, 0, 0, 0, 0, 0, 0, 0
1704,-0.703704, 0.037037, 0.692308,0, 0, 0, 0, 0, 0, 0, 0, 0, 0, 0
1714,-0.703704, 0.037037, 0.692308,0, 0, 0, 0, 0, 0, 0, 0, 0, 0, 0
1724,-0.703704, 0.037037, 0.692308,0, 0, 0, 0, 0, 0, 0, 0, 0, 0, 0
1736,-0.703704, 0.037037, 0.692308,0, 0, 0, 0, 0, 0, 0, 0, 0, 0, 0
1746,-0.703704, 0.000000, 0.692308,0, 0, 0, 0, 0, 0, 0, 0, 0, 0, 0
1756,-0.703704, 0.037037, 0.692308,0, 0, 0, 0, 0, 0, 0, 0, 0, 0, 0
1766,-0.703704, 0.000000, 0.692308,0, 0, 0, 0, 0, 0, 0, 0, 0, 0, 0
1777,-0.703704, 0.000000, 0.692308,0, 0, 0, 0, 0, 0, 0, 0, 0, 0, 0
1786,-0.666667, 0.000000, 0.730769,0, 0, 0, 0, 0, 0, 0, 0, 0, 0, 0
1802,-0.666667, 0.037037, 0.730769,0, 0, 0, 0, 0, 0, 0, 0, 0, 0, 0
1817,-0.703704, 0.037037, 0.730769,0, 0, 0, 0, 0, 0, 0, 0, 0, 0, 0
1818,-0.703704, 0.037037, 0.730769,0, 0, 0, 0, 0, 0, 0, 0, 0, 0, 0
1827,-0.703704, 0.037037, 0.730769,0, 0, 0, 0, 0, 0, 0, 0, 0, 0, 0
1837,-0.703704, 0.037037, 0.769231,0, 0, 0, 0, 0, 0, 0, 0, 0, 0, 0
1847,-0.703704, 0.037037, 0.769231,0, 0, 0, 0, 0, 0, 0, 0, 0, 0, 0
1857,-0.666667, 0.037037, 0.769231,0, 0, 0, 0, 0, 0, 0, 0, 0, 0, 0
1867,-0.666667, 0.037037, 0.769231,0, 0, 0, 0, 0, 0, 0, 0, 0, 0, 0
1878,-0.666667, 0.000000, 0.807692,0, 0, 0, 0, 0, 0, 0, 0, 0, 0, 0
1888,-0.666667, 0.000000, 0.807692,0, 0, 0, 0, 0, 0, 0, 0, 0, 0, 0
1897,-0.629630, 0.037037, 0.807692,0, 0, 0, 0, 0, 0, 0, 0, 0, 0, 0
1907,-0.592593, 0.000000, 0.846154,0, 0, 0, 0, 0, 0, 0, 0, 0, 0, 0
1917,-0.592593, 0.037037, 0.846154,0, 0, 0, 0, 0, 0, 0, 0, 0, 0, 0
1927,-0.555556, 0.037037, 0.884615,0, 0, 0, 0, 0, 0, 0, 0, 0, 0, 0
1937,-0.518519, 0.037037, 0.923077,0, 0, 0, 0, 0, 0, 0, 0, 0, 0, 0
1948,-0.518519, -0.037037, 1.000000,0, 0, 0, 0, 0, 0, 0, 0, 0, 0, 0
1958,-0.370370, 0.074074, 1.115385,0, 0, 0, 0, 0, 0, 0, 0, 0, 0, 0
1969,-0.148148, 0.074074, 1.269231,0, 0, 0, 0, 0, 0, 0, 0, 0, 0, 0
1978,0.111111, 0.222222, 1.115385,0, 0, 0, 0, 0, 0, 0, 0, 0, 0, 0
2001,0.296296, -0.111111, 0.769231,0, 0, 0, 0, 0, 0, 0, 0, 0, 0, 0
2002,0.370370, 0.037037, 0.769231,0, 0, 0, 0, 0, 0, 0, 0, 0, 0, 0
2016,0.444444, 0.037037, 0.692308,0, 0, 0, 0, 0, 0, 0, 0, 0, 0, 0
2018,0.481481, 0.000000, 0.692308,0, 0, 0, 0, 0, 0, 0, 0, 0, 0, 0
2027,0.481481, 0.000000, 0.692308,0, 0, 0, 0, 0, 0, 0, 0, 0, 0, 0
2038,0.592593, 0.037037, 0.692308,0, 0, 0, 0, 0, 0, 0, 0, 0, 0, 0
2048,0.629630, 0.000000, 0.692308,0, 0, 0, 0, 0, 0, 0, 0, 0, 0, 0
2059,0.629630, 0.037037, 0.692308,0, 0, 0, 0, 0, 0, 0, 0, 0, 0, 0
2069,0.666667, 0.037037, 0.692308,0, 0, 0, 0, 0, 0, 0, 0, 0, 0, 0
2079,0.703704, 0.037037, 0.692308,0, 0, 0, 0, 0, 0, 0, 0, 0, 0, 0
2089,0.703704, 0.037037, 0.692308,0, 0, 0, 0, 0, 0, 0, 0, 0, 0, 0
2101,0.703704, 0.037037, 0.692308,0, 0, 0, 0, 0, 0, 0, 0, 0, 0, 0
2111,0.740741, 0.037037, 0.692308,0, 0, 0, 0, 0, 0, 0, 0, 0, 0, 0
2121,0.703704, 0.037037, 0.692308,0, 0, 0, 0, 0, 0, 0, 0, 0, 0, 0
2131,0.703704, 0.037037, 0.692308,0, 0, 0, 0, 0, 0, 0, 0, 0, 0, 0
2142,0.703704, 0.037037, 0.692308,0, 0, 0, 0, 0, 0, 0, 0, 0, 0, 0
2152,0.740741, 0.037037, 0.692308,0, 0, 0, 0, 0, 0, 0, 0, 0, 0, 0
2162,0.703704, 0.037037, 0.692308,0, 0, 0, 0, 0, 0, 0, 0, 0, 0, 0
2173,0.703704, 0.000000, 0.692308,0, 0, 0, 0, 0, 0, 0, 0, 0, 0, 0
2183,0.703704, 0.037037, 0.692308,0, 0, 0, 0, 0, 0, 0, 0, 0, 0, 0
2201,0.703704, 0.037037, 0.692308,0, 0, 0, 0, 0, 0, 0, 0, 0, 0, 0
2216,0.666667, 0.037037, 0.692308,0, 0, 0, 0, 0, 0, 0, 0, 0, 0, 0
2217,0.666667, 0.000000, 0.692308,0, 0, 0, 0, 0, 0, 0, 0, 0, 0, 0
2223,0.666667, 0.037037, 0.692308,0, 0, 0, 0, 0, 0, 0, 0, 0, 0, 0
2241,0.629630, 0.000000, 0.692308,0, 0, 0, 0, 0, 0, 0, 0, 0, 0, 0
2244,0.592593, 0.000000, 0.692308,0, 0, 0, 0, 0, 0, 0, 0, 0, 0, 0
2254,0.555556, 0.037037, 0.692308,0, 0, 0, 0, 0, 0, 0, 0, 0, 0, 0
2264,0.518519, 0.000000, 0.692308,0, 0, 0, 0, 0, 0, 0, 0, 0, 0, 0
2274,0.481481, 0.037037, 0.730769,0, 0, 0, 0, 0, 0, 0, 0, 0, 0, 0
2284,0.407407, 0.037037, 0.730769,0, 0, 0, 0, 0, 0, 0, 0, 0, 0, 0
2294,0.407407, -0.037037, 0.807692,0, 0, 0, 0, 0, 0, 0, 0, 0, 0, 0
2304,0.259259, 0.000000, 0.923077,0, 0, 0, 0, 0, 0, 0, 0, 0, 0, 0
2314,0.000000, 0.000000, 1.115385,0, 0, 0, 0, 0, 0, 0, 0, 0, 0, 0
2327,-0.296296, 0.111111, 1.307692,0, 0, 0, 0, 0, 0, 0, 0, 0, 0, 0
2336,-0.407407, 0.037037, 1.153846,0, 0, 0, 0, 0, 0, 0, 0, 0, 0, 0
2346,-0.518519, 0.000000, 1.038462,0, 0, 0, 0, 0, 0, 0, 0, 0, 0, 0
2360,-0.518519, 0.037037, 0.923077,0, 0, 0, 0, 0, 0, 0, 0, 0, 0, 0
2367,-0.555556, 0.037037, 0.923077,0, 0, 0, 0, 0, 0, 0, 0, 0, 0, 0
2377,-0.555556, 0.000000, 0.884615,0, 0, 0, 0, 0, 0, 0, 0, 0, 0, 0
2387,-0.592593, 0.000000, 0.846154,0, 0, 0, 0, 0, 0, 0, 0, 0, 0, 0
2403,-0.592593, 0.000000, 0.846154,0, 0, 0, 0, 0, 0, 0, 0, 0, 0, 0
2418,-0.629630, 0.037037, 0.846154,0, 0, 0, 0, 0, 0, 0, 0, 0, 0, 0
2419,-0.629630, 0.037037, 0.846154,0, 0, 0, 0, 0, 0, 0, 0, 0, 0, 0
2428,-0.666667, 0.037037, 0.807692,0, 0, 0, 0, 0, 0, 0, 0, 0, 0, 0
2438,-0.666667, 0.000000, 0.807692,0, 0, 0, 0, 0, 0, 0, 0, 0, 0, 0
2448,-0.666667, 0.037037, 0.807692,0, 0, 0, 0, 0, 0, 0, 0, 0, 0, 0
2458,-0.666667, 0.037037, 0.807692,0, 0, 0, 0, 0, 0, 0, 0, 0, 0, 0
2468,-0.629630, 0.037037, 0.807692,0, 0, 0, 0, 0, 0, 0, 0, 0, 0, 0
2478,-0.666667, 0.037037, 0.807692,0, 0, 0, 0, 0, 0, 0, 0, 0, 0, 0
2488,-0.629630, 0.037037, 0.846154,0, 0, 0, 0, 0, 0, 0, 0, 0, 0, 0
2499,-0.629630, 0.037037, 0.846154,0, 0, 0, 0, 0, 0, 0, 0, 0, 0, 0
2509,-0.629630, 0.037037, 0.846154,0, 0, 0, 0, 0, 0, 0, 0, 0, 0, 0
2519,-0.592593, 0.037037, 0.884615,0, 0, 0, 0, 0, 0, 0, 0, 0, 0, 0
2529,-0.592593, 0.000000, 0.846154,0, 0, 0, 0, 0, 0, 0, 0, 0, 0, 0
2539,-0.555556, 0.000000, 0.884615,0, 0, 0, 0, 0, 0, 0, 0, 0, 0, 0
2549,-0.555556, 0.037037, 0.884615,0, 0, 0, 0, 0, 0, 0, 0, 0, 0, 0
2559,-0.518519, 0.037037, 0.923077,0, 0, 0, 0, 0, 0, 0, 0, 0, 0, 0
2569,-0.518519, 0.037037, 0.961538,0, 0, 0, 0, 0, 0, 0, 0, 0, 0, 0
2579,-0.333333, -0.074074, 0.615385,0, 0, 0, 0, 0, 0, 0, 0, 0, 0, 0
2601,-0.333333, 0.074074, 1.153846,0, 0, 0, 0, 0, 0, 0, 0, 0, 0, 0
2602,-0.074074, 0.074074, 1.153846,0, 0, 0, 0, 0, 0, 0, 0, 0, 0, 0
2616,0.185185, 0.148148, 1.076923,0, 0, 0, 0, 0, 0, 0, 0, 0, 0, 0
2621,0.296296, -0.111111, 0.730769,0, 0, 0, 0, 0, 0, 0, 0, 0, 0, 0
2631,0.370370, 0.037037, 0.730769,0, 0, 0, 0, 0, 0, 0, 0, 0, 0, 0
2648,0.444444, 0.037037, 0.730769,0, 0, 0, 0, 0, 0, 0, 0, 0, 0, 0
2651,0.481481, 0.037037, 0.730769,0, 0, 0, 0, 0, 0, 0, 0, 0, 0, 0
2661,0.555556, 0.000000, 0.730769,0, 0, 0, 0, 0, 0, 0, 0, 0, 0, 0
2671,0.592593, 0.037037, 0.730769,0, 0, 0, 0, 0, 0, 0, 0, 0, 0, 0
2681,0.592593, 0.000000, 0.730769,0, 0, 0, 0, 0, 0, 0, 0, 0, 0, 0
2691,0.629630, 0.037037, 0.730769,0, 0, 0, 0, 0, 0, 0, 0, 0, 0, 0
2702,0.629630, 0.037037, 0.730769,0, 0, 0, 0, 0, 0, 0, 0, 0, 0, 0
2712,0.629630, 0.037037, 0.730769,0, 0, 0, 0, 0, 0, 0, 0, 0, 0, 0
2722,0.666667, 0.037037, 0.692308,0, 0, 0, 0, 0, 0, 0, 0, 0, 0, 0
2733,0.666667, 0.037037, 0.730769,0, 0, 0, 0, 0, 0, 0, 0, 0, 0, 0
2742,0.666667, 0.037037, 0.730769,0, 0, 0, 0, 0, 0, 0, 0, 0, 0, 0
2753,0.666667, 0.037037, 0.730769,0, 0, 0, 0, 0, 0, 0, 0, 0, 0, 0
2763,0.629630, 0.000000, 0.692308,0, 0, 0, 0, 0, 0, 0, 0, 0, 0, 0
2774,0.629630, 0.037037, 0.730769,0, 0, 0, 0, 0, 0, 0, 0, 0, 0, 0
2785,0.629630, 0.037037, 0.730769,0, 0, 0, 0, 0, 0, 0, 0, 0, 0, 0
2801,0.592593, 0.037037, 0.730769,0, 0, 0, 0, 0, 0, 0, 0, 0, 0, 0
2816,0.555556, 0.000000, 0.730769,0, 0, 0, 0, 0, 0, 0, 0, 0, 0, 0
2817,0.518519, 0.037037, 0.730769,0, 0, 0, 0, 0, 0, 0, 0, 0, 0, 0
2824,0.481481, 0.037037, 0.769231,0, 0, 0, 0, 0, 0, 0, 0, 0, 0, 0
2834,0.444444, 0.037037, 0.769231,0, 0, 0, 0, 0, 0, 0, 0, 0, 0, 0
2847,0.370370, -0.111111, 0.730769,0, 0, 0, 0, 0, 0, 0, 0, 0, 0, 0
2856,0.259259, 0.111111, 0.923077,0, 0, 0, 0, 0, 0, 0, 0, 0, 0, 0
2866,0.037037, 0.111111, 1.230769,0, 0, 0, 0, 0, 0, 0, 0, 0, 0, 0
2876,-0.222222, 0.148148, 1.307692,0, 0, 0, 0, 0, 0, 0, 0, 0, 0, 0
2886,-0.333333, 0.000000, 1.000000,0, 0, 0, 0, 0, 0, 0, 0, 0, 0, 0
2896,-0.407407, -0.111111, 0.923077,0, 0, 0, 0, 0, 0, 0, 0, 0, 0, 0
2906,-0.518519, 0.000000, 0.961538,0, 0, 0, 0, 0, 0, 0, 0, 0, 0, 0
2916,-0.518519, 0.037037, 0.923077,0, 0, 0, 0, 0, 0, 0, 0, 0, 0, 0
2926,-0.518519, 0.037037, 0.923077,0, 0, 0, 0, 0, 0, 0, 0, 0, 0, 0
2936,-0.555556, 0.037037, 0.884615,0, 0, 0, 0, 0, 0, 0, 0, 0, 0, 0
2946,-0.592593, 0.000000, 0.884615,0, 0, 0, 0, 0, 0, 0, 0, 0, 0, 0
2957,-0.592593, 0.037037, 0.884615,0, 0, 0, 0, 0, 0, 0, 0, 0, 0, 0
2967,-0.592593, 0.037037, 0.884615,0, 0, 0, 0, 0, 0, 0, 0, 0, 0, 0
2977,-0.592593, 0.037037, 0.884615,0, 0, 0, 0, 0, 0, 0, 0, 0, 0, 0
2987,-0.592593, 0.037037, 0.961538,0, 0, 0, 0, 0, 0, 0, 0, 0, 0, 0
3003,-0.592593, 0.037037, 0.884615,0, 0, 0, 0, 0, 0, 0, 0, 0, 0, 0
3018,-0.592593, 0.037037, 0.884615,0, 0, 0, 0, 0, 0, 0, 0, 0, 0, 0
3019,-0.592593, 0.037037, 0.884615,0, 0, 0, 0, 0, 0, 0, 0, 0, 0, 0
3027,-0.592593, 0.037037, 0.884615,0, 0, 0, 0, 0, 0, 0, 0, 0, 0, 0
3039,-0.555556, 0.037037, 0.884615,0, 0, 0, 0, 0, 0, 0, 0, 0, 0, 0
3048,-0.555556, 0.037037, 0.923077,0, 0, 0, 0, 0, 0, 0, 0, 0, 0, 0
3059,-0.518519, 0.037037, 0.923077,0, 0, 0, 0, 0, 0, 0, 0, 0, 0, 0
3069,-0.518519, 0.037037, 0.961538,0, 0, 0, 0, 0, 0, 0, 0, 0, 0, 0
3078,-0.481481, 0.037037, 0.961538,0, 0, 0, 0, 0, 0, 0, 0, 0, 0, 0
3089,-0.333333, -0.074074, 0.653846,0, 0, 0, 0, 0, 0, 0, 0, 0, 0, 0
3099,-0.333333, 0.074074, 1.076923,0, 0, 0, 0, 0, 0, 0, 0, 0, 0, 0
3108,-0.148148, 0.111111, 1.192308,0, 0, 0, 0, 0, 0, 0, 0, 0, 0, 0
3119,0.148148, 0.185185, 1.192308,0, 0, 0, 0, 0, 0, 0, 0, 0, 0, 0
3129,0.259259, 0.000000, 0.846154,0, 0, 0, 0, 0, 0, 0, 0, 0, 0, 0
3139,0.370370, -0.111111, 0.730769,0, 0, 0, 0, 0, 0, 0, 0, 0, 0, 0
3149,0.444444, 0.037037, 0.769231,0, 0, 0, 0, 0, 0, 0, 0, 0, 0, 0
3159,0.481481, 0.037037, 0.769231,0, 0, 0, 0, 0, 0, 0, 0, 0, 0, 0
3169,0.518519, 0.037037, 0.769231,0, 0, 0, 0, 0, 0, 0, 0, 0, 0, 0
3179,0.555556, 0.037037, 0.730769,0, 0, 0, 0, 0, 0, 0, 0, 0, 0, 0
3201,0.592593, 0.000000, 0.730769,0, 0, 0, 0, 0, 0, 0, 0, 0, 0, 0
3202,0.592593, 0.000000, 0.730769,0, 0, 0, 0, 0, 0, 0, 0, 0, 0, 0
3216,0.629630, 0.037037, 0.730769,0, 0, 0, 0, 0, 0, 0, 0, 0, 0, 0
3219,0.629630, 0.037037, 0.730769,0, 0, 0, 0, 0, 0, 0, 0, 0, 0, 0
3229,0.629630, 0.037037, 0.730769,0, 0, 0, 0, 0, 0, 0, 0, 0, 0, 0
3239,0.629630, 0.037037, 0.730769,0, 0, 0, 0, 0, 0, 0, 0, 0, 0, 0
3251,0.592593, 0.000000, 0.730769,0, 0, 0, 0, 0, 0, 0, 0, 0, 0, 0
3261,0.592593, 0.037037, 0.730769,0, 0, 0, 0, 0, 0, 0, 0, 0, 0, 0
3272,0.555556, 0.000000, 0.730769,0, 0, 0, 0, 0, 0, 0, 0, 0, 0, 0
3281,0.555556, 0.037037, 0.769231,0, 0, 0, 0, 0, 0, 0, 0, 0, 0, 0
3291,0.518519, 0.037037, 0.769231,0, 0, 0, 0, 0, 0, 0, 0, 0, 0, 0
3302,0.444444, 0.037037, 0.769231,0, 0, 0, 0, 0, 0, 0, 0, 0, 0, 0
3313,0.407407, 0.037037, 0.769231,0, 0, 0, 0, 0, 0, 0, 0, 0, 0, 0
3322,0.259259, -0.111111, 0.615385,0, 0, 0, 0, 0, 0, 0, 0, 0, 0, 0
3332,0.222222, 0.111111, 0.923077,0, 0, 0, 0, 0, 0, 0, 0, 0, 0, 0
3342,0.000000, 0.074074, 1.076923,0, 0, 0, 0, 0, 0, 0, 0, 0, 0, 0
3352,-0.259259, 0.148148, 1.269231,0, 0, 0, 0, 0, 0, 0, 0, 0, 0, 0
3362,-0.333333, 0.037037, 1.000000,0, 0, 0, 0, 0, 0, 0, 0, 0, 0, 0
3372,-0.407407, -0.074074, 0.923077,0, 0, 0, 0, 0, 0, 0, 0, 0, 0, 0
3382,-0.481481, 0.000000, 0.961538,0, 0, 0, 0, 0, 0, 0, 0, 0, 0, 0
3399,-0.518519, 0.037037, 0.961538,0, 0, 0, 0, 0, 0, 0, 0, 0, 0, 0
3414,-0.518519, 0.037037, 0.923077,0, 0, 0, 0, 0, 0, 0, 0, 0, 0, 0
3416,-0.555556, 0.037037, 0.923077,0, 0, 0, 0, 0, 0, 0, 0, 0, 0, 0
3423,-0.555556, 0.037037, 0.923077,0, 0, 0, 0, 0, 0, 0, 0, 0, 0, 0
3433,-0.555556, 0.037037, 0.923077,0, 0, 0, 0, 0, 0, 0, 0, 0, 0, 0
3443,-0.555556, 0.037037, 0.884615,0, 0, 0, 0, 0, 0, 0, 0, 0, 0, 0
3453,-0.555556, 0.037037, 0.884615,0, 0, 0, 0, 0, 0, 0, 0, 0, 0, 0
3463,-0.555556, 0.000000, 0.884615,0, 0, 0, 0, 0, 0, 0, 0, 0, 0, 0
3474,-0.555556, 0.037037, 0.923077,0, 0, 0, 0, 0, 0, 0, 0, 0, 0, 0
3483,-0.555556, 0.037037, 0.923077,0, 0, 0, 0, 0, 0, 0, 0, 0, 0, 0
3494,-0.518519, 0.037037, 0.923077,0, 0, 0, 0, 0, 0, 0, 0, 0, 0, 0
3503,-0.518519, 0.037037, 0.923077,0, 0, 0, 0, 0, 0, 0, 0, 0, 0, 0
3514,-0.481481, 0.037037, 0.961538,0, 0, 0, 0, 0, 0, 0, 0, 0, 0, 0
3523,-0.481481, 0.037037, 0.961538,0, 0, 0, 0, 0, 0, 0, 0, 0, 0, 0
3534,-0.370370, -0.074074, 0.730769,0, 0, 0, 0, 0, 0, 0, 0, 0, 0, 0
3544,-0.333333, 0.074074, 1.038462,0, 0, 0, 0, 0, 0, 0, 0, 0, 0, 0
3554,-0.185185, 0.111111, 1.153846,0, 0, 0, 0, 0, 0, 0, 0, 0, 0, 0
3566,0.111111, 0.111111, 1.230769,0, 0, 0, 0, 0, 0, 0, 0, 0, 0, 0
3576,0.259259, 0.037037, 0.884615,0, 0, 0, 0, 0, 0, 0, 0, 0, 0, 0
3586,0.333333, -0.074074, 0.692308,0, 0, 0, 0, 0, 0, 0, 0, 0, 0, 0
3602,0.407407, 0.037037, 0.730769,0, 0, 0, 0, 0, 0, 0, 0, 0, 0, 0
3618,0.481481, 0.000000, 0.769231,0, 0, 0, 0, 0, 0, 0, 0, 0, 0, 0
3626,0.518519, 0.037037, 0.769231,0, 0, 0, 0, 0, 0, 0, 0, 0, 0, 0
3638,0.555556, 0.037037, 0.769231,0, 0, 0, 0, 0, 0, 0, 0, 0, 0, 0
3647,0.592593, 0.037037, 0.769231,0, 0, 0, 0, 0, 0, 0, 0, 0, 0, 0
3661,0.555556, 0.037037, 0.769231,0, 0, 0, 0, 0, 0, 0, 0, 0, 0, 0
3668,0.555556, 0.000000, 0.769231,0, 0, 0, 0, 0, 0, 0, 0, 0, 0, 0
3678,0.592593, 0.037037, 0.769231,0, 0, 0, 0, 0, 0, 0, 0, 0, 0, 0
3688,0.555556, 0.037037, 0.769231,0, 0, 0, 0, 0, 0, 0, 0, 0, 0, 0
3698,0.555556, 0.037037, 0.769231,0, 0, 0, 0, 0, 0, 0, 0, 0, 0, 0
3709,0.518519, 0.037037, 0.769231,0, 0, 0, 0, 0, 0, 0, 0, 0, 0, 0
3719,0.481481, 0.037037, 0.769231,0, 0, 0, 0, 0, 0, 0, 0, 0, 0, 0
3729,0.444444, 0.037037, 0.769231,0, 0, 0, 0, 0, 0, 0, 0, 0, 0, 0
3741,0.407407, -0.074074, 0.807692,0, 0, 0, 0, 0, 0, 0, 0, 0, 0, 0
3751,0.333333, 0.074074, 0.923077,0, 0, 0, 0, 0, 0, 0, 0, 0, 0, 0
3762,0.185185, 0.111111, 1.076923,0, 0, 0, 0, 0, 0, 0, 0, 0, 0, 0
3771,-0.037037, 0.037037, 1.153846,0, 0, 0, 0, 0, 0, 0, 0, 0, 0, 0
3782,-0.259259, 0.074074, 1.153846,0, 0, 0, 0, 0, 0, 0, 0, 0, 0, 0
3800,-0.333333, 0.037037, 1.038462,0, 0, 0, 0, 0, 0, 0, 0, 0, 0, 0
3801,-0.407407, -0.074074, 0.961538,0, 0, 0, 0, 0, 0, 0, 0, 0, 0, 0
3814,-0.481481, 0.000000, 0.961538,0, 0, 0, 0, 0, 0, 0, 0, 0, 0, 0
3821,-0.481481, 0.037037, 0.961538,0, 0, 0, 0, 0, 0, 0, 0, 0, 0, 0
3832,-0.518519, 0.037037, 0.961538,0, 0, 0, 0, 0, 0, 0, 0, 0, 0, 0
3842,-0.518519, 0.037037, 0.961538,0, 0, 0, 0, 0, 0, 0, 0, 0, 0, 0
3852,-0.518519, 0.037037, 0.923077,0, 0, 0, 0, 0, 0, 0, 0, 0, 0, 0
3863,-0.518519, 0.037037, 0.923077,0, 0, 0, 0, 0, 0, 0, 0, 0, 0, 0
3872,-0.518519, 0.037037, 0.923077,0, 0, 0, 0, 0, 0, 0, 0, 0, 0, 0
3882,-0.518519, 0.037037, 0.923077,0, 0, 0, 0, 0, 0, 0, 0, 0, 0, 0
3893,-0.518519, 0.037037, 0.923077,0, 0, 0, 0, 0, 0, 0, 0, 0, 0, 0
3904,-0.481481, 0.037037, 0.961538,0, 0, 0, 0, 0, 0, 0, 0, 0, 0, 0
3913,-0.481481, 0.037037, 0.961538,0, 0, 0, 0, 0, 0, 0, 0, 0, 0, 0
3923,-0.481481, 0.037037, 0.961538,0, 0, 0, 0, 0, 0, 0, 0, 0, 0, 0
3934,-0.444444, -0.037037, 1.038462,0, 0, 0, 0, 0, 0, 0, 0, 0, 0, 0
3944,-0.370370, 0.111111, 1.076923,0, 0, 0, 0, 0, 0, 0, 0, 0, 0, 0
3954,-0.259259, 0.111111, 1.192308,0, 0, 0, 0, 0, 0, 0, 0, 0, 0, 0
3966,-0.037037, 0.037037, 1.192308,0, 0, 0, 0, 0, 0, 0, 0, 0, 0, 0
3976,0.148148, 0.148148, 1.076923,0, 0, 0, 0, 0, 0, 0, 0, 0, 0, 0
3986,0.259259, 0.000000, 0.846154,0, 0, 0, 0, 0, 0, 0, 0, 0, 0, 0
4002,0.296296, -0.037037, 0.615385,0, 0, 0, 0, 0, 0, 0, 0, 0, 0, 0
4017,0.407407, 0.037037, 0.769231,0, 0, 0, 0, 0, 0, 0, 0, 0, 0, 0
4018,0.481481, 0.000000, 0.769231,0, 0, 0, 0, 0, 0, 0, 0, 0, 0, 0
4026,0.481481, 0.000000, 0.769231,0, 0, 0, 0, 0, 0, 0, 0, 0, 0, 0
4037,0.518519, 0.037037, 0.769231,0, 0, 0, 0, 0, 0, 0, 0, 0, 0, 0
4047,0.518519, 0.037037, 0.769231,0, 0, 0, 0, 0, 0, 0, 0, 0, 0, 0
4064,0.555556, 0.037037, 0.769231,0, 0, 0, 0, 0, 0, 0, 0, 0, 0, 0
4067,0.555556, 0.037037, 0.769231,0, 0, 0, 0, 0, 0, 0, 0, 0, 0, 0
4077,0.518519, 0.037037, 0.769231,0, 0, 0, 0, 0, 0, 0, 0, 0, 0, 0
4087,0.518519, 0.037037, 0.769231,0, 0, 0, 0, 0, 0, 0, 0, 0, 0, 0
4097,0.481481, 0.037037, 0.769231,0, 0, 0, 0, 0, 0, 0, 0, 0, 0, 0
4107,0.444444, 0.037037, 0.769231,0, 0, 0, 0, 0, 0, 0, 0, 0, 0, 0
4117,0.444444, 0.037037, 0.769231,0, 0, 0, 0, 0, 0, 0, 0, 0, 0, 0
4127,0.259259, -0.074074, 0.576923,0, 0, 0, 0, 0, 0, 0, 0, 0, 0, 0
4139,0.296296, 0.111111, 1.000000,0, 0, 0, 0, 0, 0, 0, 0, 0, 0, 0
4149,0.148148, 0.148148, 1.192308,0, 0, 0, 0, 0, 0, 0, 0, 0, 0, 0
4159,-0.037037, 0.037037, 1.192308,0, 0, 0, 0, 0, 0, 0, 0, 0, 0, 0
4169,-0.222222, 0.074074, 1.192308,0, 0, 0, 0, 0, 0, 0, 0, 0, 0, 0
4178,-0.333333, 0.037037, 1.038462,0, 0, 0, 0, 0, 0, 0, 0, 0, 0, 0
4201,-0.370370, -0.037037, 0.884615,0, 0, 0, 0, 0, 0, 0, 0, 0, 0, 0
4202,-0.444444, 0.074074, 0.961538,0, 0, 0, 0, 0, 0, 0, 0, 0, 0, 0
4216,-0.481481, 0.037037, 0.961538,0, 0, 0, 0, 0, 0, 0, 0, 0, 0, 0
4218,-0.481481, 0.037037, 0.961538,0, 0, 0, 0, 0, 0, 0, 0, 0, 0, 0
4229,-0.481481, 0.037037, 0.961538,0, 0, 0, 0, 0, 0, 0, 0, 0, 0, 0
4239,-0.518519, 0.037037, 0.961538,0, 0, 0, 0, 0, 0, 0, 0, 0, 0, 0
4250,-0.518519, 0.037037, 0.961538,0, 0, 0, 0, 0, 0, 0, 0, 0, 0, 0
4259,-0.481481, 0.037037, 0.961538,0, 0, 0, 0, 0, 0, 0, 0, 0, 0, 0
4269,-0.481481, 0.037037, 0.961538,0, 0, 0, 0, 0, 0, 0, 0, 0, 0, 0
4280,-0.481481, 0.037037, 0.961538,0, 0, 0, 0, 0, 0, 0, 0, 0, 0, 0
4289,-0.444444, 0.037037, 0.961538,0, 0, 0, 0, 0, 0, 0, 0, 0, 0, 0
4301,-0.444444, 0.000000, 1.038462,0, 0, 0, 0, 0, 0, 0, 0, 0, 0, 0
4312,-0.370370, 0.000000, 1.076923,0, 0, 0, 0, 0, 0, 0, 0, 0, 0, 0
4321,-0.296296, -0.037037, 1.115385,0, 0, 0, 0, 0, 0, 0, 0, 0, 0, 0
4331,-0.148148, 0.074074, 1.115385,0, 0, 0, 0, 0, 0, 0, 0, 0, 0, 0
4341,0.037037, 0.074074, 1.038462,0, 0, 0, 0, 0, 0, 0, 0, 0, 0, 0
4352,0.185185, 0.111111, 1.000000,0, 0, 0, 0, 0, 0, 0, 0, 0, 0, 0
4361,0.333333, 0.037037, 0.923077,0, 0, 0, 0, 0, 0, 0, 0, 0, 0, 0
4371,0.333333, -0.074074, 0.615385,0, 0, 0, 0, 0, 0, 0, 0, 0, 0, 0
4381,0.407407, 0.037037, 0.769231,0, 0, 0, 0, 0, 0, 0, 0, 0, 0, 0
4400,0.481481, 0.037037, 0.807692,0, 0, 0, 0, 0, 0, 0, 0, 0, 0, 0
4402,0.481481, 0.037037, 0.769231,0, 0, 0, 0, 0, 0, 0, 0, 0, 0, 0
4415,0.481481, 0.037037, 0.769231,0, 0, 0, 0, 0, 0, 0, 0, 0, 0, 0
4422,0.481481, 0.037037, 0.769231,0, 0, 0, 0, 0, 0, 0, 0, 0, 0, 0
4432,0.481481, 0.037037, 0.807692,0, 0, 0, 0, 0, 0, 0, 0, 0, 0, 0
4443,0.481481, 0.037037, 0.807692,0, 0, 0, 0, 0, 0, 0, 0, 0, 0, 0
4453,0.481481, 0.037037, 0.807692,0, 0, 0, 0, 0, 0, 0, 0, 0, 0, 0
4462,0.444444, 0.037037, 0.769231,0, 0, 0, 0, 0, 0, 0, 0, 0, 0, 0
4472,0.407407, 0.037037, 0.807692,0, 0, 0, 0, 0, 0, 0, 0, 0, 0, 0
4482,0.296296, -0.074074, 0.576923,0, 0, 0, 0, 0, 0, 0, 0, 0, 0, 0
4492,0.333333, 0.111111, 1.000000,0, 0, 0, 0, 0, 0, 0, 0, 0, 0, 0
4502,0.222222, 0.148148, 1.115385,0, 0, 0, 0, 0, 0, 0, 0, 0, 0, 0
4512,0.000000, 0.037037, 1.000000,0, 0, 0, 0, 0, 0, 0, 0, 0, 0, 0
4523,-0.185185, 0.074074, 1.153846,0, 0, 0, 0, 0, 0, 0, 0, 0, 0, 0
4532,-0.259259, 0.037037, 1.038462,0, 0, 0, 0, 0, 0, 0, 0, 0, 0, 0
4543,-0.370370, 0.074074, 1.038462,0, 0, 0, 0, 0, 0, 0, 0, 0, 0, 0
4553,-0.407407, -0.037037, 1.038462,0, 0, 0, 0, 0, 0, 0, 0, 0, 0, 0
4563,-0.444444, 0.000000, 1.000000,0, 0, 0, 0, 0, 0, 0, 0, 0, 0, 0
4573,-0.481481, 0.037037, 0.961538,0, 0, 0, 0, 0, 0, 0, 0, 0, 0, 0
4583,-0.481481, 0.037037, 0.961538,0, 0, 0, 0, 0, 0, 0, 0, 0, 0, 0
4601,-0.481481, 0.037037, 0.961538,0, 0, 0, 0, 0, 0, 0, 0, 0, 0, 0
4616,-0.481481, 0.037037, 1.000000,0, 0, 0, 0, 0, 0, 0, 0, 0, 0, 0
4617,-0.481481, 0.037037, 0.961538,0, 0, 0, 0, 0, 0, 0, 0, 0, 0, 0
4624,-0.444444, 0.037037, 0.961538,0, 0, 0, 0, 0, 0, 0, 0, 0, 0, 0
4634,-0.444444, 0.037037, 1.000000,0, 0, 0, 0, 0, 0, 0, 0, 0, 0, 0
4643,-0.407407, -0.037037, 0.961538,0, 0, 0, 0, 0, 0, 0, 0, 0, 0, 0
4653,-0.370370, 0.111111, 1.115385,0, 0, 0, 0, 0, 0, 0, 0, 0, 0, 0
4664,-0.296296, 0.037037, 1.076923,0, 0, 0, 0, 0, 0, 0, 0, 0, 0, 0
4674,-0.148148, 0.074074, 1.115385,0, 0, 0, 0, 0, 0, 0, 0, 0, 0, 0
4684,0.000000, 0.037037, 1.000000,0, 0, 0, 0, 0, 0, 0, 0, 0, 0, 0
4694,0.185185, 0.111111, 1.038462,0, 0, 0, 0, 0, 0, 0, 0, 0, 0, 0
4704,0.259259, 0.000000, 0.807692,0, 0, 0, 0, 0, 0, 0, 0, 0, 0, 0
4714,0.333333, 0.074074, 0.884615,0, 0, 0, 0, 0, 0, 0, 0, 0, 0, 0
4725,0.407407, 0.000000, 0.846154,0, 0, 0, 0, 0, 0, 0, 0, 0, 0, 0
4734,0.444444, 0.000000, 0.769231,0, 0, 0, 0, 0, 0, 0, 0, 0, 0, 0
4744,0.481481, 0.037037, 0.769231,0, 0, 0, 0, 0, 0, 0, 0, 0, 0, 0
4754,0.481481, 0.037037, 0.769231,0, 0, 0, 0, 0, 0, 0, 0, 0, 0, 0
4764,0.481481, 0.037037, 0.769231,0, 0, 0, 0, 0, 0, 0, 0, 0, 0, 0
4774,0.481481, 0.037037, 0.807692,0, 0, 0, 0, 0, 0, 0, 0, 0, 0, 0
4786,0.444444, 0.037037, 0.807692,0, 0, 0, 0, 0, 0, 0, 0, 0, 0, 0
4802,0.444444, 0.037037, 0.807692,0, 0, 0, 0, 0, 0, 0, 0, 0, 0, 0
4817,0.407407, 0.000000, 0.846154,0, 0, 0, 0, 0, 0, 0, 0, 0, 0, 0
4819,0.370370, 0.037037, 0.923077,0, 0, 0, 0, 0, 0, 0, 0, 0, 0, 0
4826,0.259259, -0.037037, 0.769231,0, 0, 0, 0, 0, 0, 0, 0, 0, 0, 0
4836,0.185185, 0.111111, 1.115385,0, 0, 0, 0, 0, 0, 0, 0, 0, 0, 0
4848,0.000000, 0.037037, 1.038462,0, 0, 0, 0, 0, 0, 0, 0, 0, 0, 0
4857,-0.185185, 0.074074, 1.153846,0, 0, 0, 0, 0, 0, 0, 0, 0, 0, 0
4872,-0.259259, 0.037037, 1.038462,0, 0, 0, 0, 0, 0, 0, 0, 0, 0, 0
4877,-0.333333, 0.037037, 1.038462,0, 0, 0, 0, 0, 0, 0, 0, 0, 0, 0
4896,-0.333333, -0.074074, 0.884615,0, 0, 0, 0, 0, 0, 0, 0, 0, 0, 0
4898,-0.407407, 0.000000, 1.000000,0, 0, 0, 0, 0, 0, 0, 0, 0, 0, 0
4908,-0.444444, 0.037037, 0.961538,0, 0, 0, 0, 0, 0, 0, 0, 0, 0, 0
4920,-0.444444, 0.037037, 1.000000,0, 0, 0, 0, 0, 0, 0, 0, 0, 0, 0
4930,-0.444444, 0.037037, 0.961538,0, 0, 0, 0, 0, 0, 0, 0, 0, 0, 0
4939,-0.444444, 0.037037, 0.961538,0, 0, 0, 0, 0, 0, 0, 0, 0, 0, 0
4950,-0.444444, 0.037037, 1.000000,0, 0, 0, 0, 0, 0, 0, 0, 0, 0, 0
4959,-0.407407, 0.037037, 1.000000,0, 0, 0, 0, 0, 0, 0, 0, 0, 0, 0
4969,-0.370370, -0.037037, 1.000000,0, 0, 0, 0, 0, 0, 0, 0, 0, 0, 0
4981,-0.296296, 0.000000, 0.961538,0, 0, 0, 0, 0, 0, 0, 0, 0, 0, 0
4999,-0.222222, 0.074074, 1.076923,0, 0, 0, 0, 0, 0, 0, 0, 0, 0, 0
5001,-0.074074, 0.074074, 1.076923,0, 0, 0, 0, 0, 0, 0, 0, 0, 0, 0
5014,0.037037, 0.000000, 1.000000,0, 0, 0, 0, 0, 0, 0, 0, 0, 0, 0
5021,0.185185, 0.074074, 1.000000,0, 0, 0, 0, 0, 0, 0, 0, 0, 0, 0
5031,0.185185, 0.074074, 1.000000,0, 0, 0, 0, 0, 0, 0, 0, 0, 0, 0
5041,0.333333, 0.074074, 0.884615,0, 0, 0, 0, 0, 0, 0, 0, 0, 0, 0
5051,0.370370, -0.074074, 0.769231,0, 0, 0, 0, 0, 0, 0, 0, 0, 0, 0
5062,0.407407, 0.000000, 0.807692,0, 0, 0, 0, 0, 0, 0, 0, 0, 0, 0
5072,0.444444, 0.000000, 0.807692,0, 0, 0, 0, 0, 0, 0, 0, 0, 0, 0
5082,0.444444, 0.037037, 0.807692,0, 0, 0, 0, 0, 0, 0, 0, 0, 0, 0
5092,0.444444, 0.037037, 0.807692,0, 0, 0, 0, 0, 0, 0, 0, 0, 0, 0
5102,0.444444, 0.037037, 0.807692,0, 0, 0, 0, 0, 0, 0, 0, 0, 0, 0
5112,0.444444, 0.037037, 0.807692,0, 0, 0, 0, 0, 0, 0, 0, 0, 0, 0
5123,0.333333, -0.037037, 0.692308,0, 0, 0, 0, 0, 0, 0, 0, 0, 0, 0
5132,0.333333, 0.111111, 0.884615,0, 0, 0, 0, 0, 0, 0, 0, 0, 0, 0
5143,0.259259, 0.000000, 0.884615,0, 0, 0, 0, 0, 0, 0, 0, 0, 0, 0
5153,0.148148, 0.074074, 1.076923,0, 0, 0, 0, 0, 0, 0, 0, 0, 0, 0
5163,0.000000, 0.037037, 0.961538,0, 0, 0, 0, 0, 0, 0, 0, 0, 0, 0
5174,-0.148148, 0.074074, 1.153846,0, 0, 0, 0, 0, 0, 0, 0, 0, 0, 0
5184,-0.259259, 0.037037, 1.076923,0, 0, 0, 0, 0, 0, 0, 0, 0, 0, 0
5201,-0.296296, 0.037037, 1.000000,0, 0, 0, 0, 0, 0, 0, 0, 0, 0, 0
5216,-0.333333, 0.037037, 1.038462,0, 0, 0, 0, 0, 0, 0, 0, 0, 0, 0
5217,-0.407407, 0.037037, 1.038462,0, 0, 0, 0, 0, 0, 0, 0, 0, 0, 0
5224,-0.407407, 0.037037, 1.000000,0, 0, 0, 0, 0, 0, 0, 0, 0, 0, 0
5236,-0.444444, 0.037037, 1.000000,0, 0, 0, 0, 0, 0, 0, 0, 0, 0, 0
5246,-0.444444, 0.037037, 1.000000,0, 0, 0, 0, 0, 0, 0, 0, 0, 0, 0
5256,-0.407407, 0.037037, 1.000000,0, 0, 0, 0, 0, 0, 0, 0, 0, 0, 0
5266,-0.407407, 0.037037, 1.000000,0, 0, 0, 0, 0, 0, 0, 0, 0, 0, 0
5276,-0.333333, -0.037037, 0.923077,0, 0, 0, 0, 0, 0, 0, 0, 0, 0, 0
5286,-0.333333, 0.037037, 1.000000,0, 0, 0, 0, 0, 0, 0, 0, 0, 0, 0
5296,-0.259259, 0.074074, 1.076923,0, 0, 0, 0, 0, 0, 0, 0, 0, 0, 0
5306,-0.185185, 0.074074, 1.115385,0, 0, 0, 0, 0, 0, 0, 0, 0, 0, 0
5317,-0.037037, 0.037037, 1.076923,0, 0, 0, 0, 0, 0, 0, 0, 0, 0, 0
5327,0.111111, 0.074074, 1.076923,0, 0, 0, 0, 0, 0, 0, 0, 0, 0, 0
5337,0.222222, 0.074074, 0.961538,0, 0, 0, 0, 0, 0, 0, 0, 0, 0, 0
5348,0.296296, 0.000000, 0.846154,0, 0, 0, 0, 0, 0, 0, 0, 0, 0, 0
5358,0.333333, 0.037037, 0.846154,0, 0, 0, 0, 0, 0, 0, 0, 0, 0, 0
5369,0.370370, -0.037037, 0.769231,0, 0, 0, 0, 0, 0, 0, 0, 0, 0, 0
5378,0.407407, 0.037037, 0.807692,0, 0, 0, 0, 0, 0, 0, 0, 0, 0, 0
5401,0.444444, 0.037037, 0.807692,0, 0, 0, 0, 0, 0, 0, 0, 0, 0, 0
5402,0.444444, 0.037037, 0.807692,0, 0, 0, 0, 0, 0, 0, 0, 0, 0, 0
5416,0.407407, 0.037037, 0.807692,0, 0, 0, 0, 0, 0, 0, 0, 0, 0, 0
5419,0.407407, 0.000000, 0.846154,0, 0, 0, 0, 0, 0, 0, 0, 0, 0, 0
5429,0.370370, 0.074074, 0.884615,0, 0, 0, 0, 0, 0, 0, 0, 0, 0, 0
5439,0.296296, 0.000000, 0.884615,0, 0, 0, 0, 0, 0, 0, 0, 0, 0, 0
5449,0.259259, 0.000000, 0.884615,0, 0, 0, 0, 0, 0, 0, 0, 0, 0, 0
5459,0.148148, 0.074074, 1.076923,0, 0, 0, 0, 0, 0, 0, 0, 0, 0, 0
5469,0.000000, 0.074074, 1.076923,0, 0, 0, 0, 0, 0, 0, 0, 0, 0, 0
5483,-0.111111, 0.037037, 1.038462,0, 0, 0, 0, 0, 0, 0, 0, 0, 0, 0
5490,-0.185185, 0.037037, 1.076923,0, 0, 0, 0, 0, 0, 0, 0, 0, 0, 0
5499,-0.296296, 0.037037, 1.038462,0, 0, 0, 0, 0, 0, 0, 0, 0, 0, 0
5512,-0.333333, 0.037037, 1.038462,0, 0, 0, 0, 0, 0, 0, 0, 0, 0, 0
5521,-0.333333, 0.000000, 1.000000,0, 0, 0, 0, 0, 0, 0, 0, 0, 0, 0
5532,-0.407407, 0.037037, 1.000000,0, 0, 0, 0, 0, 0, 0, 0, 0, 0, 0
5541,-0.407407, 0.037037, 1.000000,0, 0, 0, 0, 0, 0, 0, 0, 0, 0, 0
5551,-0.407407, 0.037037, 1.000000,0, 0, 0, 0, 0, 0, 0, 0, 0, 0, 0
5561,-0.407407, 0.037037, 1.000000,0, 0, 0, 0, 0, 0, 0, 0, 0, 0, 0
5571,-0.333333, -0.037037, 0.923077,0, 0, 0, 0, 0, 0, 0, 0, 0, 0, 0
5582,-0.333333, 0.037037, 1.000000,0, 0, 0, 0, 0, 0, 0, 0, 0, 0, 0
5599,-0.296296, 0.037037, 1.000000,0, 0, 0, 0, 0, 0, 0, 0, 0, 0, 0
5614,-0.222222, 0.037037, 1.038462,0, 0, 0, 0, 0, 0, 0, 0, 0, 0, 0
5616,-0.148148, 0.074074, 1.115385,0, 0, 0, 0, 0, 0, 0, 0, 0, 0, 0
5622,-0.037037, 0.074074, 1.115385,0, 0, 0, 0, 0, 0, 0, 0, 0, 0, 0
5633,0.111111, 0.074074, 1.038462,0, 0, 0, 0, 0, 0, 0, 0, 0, 0, 0
5644,0.222222, 0.074074, 0.923077,0, 0, 0, 0, 0, 0, 0, 0, 0, 0, 0
5653,0.259259, 0.000000, 0.807692,0, 0, 0, 0, 0, 0, 0, 0, 0, 0, 0
5664,0.333333, 0.037037, 0.846154,0, 0, 0, 0, 0, 0, 0, 0, 0, 0, 0
5674,0.370370, 0.037037, 0.846154,0, 0, 0, 0, 0, 0, 0, 0, 0, 0, 0
5685,0.370370, -0.037037, 0.807692,0, 0, 0, 0, 0, 0, 0, 0, 0, 0, 0
5694,0.407407, 0.000000, 0.807692,0, 0, 0, 0, 0, 0, 0, 0, 0, 0, 0
5705,0.407407, 0.037037, 0.807692,0, 0, 0, 0, 0, 0, 0, 0, 0, 0, 0
5716,0.370370, 0.000000, 0.846154,0, 0, 0, 0, 0, 0, 0, 0, 0, 0, 0
5727,0.333333, 0.000000, 0.846154,0, 0, 0, 0, 0, 0, 0, 0, 0, 0, 0
5736,0.333333, 0.037037, 0.884615,0, 0, 0, 0, 0, 0, 0, 0, 0, 0, 0
5746,0.259259, 0.000000, 0.846154,0, 0, 0, 0, 0, 0, 0, 0, 0, 0, 0
5756,0.185185, 0.037037, 0.961538,0, 0, 0, 0, 0, 0, 0, 0, 0, 0, 0
5766,0.074074, 0.037037, 1.038462,0, 0, 0, 0, 0, 0, 0, 0, 0, 0, 0
5776,-0.037037, 0.037037, 1.076923,0, 0, 0, 0, 0, 0, 0, 0, 0, 0, 0
5786,-0.148148, 0.074074, 1.115385,0, 0, 0, 0, 0, 0, 0, 0, 0, 0, 0
5802,-0.259259, 0.037037, 1.038462,0, 0, 0, 0, 0, 0, 0, 0, 0, 0, 0
5817,-0.296296, 0.037037, 1.038462,0, 0, 0, 0, 0, 0, 0, 0, 0, 0, 0
5818,-0.333333, 0.037037, 1.000000,0, 0, 0, 0, 0, 0, 0, 0, 0, 0, 0
5826,-0.333333, 0.037037, 1.000000,0, 0, 0, 0, 0, 0, 0, 0, 0, 0, 0
5838,-0.333333, 0.037037, 1.000000,0, 0, 0, 0, 0, 0, 0, 0, 0, 0, 0
5848,-0.370370, 0.037037, 1.000000,0, 0, 0, 0, 0, 0, 0, 0, 0, 0, 0
5857,-0.333333, 0.000000, 0.961538,0, 0, 0, 0, 0, 0, 0, 0, 0, 0, 0
5868,-0.333333, 0.037037, 1.000000,0, 0, 0, 0, 0, 0, 0, 0, 0, 0, 0
5878,-0.333333, 0.037037, 1.000000,0, 0, 0, 0, 0, 0, 0, 0, 0, 0, 0
5887,-0.296296, 0.037037, 1.038462,0, 0, 0, 0, 0, 0, 0, 0, 0, 0, 0
5897,-0.259259, 0.037037, 1.038462,0, 0, 0, 0, 0, 0, 0, 0, 0, 0, 0
5908,-0.185185, 0.037037, 1.076923,0, 0, 0, 0, 0, 0, 0, 0, 0, 0, 0
5918,-0.111111, 0.037037, 1.038462,0, 0, 0, 0, 0, 0, 0, 0, 0, 0, 0
5928,0.000000, 0.037037, 0.961538,0, 0, 0, 0, 0, 0, 0, 0, 0, 0, 0
5939,0.148148, 0.074074, 1.000000,0, 0, 0, 0, 0, 0, 0, 0, 0, 0, 0
5949,0.222222, 0.037037, 0.923077,0, 0, 0, 0, 0, 0, 0, 0, 0, 0, 0
5958,0.296296, 0.000000, 0.846154,0, 0, 0, 0, 0, 0, 0, 0, 0, 0, 0
5969,0.333333, 0.037037, 0.884615,0, 0, 0, 0, 0, 0, 0, 0, 0, 0, 0
5979,0.333333, 0.037037, 0.846154,0, 0, 0, 0, 0, 0, 0, 0, 0, 0, 0
6002,0.333333, 0.000000, 0.846154,0, 0, 0, 0, 0, 0, 0, 0, 0, 0, 0
6003,0.333333, 0.000000, 0.846154,0, 0, 0, 0, 0, 0, 0, 0, 0, 0, 0
6017,0.370370, 0.000000, 0.846154,0, 0, 0, 0, 0, 0, 0, 0, 0, 0, 0
6020,0.333333, 0.000000, 0.846154,0, 0, 0, 0, 0, 0, 0, 0, 0, 0, 0
6031,0.333333, 0.037037, 0.846154,0, 0, 0, 0, 0, 0, 0, 0, 0, 0, 0
6039,0.333333, 0.037037, 0.846154,0, 0, 0, 0, 0, 0, 0, 0, 0, 0, 0
6049,0.222222, 0.074074, 0.923077,0, 0, 0, 0, 0, 0, 0, 0, 0, 0, 0
6061,0.148148, 0.074074, 1.038462,0, 0, 0, 0, 0, 0, 0, 0, 0, 0, 0
6071,0.037037, 0.074074, 1.076923,0, 0, 0, 0, 0, 0, 0, 0, 0, 0, 0
6081,-0.074074, 0.074074, 1.076923,0, 0, 0, 0, 0, 0, 0, 0, 0, 0, 0
6091,-0.185185, 0.074074, 1.115385,0, 0, 0, 0, 0, 0, 0, 0, 0, 0, 0
6101,-0.259259, 0.074074, 1.076923,0, 0, 0, 0, 0, 0, 0, 0, 0, 0, 0
6111,-0.259259, 0.000000, 1.038462,0, 0, 0, 0, 0, 0, 0, 0, 0, 0, 0
6121,-0.296296, 0.037037, 1.000000,0, 0, 0, 0, 0, 0, 0, 0, 0, 0, 0
6131,-0.296296, 0.000000, 1.000000,0, 0, 0, 0, 0, 0, 0, 0, 0, 0, 0
6141,-0.333333, 0.037037, 1.000000,0, 0, 0, 0, 0, 0, 0, 0, 0, 0, 0
6151,-0.333333, 0.037037, 1.000000,0, 0, 0, 0, 0, 0, 0, 0, 0, 0, 0
6161,-0.333333, 0.037037, 1.000000,0, 0, 0, 0, 0, 0, 0, 0, 0, 0, 0
6173,-0.296296, 0.037037, 1.038462,0, 0, 0, 0, 0, 0, 0, 0, 0, 0, 0
6183,-0.296296, 0.000000, 1.000000,0, 0, 0, 0, 0, 0, 0, 0, 0, 0, 0
6200,-0.259259, 0.037037, 1.038462,0, 0, 0, 0, 0, 0, 0, 0, 0, 0, 0
6215,-0.185185, 0.037037, 1.038462,0, 0, 0, 0, 0, 0, 0, 0, 0, 0, 0
6217,-0.111111, 0.037037, 1.038462,0, 0, 0, 0, 0, 0, 0, 0, 0, 0, 0
6223,0.000000, 0.037037, 1.038462,0, 0, 0, 0, 0, 0, 0, 0, 0, 0, 0
6233,0.111111, 0.074074, 1.038462,0, 0, 0, 0, 0, 0, 0, 0, 0, 0, 0
6243,0.222222, 0.111111, 0.961538,0, 0, 0, 0, 0, 0, 0, 0, 0, 0, 0
6253,0.259259, 0.074074, 0.923077,0, 0, 0, 0, 0, 0, 0, 0, 0, 0, 0
6264,0.296296, 0.000000, 0.846154,0, 0, 0, 0, 0, 0, 0, 0, 0, 0, 0
6273,0.333333, 0.000000, 0.846154,0, 0, 0, 0, 0, 0, 0, 0, 0, 0, 0
6283,0.333333, 0.037037, 0.846154,0, 0, 0, 0, 0, 0, 0, 0, 0, 0, 0
6294,0.333333, 0.000000, 0.846154,0, 0, 0, 0, 0, 0, 0, 0, 0, 0, 0
6304,0.333333, 0.000000, 0.846154,0, 0, 0, 0, 0, 0, 0, 0, 0, 0, 0
6314,0.333333, 0.000000, 0.846154,0, 0, 0, 0, 0, 0, 0, 0, 0, 0, 0
6324,0.296296, 0.037037, 0.884615,0, 0, 0, 0, 0, 0, 0, 0, 0, 0, 0
6334,0.259259, 0.074074, 0.923077,0, 0, 0, 0, 0, 0, 0, 0, 0, 0, 0
6346,0.185185, 0.074074, 0.961538,0, 0, 0, 0, 0, 0, 0, 0, 0, 0, 0
6356,0.111111, 0.037037, 1.000000,0, 0, 0, 0, 0, 0, 0, 0, 0, 0, 0
6366,0.000000, 0.000000, 1.000000,0, 0, 0, 0, 0, 0, 0, 0, 0, 0, 0
6376,-0.111111, 0.000000, 1.000000,0, 0, 0, 0, 0, 0, 0, 0, 0, 0, 0
6387,-0.185185, 0.000000, 1.000000,0, 0, 0, 0, 0, 0, 0, 0, 0, 0, 0
6403,-0.259259, 0.037037, 1.038462,0, 0, 0, 0, 0, 0, 0, 0, 0, 0, 0
6418,-0.296296, 0.037037, 1.038462,0, 0, 0, 0, 0, 0, 0, 0, 0, 0, 0
6418,-0.296296, 0.037037, 1.000000,0, 0, 0, 0, 0, 0, 0, 0, 0, 0, 0
6428,-0.296296, 0.000000, 1.000000,0, 0, 0, 0, 0, 0, 0, 0, 0, 0, 0
6438,-0.296296, 0.037037, 1.000000,0, 0, 0, 0, 0, 0, 0, 0, 0, 0, 0
6447,-0.296296, 0.037037, 1.038462,0, 0, 0, 0, 0, 0, 0, 0, 0, 0, 0
6458,-0.296296, 0.000000, 1.000000,0, 0, 0, 0, 0, 0, 0, 0, 0, 0, 0
6468,-0.259259, 0.037037, 1.000000,0, 0, 0, 0, 0, 0, 0, 0, 0, 0, 0
6478,-0.222222, 0.037037, 1.038462,0, 0, 0, 0, 0, 0, 0, 0, 0, 0, 0
6488,-0.148148, 0.037037, 1.076923,0, 0, 0, 0, 0, 0, 0, 0, 0, 0, 0
6498,-0.074074, 0.037037, 1.038462,0, 0, 0, 0, 0, 0, 0, 0, 0, 0, 0
6510,0.037037, 0.000000, 0.961538,0, 0, 0, 0, 0, 0, 0, 0, 0, 0, 0
6520,0.111111, 0.000000, 0.961538,0, 0, 0, 0, 0, 0, 0, 0, 0, 0, 0
6530,0.185185, 0.074074, 0.923077,0, 0, 0, 0, 0, 0, 0, 0, 0, 0, 0
6540,0.259259, 0.074074, 0.923077,0, 0, 0, 0, 0, 0, 0, 0, 0, 0, 0
6550,0.296296, 0.000000, 0.846154,0, 0, 0, 0, 0, 0, 0, 0, 0, 0, 0
6560,0.296296, 0.037037, 0.846154,0, 0, 0, 0, 0, 0, 0, 0, 0, 0, 0
6570,0.296296, 0.037037, 0.846154,0, 0, 0, 0, 0, 0, 0, 0, 0, 0, 0
6580,0.333333, 0.000000, 0.846154,0, 0, 0, 0, 0, 0, 0, 0, 0, 0, 0
6602,0.296296, 0.000000, 0.884615,0, 0, 0, 0, 0, 0, 0, 0, 0, 0, 0
6617,0.259259, 0.037037, 0.923077,0, 0, 0, 0, 0, 0, 0, 0, 0, 0, 0
6622,0.185185, 0.037037, 0.961538,0, 0, 0, 0, 0, 0, 0, 0, 0, 0, 0
6631,0.111111, 0.000000, 0.961538,0, 0, 0, 0, 0, 0, 0, 0, 0, 0, 0
6642,0.037037, 0.037037, 1.038462,0, 0, 0, 0, 0, 0, 0, 0, 0, 0, 0
6651,-0.037037, 0.074074, 1.038462,0, 0, 0, 0, 0, 0, 0, 0, 0, 0, 0
6662,-0.148148, 0.074074, 1.076923,0, 0, 0, 0, 0, 0, 0, 0, 0, 0, 0
6672,-0.185185, 0.000000, 1.038462,0, 0, 0, 0, 0, 0, 0, 0, 0, 0, 0
6682,-0.222222, 0.000000, 1.000000,0, 0, 0, 0, 0, 0, 0, 0, 0, 0, 0
6692,-0.259259, 0.000000, 1.000000,0, 0, 0, 0, 0, 0, 0, 0, 0, 0, 0
6702,-0.296296, 0.037037, 1.038462,0, 0, 0, 0, 0, 0, 0, 0, 0, 0, 0
6712,-0.296296, 0.037037, 1.000000,0, 0, 0, 0, 0, 0, 0, 0, 0, 0, 0
6722,-0.296296, 0.037037, 1.038462,0, 0, 0, 0, 0, 0, 0, 0, 0, 0, 0
6733,-0.259259, 0.000000, 1.038462,0, 0, 0, 0, 0, 0, 0, 0, 0, 0, 0
6743,-0.259259, 0.037037, 1.038462,0, 0, 0, 0, 0, 0, 0, 0, 0, 0, 0
6753,-0.222222, 0.037037, 1.038462,0, 0, 0, 0, 0, 0, 0, 0, 0, 0, 0
6762,-0.148148, 0.037037, 1.038462,0, 0, 0, 0, 0, 0, 0, 0, 0, 0, 0
6772,-0.074074, 0.000000, 1.000000,0, 0, 0, 0, 0, 0, 0, 0, 0, 0, 0
6782,0.000000, 0.000000, 1.000000,0, 0, 0, 0, 0, 0, 0, 0, 0, 0, 0
6799,0.074074, 0.037037, 1.000000,0, 0, 0, 0, 0, 0, 0, 0, 0, 0, 0
6814,0.185185, 0.111111, 1.000000,0, 0, 0, 0, 0, 0, 0, 0, 0, 0, 0
6816,0.222222, 0.037037, 0.923077,0, 0, 0, 0, 0, 0, 0, 0, 0, 0, 0
6823,0.259259, 0.037037, 0.884615,0, 0, 0, 0, 0, 0, 0, 0, 0, 0, 0
6833,0.296296, 0.000000, 0.846154,0, 0, 0, 0, 0, 0, 0, 0, 0, 0, 0
6843,0.296296, 0.037037, 0.884615,0, 0, 0, 0, 0, 0, 0, 0, 0, 0, 0
6852,0.296296, 0.037037, 0.884615,0, 0, 0, 0, 0, 0, 0, 0, 0, 0, 0
6863,0.296296, 0.000000, 0.884615,0, 0, 0, 0, 0, 0, 0, 0, 0, 0, 0
6873,0.259259, 0.037037, 0.884615,0, 0, 0, 0, 0, 0, 0, 0, 0, 0, 0
6883,0.222222, 0.037037, 0.923077,0, 0, 0, 0, 0, 0, 0, 0, 0, 0, 0
6893,0.185185, 0.074074, 0.961538,0, 0, 0, 0, 0, 0, 0, 0, 0, 0, 0
6903,0.111111, 0.037037, 0.961538,0, 0, 0, 0, 0, 0, 0, 0, 0, 0, 0
6914,0.000000, 0.000000, 0.961538,0, 0, 0, 0, 0, 0, 0, 0, 0, 0, 0
6924,-0.037037, 0.037037, 1.038462,0, 0, 0, 0, 0, 0, 0, 0, 0, 0, 0
6934,-0.148148, 0.074074, 1.076923,0, 0, 0, 0, 0, 0, 0, 0, 0, 0, 0
6944,-0.185185, 0.037037, 1.038462,0, 0, 0, 0, 0, 0, 0, 0, 0, 0, 0
6954,-0.222222, 0.037037, 1.038462,0, 0, 0, 0, 0, 0, 0, 0, 0, 0, 0
6964,-0.259259, 0.037037, 1.038462,0, 0, 0, 0, 0, 0, 0, 0, 0, 0, 0
6975,-0.259259, 0.037037, 1.000000,0, 0, 0, 0, 0, 0, 0, 0, 0, 0, 0
6985,-0.259259, 0.037037, 1.000000,0, 0, 0, 0, 0, 0, 0, 0, 0, 0, 0
7002,-0.259259, 0.037037, 1.000000,0, 0, 0, 0, 0, 0, 0, 0, 0, 0, 0
7017,-0.222222, 0.037037, 1.038462,0, 0, 0, 0, 0, 0, 0, 0, 0, 0, 0
7018,-0.222222, 0.037037, 1.038462,0, 0, 0, 0, 0, 0, 0, 0, 0, 0, 0
7025,-0.148148, 0.037037, 1.038462,0, 0, 0, 0, 0, 0, 0, 0, 0, 0, 0
7035,-0.111111, 0.037037, 1.038462,0, 0, 0, 0, 0, 0, 0, 0, 0, 0, 0
7045,-0.111111, 0.037037, 1.038462,0, 0, 0, 0, 0, 0, 0, 0, 0, 0, 0
7057,0.074074, 0.074074, 1.000000,0, 0, 0, 0, 0, 0, 0, 0, 0, 0, 0
7067,0.111111, 0.037037, 0.961538,0, 0, 0, 0, 0, 0, 0, 0, 0, 0, 0
7078,0.185185, 0.037037, 0.923077,0, 0, 0, 0, 0, 0, 0, 0, 0, 0, 0
7088,0.259259, 0.037037, 0.884615,0, 0, 0, 0, 0, 0, 0, 0, 0, 0, 0
7097,0.259259, 0.037037, 0.884615,0, 0, 0, 0, 0, 0, 0, 0, 0, 0, 0
7108,0.259259, 0.037037, 0.884615,0, 0, 0, 0, 0, 0, 0, 0, 0, 0, 0
7118,0.259259, 0.000000, 0.884615,0, 0, 0, 0, 0, 0, 0, 0, 0, 0, 0
7128,0.259259, 0.000000, 0.884615,0, 0, 0, 0, 0, 0, 0, 0, 0, 0, 0
7138,0.259259, 0.037037, 0.884615,0, 0, 0, 0, 0, 0, 0, 0, 0, 0, 0
7148,0.222222, 0.037037, 0.923077,0, 0, 0, 0, 0, 0, 0, 0, 0, 0, 0
7159,0.185185, 0.074074, 0.961538,0, 0, 0, 0, 0, 0, 0, 0, 0, 0, 0
7169,0.111111, 0.000000, 0.961538,0, 0, 0, 0, 0, 0, 0, 0, 0, 0, 0
7179,0.074074, 0.037037, 1.000000,0, 0, 0, 0, 0, 0, 0, 0, 0, 0, 0
7201,-0.037037, 0.037037, 1.038462,0, 0, 0, 0, 0, 0, 0, 0, 0, 0, 0
7202,-0.111111, 0.037037, 1.038462,0, 0, 0, 0, 0, 0, 0, 0, 0, 0, 0
7216,-0.185185, 0.037037, 1.038462,0, 0, 0, 0, 0, 0, 0, 0, 0, 0, 0
7219,-0.185185, 0.037037, 1.038462,0, 0, 0, 0, 0, 0, 0, 0, 0, 0, 0
7231,-0.222222, 0.037037, 1.038462,0, 0, 0, 0, 0, 0, 0, 0, 0, 0, 0
7241,-0.259259, 0.037037, 1.038462,0, 0, 0, 0, 0, 0, 0, 0, 0, 0, 0
7251,-0.259259, 0.037037, 1.000000,0, 0, 0, 0, 0, 0, 0, 0, 0, 0, 0
7261,-0.259259, 0.037037, 1.000000,0, 0, 0, 0, 0, 0, 0, 0, 0, 0, 0
7271,-0.222222, 0.037037, 1.038462,0, 0, 0, 0, 0, 0, 0, 0, 0, 0, 0
7281,-0.185185, 0.037037, 1.038462,0, 0, 0, 0, 0, 0, 0, 0, 0, 0, 0
7291,-0.148148, 0.037037, 1.038462,0, 0, 0, 0, 0, 0, 0, 0, 0, 0, 0
7301,-0.111111, 0.037037, 1.000000,0, 0, 0, 0, 0, 0, 0, 0, 0, 0, 0
7311,-0.037037, 0.037037, 1.000000,0, 0, 0, 0, 0, 0, 0, 0, 0, 0, 0
7321,0.037037, 0.037037, 1.000000,0, 0, 0, 0, 0, 0, 0, 0, 0, 0, 0
7332,0.111111, 0.037037, 0.961538,0, 0, 0, 0, 0, 0, 0, 0, 0, 0, 0
7343,0.185185, 0.037037, 0.961538,0, 0, 0, 0, 0, 0, 0, 0, 0, 0, 0
7353,0.222222, 0.037037, 0.923077,0, 0, 0, 0, 0, 0, 0, 0, 0, 0, 0
7363,0.222222, 0.037037, 0.884615,0, 0, 0, 0, 0, 0, 0, 0, 0, 0, 0
7373,0.259259, 0.037037, 0.884615,0, 0, 0, 0, 0, 0, 0, 0, 0, 0, 0
7383,0.259259, 0.037037, 0.884615,0, 0, 0, 0, 0, 0, 0, 0, 0, 0, 0
7400,0.222222, 0.037037, 0.884615,0, 0, 0, 0, 0, 0, 0, 0, 0, 0, 0
7415,0.222222, 0.037037, 0.923077,0, 0, 0, 0, 0, 0, 0, 0, 0, 0, 0
7417,0.222222, 0.037037, 0.923077,0, 0, 0, 0, 0, 0, 0, 0, 0, 0, 0
7422,0.185185, 0.037037, 0.961538,0, 0, 0, 0, 0, 0, 0, 0, 0, 0, 0
7432,0.111111, 0.037037, 0.961538,0, 0, 0, 0, 0, 0, 0, 0, 0, 0, 0
7443,0.037037, 0.000000, 1.000000,0, 0, 0, 0, 0, 0, 0, 0, 0, 0, 0
7454,-0.037037, 0.037037, 1.038462,0, 0, 0, 0, 0, 0, 0, 0, 0, 0, 0
7464,-0.074074, 0.037037, 1.000000,0, 0, 0, 0, 0, 0, 0, 0, 0, 0, 0
7474,-0.148148, 0.037037, 1.038462,0, 0, 0, 0, 0, 0, 0, 0, 0, 0, 0
7484,-0.185185, 0.037037, 1.038462,0, 0, 0, 0, 0, 0, 0, 0, 0, 0, 0
7495,-0.222222, 0.037037, 1.038462,0, 0, 0, 0, 0, 0, 0, 0, 0, 0, 0
7505,-0.222222, 0.037037, 1.038462,0, 0, 0, 0, 0, 0, 0, 0, 0, 0, 0
7515,-0.222222, 0.037037, 1.038462,0, 0, 0, 0, 0, 0, 0, 0, 0, 0, 0
7525,-0.222222, 0.037037, 1.038462,0, 0, 0, 0, 0, 0, 0, 0, 0, 0, 0
7537,-0.185185, 0.037037, 1.038462,0, 0, 0, 0, 0, 0, 0, 0, 0, 0, 0
7546,-0.148148, 0.037037, 1.038462,0, 0, 0, 0, 0, 0, 0, 0, 0, 0, 0
7557,-0.111111, 0.037037, 1.038462,0, 0, 0, 0, 0, 0, 0, 0, 0, 0, 0
7567,-0.074074, 0.074074, 1.038462,0, 0, 0, 0, 0, 0, 0, 0, 0, 0, 0
7576,0.000000, 0.037037, 1.038462,0, 0, 0, 0, 0, 0, 0, 0, 0, 0, 0
7587,0.074074, 0.037037, 1.000000,0, 0, 0, 0, 0, 0, 0, 0, 0, 0, 0
7603,0.111111, 0.037037, 0.961538,0, 0, 0, 0, 0, 0, 0, 0, 0, 0, 0
7618,0.185185, 0.037037, 0.923077,0, 0, 0, 0, 0, 0, 0, 0, 0, 0, 0
7619,0.222222, 0.037037, 0.923077,0, 0, 0, 0, 0, 0, 0, 0, 0, 0, 0
7627,0.222222, 0.037037, 0.884615,0, 0, 0, 0, 0, 0, 0, 0, 0, 0, 0
7637,0.222222, 0.037037, 0.884615,0, 0, 0, 0, 0, 0, 0, 0, 0, 0, 0
7649,0.222222, 0.037037, 0.923077,0, 0, 0, 0, 0, 0, 0, 0, 0, 0, 0
7659,0.222222, 0.037037, 0.923077,0, 0, 0, 0, 0, 0, 0, 0, 0, 0, 0
7669,0.185185, 0.037037, 0.923077,0, 0, 0, 0, 0, 0, 0, 0, 0, 0, 0
7679,0.148148, 0.037037, 0.961538,0, 0, 0, 0, 0, 0, 0, 0, 0, 0, 0
7689,0.111111, 0.037037, 0.961538,0, 0, 0, 0, 0, 0, 0, 0, 0, 0, 0
7699,0.037037, 0.037037, 1.000000,0, 0, 0, 0, 0, 0, 0, 0, 0, 0, 0
7708,-0.037037, 0.037037, 1.038462,0, 0, 0, 0, 0, 0, 0, 0, 0, 0, 0
7719,-0.037037, 0.037037, 1.038462,0, 0, 0, 0, 0, 0, 0, 0, 0, 0, 0
7729,-0.111111, 0.074074, 1.038462,0, 0, 0, 0, 0, 0, 0, 0, 0, 0, 0
7738,-0.185185, 0.037037, 1.038462,0, 0, 0, 0, 0, 0, 0, 0, 0, 0, 0
7749,-0.185185, 0.037037, 1.038462,0, 0, 0, 0, 0, 0, 0, 0, 0, 0, 0
7759,-0.185185, 0.037037, 1.038462,0, 0, 0, 0, 0, 0, 0, 0, 0, 0, 0
7770,-0.222222, 0.037037, 1.038462,0, 0, 0, 0, 0, 0, 0, 0, 0, 0, 0
7780,-0.185185, 0.037037, 1.038462,0, 0, 0, 0, 0, 0, 0, 0, 0, 0, 0
7801,-0.185185, 0.037037, 1.000000,0, 0, 0, 0, 0, 0, 0, 0, 0, 0, 0
7802,-0.148148, 0.037037, 1.038462,0, 0, 0, 0, 0, 0, 0, 0, 0, 0, 0
7817,-0.111111, 0.037037, 1.038462,0, 0, 0, 0, 0, 0, 0, 0, 0, 0, 0
7822,-0.074074, 0.037037, 1.038462,0, 0, 0, 0, 0, 0, 0, 0, 0, 0, 0
7831,0.000000, 0.037037, 1.038462,0, 0, 0, 0, 0, 0, 0, 0, 0, 0, 0
7841,0.074074, 0.037037, 1.000000,0, 0, 0, 0, 0, 0, 0, 0, 0, 0, 0
7852,0.111111, 0.037037, 0.961538,0, 0, 0, 0, 0, 0, 0, 0, 0, 0, 0
7862,0.148148, 0.037037, 0.961538,0, 0, 0, 0, 0, 0, 0, 0, 0, 0, 0
7871,0.222222, 0.037037, 0.923077,0, 0, 0, 0, 0, 0, 0, 0, 0, 0, 0
7881,0.222222, 0.037037, 0.923077,0, 0, 0, 0, 0, 0, 0, 0, 0, 0, 0
7891,0.222222, 0.037037, 0.923077,0, 0, 0, 0, 0, 0, 0, 0, 0, 0, 0
7903,0.222222, 0.037037, 0.923077,0, 0, 0, 0, 0, 0, 0, 0, 0, 0, 0
7912,0.222222, 0.037037, 0.923077,0, 0, 0, 0, 0, 0, 0, 0, 0, 0, 0
7922,0.185185, 0.037037, 0.961538,0, 0, 0, 0, 0, 0, 0, 0, 0, 0, 0
7932,0.148148, 0.037037, 0.961538,0, 0, 0, 0, 0, 0, 0, 0, 0, 0, 0
7943,0.074074, 0.037037, 1.000000,0, 0, 0, 0, 0, 0, 0, 0, 0, 0, 0
7954,0.037037, 0.037037, 1.000000,0, 0, 0, 0, 0, 0, 0, 0, 0, 0, 0
7963,-0.037037, 0.037037, 1.038462,0, 0, 0, 0, 0, 0, 0, 0, 0, 0, 0
7974,-0.074074, 0.037037, 1.038462,0, 0, 0, 0, 0, 0, 0, 0, 0, 0, 0
7984,-0.111111, 0.074074, 1.038462,0, 0, 0, 0, 0, 0, 0, 0, 0, 0, 0
8002,-0.148148, 0.037037, 1.076923,0, 0, 0, 0, 0, 0, 0, 0, 0, 0, 0
8017,-0.185185, 0.037037, 1.038462,0, 0, 0, 0, 0, 0, 0, 0, 0, 0, 0
8018,-0.185185, 0.037037, 1.038462,0, 0, 0, 0, 0, 0, 0, 0, 0, 0, 0
8024,-0.185185, 0.037037, 1.000000,0, 0, 0, 0, 0, 0, 0, 0, 0, 0, 0
8034,-0.185185, 0.037037, 1.000000,0, 0, 0, 0, 0, 0, 0, 0, 0, 0, 0
8044,-0.148148, 0.037037, 1.038462,0, 0, 0, 0, 0, 0, 0, 0, 0, 0, 0
8052,-0.148148, 0.037037, 1.038462,0, 0, 0, 0, 0, 0, 0, 0, 0, 0, 0
8064,-0.074074, 0.037037, 1.000000,0, 0, 0, 0, 0, 0, 0, 0, 0, 0, 0
8074,-0.037037, 0.037037, 1.000000,0, 0, 0, 0, 0, 0, 0, 0, 0, 0, 0
8084,0.000000, 0.037037, 1.000000,0, 0, 0, 0, 0, 0, 0, 0, 0, 0, 0
8095,0.074074, 0.037037, 0.961538,0, 0, 0, 0, 0, 0, 0, 0, 0, 0, 0
8105,0.111111, 0.037037, 0.961538,0, 0, 0, 0, 0, 0, 0, 0, 0, 0, 0
8114,0.148148, 0.037037, 0.961538,0, 0, 0, 0, 0, 0, 0, 0, 0, 0, 0
8126,0.185185, 0.037037, 0.923077,0, 0, 0, 0, 0, 0, 0, 0, 0, 0, 0
8136,0.185185, 0.037037, 0.923077,0, 0, 0, 0, 0, 0, 0, 0, 0, 0, 0
8146,0.222222, 0.037037, 0.923077,0, 0, 0, 0, 0, 0, 0, 0, 0, 0, 0
8156,0.222222, 0.037037, 0.923077,0, 0, 0, 0, 0, 0, 0, 0, 0, 0, 0
8167,0.185185, 0.037037, 0.923077,0, 0, 0, 0, 0, 0, 0, 0, 0, 0, 0
8177,0.148148, 0.037037, 0.961538,0, 0, 0, 0, 0, 0, 0, 0, 0, 0, 0
8188,0.074074, 0.037037, 1.000000,0, 0, 0, 0, 0, 0, 0, 0, 0, 0, 0
8203,0.074074, 0.074074, 1.000000,0, 0, 0, 0, 0, 0, 0, 0, 0, 0, 0
8218,0.000000, 0.037037, 1.038462,0, 0, 0, 0, 0, 0, 0, 0, 0, 0, 0
8219,-0.037037, 0.037037, 1.000000,0, 0, 0, 0, 0, 0, 0, 0, 0, 0, 0
8228,-0.074074, 0.037037, 1.038462,0, 0, 0, 0, 0, 0, 0, 0, 0, 0, 0
8239,-0.111111, 0.037037, 1.038462,0, 0, 0, 0, 0, 0, 0, 0, 0, 0, 0
8249,-0.148148, 0.037037, 1.038462,0, 0, 0, 0, 0, 0, 0, 0, 0, 0, 0
8259,-0.185185, 0.037037, 1.038462,0, 0, 0, 0, 0, 0, 0, 0, 0, 0, 0
8269,-0.185185, 0.037037, 1.038462,0, 0, 0, 0, 0, 0, 0, 0, 0, 0, 0
8279,-0.185185, 0.037037, 1.038462,0, 0, 0, 0, 0, 0, 0, 0, 0, 0, 0
8289,-0.148148, 0.037037, 1.038462,0, 0, 0, 0, 0, 0, 0, 0, 0, 0, 0
8299,-0.111111, 0.037037, 1.038462,0, 0, 0, 0, 0, 0, 0, 0, 0, 0, 0
8309,-0.074074, 0.000000, 1.000000,0, 0, 0, 0, 0, 0, 0, 0, 0, 0, 0
8324,-0.037037, 0.037037, 1.000000,0, 0, 0, 0, 0, 0, 0, 0, 0, 0, 0
8329,-0.037037, 0.037037, 1.000000,0, 0, 0, 0, 0, 0, 0, 0, 0, 0, 0
8339,0.037037, 0.037037, 0.961538,0, 0, 0, 0, 0, 0, 0, 0, 0, 0, 0
8351,0.111111, 0.037037, 0.961538,0, 0, 0, 0, 0, 0, 0, 0, 0, 0, 0
8360,0.111111, 0.000000, 0.961538,0, 0, 0, 0, 0, 0, 0, 0, 0, 0, 0
8372,0.148148, 0.037037, 0.923077,0, 0, 0, 0, 0, 0, 0, 0, 0, 0, 0
8382,0.185185, 0.037037, 0.923077,0, 0, 0, 0, 0, 0, 0, 0, 0, 0, 0
8400,0.185185, 0.037037, 0.923077,0, 0, 0, 0, 0, 0, 0, 0, 0, 0, 0
8402,0.185185, 0.037037, 0.923077,0, 0, 0, 0, 0, 0, 0, 0, 0, 0, 0
8414,0.148148, 0.037037, 0.961538,0, 0, 0, 0, 0, 0, 0, 0, 0, 0, 0
8422,0.148148, 0.037037, 0.961538,0, 0, 0, 0, 0, 0, 0, 0, 0, 0, 0
8432,0.074074, 0.037037, 1.000000,0, 0, 0, 0, 0, 0, 0, 0, 0, 0, 0
8441,0.074074, 0.037037, 1.000000,0, 0, 0, 0, 0, 0, 0, 0, 0, 0, 0
8452,0.000000, 0.037037, 1.000000,0, 0, 0, 0, 0, 0, 0, 0, 0, 0, 0
8462,-0.037037, 0.037037, 1.000000,0, 0, 0, 0, 0, 0, 0, 0, 0, 0, 0
8471,-0.037037, 0.037037, 1.000000,0, 0, 0, 0, 0, 0, 0, 0, 0, 0, 0
8482,-0.074074, 0.037037, 1.000000,0, 0, 0, 0, 0, 0, 0, 0, 0, 0, 0
8491,-0.111111, 0.037037, 1.000000,0, 0, 0, 0, 0, 0, 0, 0, 0, 0, 0
8502,-0.111111, 0.037037, 1.038462,0, 0, 0, 0, 0, 0, 0, 0, 0, 0, 0
8512,-0.148148, 0.037037, 1.038462,0, 0, 0, 0, 0, 0, 0, 0, 0, 0, 0
8521,-0.148148, 0.037037, 1.038462,0, 0, 0, 0, 0, 0, 0, 0, 0, 0, 0
8532,-0.148148, 0.037037, 1.038462,0, 0, 0, 0, 0, 0, 0, 0, 0, 0, 0
8543,-0.111111, 0.037037, 1.038462,0, 0, 0, 0, 0, 0, 0, 0, 0, 0, 0
8552,-0.074074, 0.037037, 1.000000,0, 0, 0, 0, 0, 0, 0, 0, 0, 0, 0
8563,-0.037037, 0.037037, 1.000000,0, 0, 0, 0, 0, 0, 0, 0, 0, 0, 0
8573,-0.037037, 0.037037, 1.000000,0, 0, 0, 0, 0, 0, 0, 0, 0, 0, 0
8584,0.000000, 0.037037, 1.000000,0, 0, 0, 0, 0, 0, 0, 0, 0, 0, 0
8602,0.074074, 0.037037, 0.961538,0, 0, 0, 0, 0, 0, 0, 0, 0, 0, 0
8617,0.111111, 0.037037, 0.961538,0, 0, 0, 0, 0, 0, 0, 0, 0, 0, 0
8618,0.111111, 0.037037, 0.961538,0, 0, 0, 0, 0, 0, 0, 0, 0, 0, 0
8624,0.148148, 0.037037, 0.961538,0, 0, 0, 0, 0, 0, 0, 0, 0, 0, 0
8635,0.148148, 0.037037, 0.923077,0, 0, 0, 0, 0, 0, 0, 0, 0, 0, 0
8646,0.185185, 0.037037, 0.923077,0, 0, 0, 0, 0, 0, 0, 0, 0, 0, 0
8656,0.148148, 0.037037, 0.961538,0, 0, 0, 0, 0, 0, 0, 0, 0, 0, 0
8667,0.111111, 0.037037, 0.961538,0, 0, 0, 0, 0, 0, 0, 0, 0, 0, 0
8677,0.111111, 0.037037, 0.961538,0, 0, 0, 0, 0, 0, 0, 0, 0, 0, 0
8687,0.074074, 0.037037, 0.961538,0, 0, 0, 0, 0, 0, 0, 0, 0, 0, 0
8697,0.037037, 0.037037, 1.000000,0, 0, 0, 0, 0, 0, 0, 0, 0, 0, 0
8706,0.000000, 0.037037, 1.000000,0, 0, 0, 0, 0, 0, 0, 0, 0, 0, 0
8717,-0.037037, 0.037037, 1.038462,0, 0, 0, 0, 0, 0, 0, 0, 0, 0, 0
8728,-0.074074, 0.037037, 1.038462,0, 0, 0, 0, 0, 0, 0, 0, 0, 0, 0
8738,-0.111111, 0.037037, 1.038462,0, 0, 0, 0, 0, 0, 0, 0, 0, 0, 0
8748,-0.111111, 0.037037, 1.038462,0, 0, 0, 0, 0, 0, 0, 0, 0, 0, 0
8758,-0.111111, 0.037037, 1.000000,0, 0, 0, 0, 0, 0, 0, 0, 0, 0, 0
8768,-0.111111, 0.037037, 1.000000,0, 0, 0, 0, 0, 0, 0, 0, 0, 0, 0
8778,-0.111111, 0.037037, 1.000000,0, 0, 0, 0, 0, 0, 0, 0, 0, 0, 0
8788,-0.111111, 0.037037, 1.038462,0, 0, 0, 0, 0, 0, 0, 0, 0, 0, 0
8803,-0.074074, 0.037037, 1.038462,0, 0, 0, 0, 0, 0, 0, 0, 0, 0, 0
8818,-0.037037, 0.037037, 1.000000,0, 0, 0, 0, 0, 0, 0, 0, 0, 0, 0
8819,-0.037037, 0.037037, 1.000000,0, 0, 0, 0, 0, 0, 0, 0, 0, 0, 0
8828,0.000000, 0.037037, 1.000000,0, 0, 0, 0, 0, 0, 0, 0, 0, 0, 0
8839,0.037037, 0.037037, 1.000000,0, 0, 0, 0, 0, 0, 0, 0, 0, 0, 0
8849,0.074074, 0.037037, 1.000000,0, 0, 0, 0, 0, 0, 0, 0, 0, 0, 0
8859,0.074074, 0.037037, 0.961538,0, 0, 0, 0, 0, 0, 0, 0, 0, 0, 0
8869,0.111111, 0.037037, 0.961538,0, 0, 0, 0, 0, 0, 0, 0, 0, 0, 0
8879,0.148148, 0.037037, 0.923077,0, 0, 0, 0, 0, 0, 0, 0, 0, 0, 0
8889,0.148148, 0.037037, 0.923077,0, 0, 0, 0, 0, 0, 0, 0, 0, 0, 0
8899,0.148148, 0.037037, 0.961538,0, 0, 0, 0, 0, 0, 0, 0, 0, 0, 0
8909,0.111111, 0.037037, 0.961538,0, 0, 0, 0, 0, 0, 0, 0, 0, 0, 0
8919,0.111111, 0.037037, 0.961538,0, 0, 0, 0, 0, 0, 0, 0, 0, 0, 0
8929,0.074074, 0.037037, 0.961538,0, 0, 0, 0, 0, 0, 0, 0, 0, 0, 0
8939,0.074074, 0.037037, 1.000000,0, 0, 0, 0, 0, 0, 0, 0, 0, 0, 0
8949,0.000000, 0.074074, 1.000000,0, 0, 0, 0, 0, 0, 0, 0, 0, 0, 0
8959,-0.037037, 0.037037, 1.000000,0, 0, 0, 0, 0, 0, 0, 0, 0, 0, 0
8971,-0.037037, 0.037037, 1.000000,0, 0, 0, 0, 0, 0, 0, 0, 0, 0, 0
8981,-0.037037, 0.037037, 1.000000,0, 0, 0, 0, 0, 0, 0, 0, 0, 0, 0
9002,-0.111111, 0.037037, 1.038462,0, 0, 0, 0, 0, 0, 0, 0, 0, 0, 0
9017,-0.111111, 0.037037, 1.038462,0, 0, 0, 0, 0, 0, 0, 0, 0, 0, 0
9022,-0.111111, 0.037037, 1.038462,0, 0, 0, 0, 0, 0, 0, 0, 0, 0, 0
9032,-0.111111, 0.037037, 1.038462,0, 0, 0, 0, 0, 0, 0, 0, 0, 0, 0
9042,-0.074074, 0.037037, 1.000000,0, 0, 0, 0, 0, 0, 0, 0, 0, 0, 0
9052,-0.037037, 0.037037, 1.000000,0, 0, 0, 0, 0, 0, 0, 0, 0, 0, 0
9061,-0.037037, 0.037037, 1.000000,0, 0, 0, 0, 0, 0, 0, 0, 0, 0, 0
9072,0.000000, 0.074074, 1.000000,0, 0, 0, 0, 0, 0, 0, 0, 0, 0, 0
9082,0.037037, 0.037037, 1.000000,0, 0, 0, 0, 0, 0, 0, 0, 0, 0, 0
9093,0.074074, 0.037037, 0.961538,0, 0, 0, 0, 0, 0, 0, 0, 0, 0, 0
9103,0.074074, 0.037037, 0.961538,0, 0, 0, 0, 0, 0, 0, 0, 0, 0, 0
9113,0.111111, 0.037037, 0.961538,0, 0, 0, 0, 0, 0, 0, 0, 0, 0, 0
9124,0.111111, 0.037037, 0.961538,0, 0, 0, 0, 0, 0, 0, 0, 0, 0, 0
9134,0.111111, 0.037037, 0.961538,0, 0, 0, 0, 0, 0, 0, 0, 0, 0, 0
9143,0.111111, 0.037037, 0.961538,0, 0, 0, 0, 0, 0, 0, 0, 0, 0, 0
9153,0.111111, 0.037037, 0.961538,0, 0, 0, 0, 0, 0, 0, 0, 0, 0, 0
9163,0.111111, 0.037037, 0.961538,0, 0, 0, 0, 0, 0, 0, 0, 0, 0, 0
9176,0.074074, 0.037037, 0.961538,0, 0, 0, 0, 0, 0, 0, 0, 0, 0, 0
9186,0.074074, 0.037037, 1.000000,0, 0, 0, 0, 0, 0, 0, 0, 0, 0, 0
9202,0.037037, 0.037037, 1.000000,0, 0, 0, 0, 0, 0, 0, 0, 0, 0, 0
9217,0.000000, 0.037037, 1.000000,0, 0, 0, 0, 0, 0, 0, 0, 0, 0, 0
9218,0.000000, 0.037037, 1.000000,0, 0, 0, 0, 0, 0, 0, 0, 0, 0, 0
9226,-0.037037, 0.037037, 1.000000,0, 0, 0, 0, 0, 0, 0, 0, 0, 0, 0
9236,-0.037037, 0.037037, 1.000000,0, 0, 0, 0, 0, 0, 0, 0, 0, 0, 0
9245,-0.074074, 0.037037, 1.000000,0, 0, 0, 0, 0, 0, 0, 0, 0, 0, 0
9257,-0.074074, 0.037037, 1.000000,0, 0, 0, 0, 0, 0, 0, 0, 0, 0, 0
9266,-0.074074, 0.037037, 1.038462,0, 0, 0, 0, 0, 0, 0, 0, 0, 0, 0
9277,-0.074074, 0.037037, 1.038462,0, 0, 0, 0, 0, 0, 0, 0, 0, 0, 0
9288,-0.074074, 0.037037, 1.000000,0, 0, 0, 0, 0, 0, 0, 0, 0, 0, 0
9298,-0.074074, 0.037037, 1.000000,0, 0, 0, 0, 0, 0, 0, 0, 0, 0, 0
9308,-0.037037, 0.037037, 1.000000,0, 0, 0, 0, 0, 0, 0, 0, 0, 0, 0
9318,-0.037037, 0.037037, 1.000000,0, 0, 0, 0, 0, 0, 0, 0, 0, 0, 0
9328,-0.037037, 0.037037, 1.000000,0, 0, 0, 0, 0, 0, 0, 0, 0, 0, 0
9338,0.000000, 0.037037, 1.000000,0, 0, 0, 0, 0, 0, 0, 0, 0, 0, 0
9349,0.074074, 0.037037, 0.961538,0, 0, 0, 0, 0, 0, 0, 0, 0, 0, 0
9359,0.074074, 0.037037, 0.961538,0, 0, 0, 0, 0, 0, 0, 0, 0, 0, 0
9371,0.074074, 0.037037, 0.961538,0, 0, 0, 0, 0, 0, 0, 0, 0, 0, 0
9381,0.074074, 0.037037, 0.961538,0, 0, 0, 0, 0, 0, 0, 0, 0, 0, 0
9401,0.111111, 0.037037, 0.961538,0, 0, 0, 0, 0, 0, 0, 0, 0, 0, 0
9402,0.111111, 0.037037, 0.961538,0, 0, 0, 0, 0, 0, 0, 0, 0, 0, 0
9417,0.074074, 0.037037, 0.961538,0, 0, 0, 0, 0, 0, 0, 0, 0, 0, 0
9421,0.074074, 0.037037, 0.961538,0, 0, 0, 0, 0, 0, 0, 0, 0, 0, 0
9432,0.074074, 0.037037, 1.000000,0, 0, 0, 0, 0, 0, 0, 0, 0, 0, 0
9442,0.074074, 0.037037, 1.000000,0, 0, 0, 0, 0, 0, 0, 0, 0, 0, 0
9452,0.037037, 0.037037, 1.000000,0, 0, 0, 0, 0, 0, 0, 0, 0, 0, 0
9461,0.000000, 0.037037, 1.000000,0, 0, 0, 0, 0, 0, 0, 0, 0, 0, 0
9471,-0.037037, 0.037037, 1.000000,0, 0, 0, 0, 0, 0, 0, 0, 0, 0, 0
9482,-0.037037, 0.037037, 1.000000,0, 0, 0, 0, 0, 0, 0, 0, 0, 0, 0
9492,-0.037037, 0.037037, 1.000000,0, 0, 0, 0, 0, 0, 0, 0, 0, 0, 0
9502,-0.037037, 0.037037, 1.000000,0, 0, 0, 0, 0, 0, 0, 0, 0, 0, 0
9512,-0.037037, 0.037037, 1.000000,0, 0, 0, 0, 0, 0, 0, 0, 0, 0, 0
9522,-0.074074, 0.037037, 1.000000,0, 0, 0, 0, 0, 0, 0, 0, 0, 0, 0
9532,-0.074074, 0.037037, 1.000000,0, 0, 0, 0, 0, 0, 0, 0, 0, 0, 0
9543,-0.074074, 0.037037, 1.000000,0, 0, 0, 0, 0, 0, 0, 0, 0, 0, 0
9553,-0.037037, 0.037037, 1.000000,0, 0, 0, 0, 0, 0, 0, 0, 0, 0, 0
9563,-0.037037, 0.037037, 1.000000,0, 0, 0, 0, 0, 0, 0, 0, 0, 0, 0
9573,-0.037037, 0.037037, 1.000000,0, 0, 0, 0, 0, 0, 0, 0, 0, 0, 0
9583,-0.037037, 0.037037, 1.000000,0, 0, 0, 0, 0, 0, 0, 0, 0, 0, 0
9602,0.000000, 0.037037, 1.000000,0, 0, 0, 0, 0, 0, 0, 0, 0, 0, 0
9616,0.037037, 0.037037, 1.000000,0, 0, 0, 0, 0, 0, 0, 0, 0, 0, 0
9617,0.074074, 0.037037, 0.961538,0, 0, 0, 0, 0, 0, 0, 0, 0, 0, 0
9624,0.074074, 0.037037, 0.961538,0, 0, 0, 0, 0, 0, 0, 0, 0, 0, 0
9633,0.074074, 0.037037, 0.961538,0, 0, 0, 0, 0, 0, 0, 0, 0, 0, 0
9644,0.074074, 0.037037, 0.961538,0, 0, 0, 0, 0, 0, 0, 0, 0, 0, 0
9656,0.074074, 0.037037, 0.961538,0, 0, 0, 0, 0, 0, 0, 0, 0, 0, 0
9666,0.074074, 0.037037, 0.961538,0, 0, 0, 0, 0, 0, 0, 0, 0, 0, 0
9676,0.074074, 0.037037, 0.961538,0, 0, 0, 0, 0, 0, 0, 0, 0, 0, 0
9686,0.074074, 0.037037, 0.961538,0, 0, 0, 0, 0, 0, 0, 0, 0, 0, 0
9697,0.037037, 0.037037, 0.961538,0, 0, 0, 0, 0, 0, 0, 0, 0, 0, 0
9707,0.000000, 0.037037, 1.000000,0, 0, 0, 0, 0, 0, 0, 0, 0, 0, 0
9717,0.000000, 0.037037, 1.000000,0, 0, 0, 0, 0, 0, 0, 0, 0, 0, 0
9727,-0.037037, 0.037037, 1.000000,0, 0, 0, 0, 0, 0, 0, 0, 0, 0, 0
9737,-0.037037, 0.037037, 1.000000,0, 0, 0, 0, 0, 0, 0, 0, 0, 0, 0
9747,-0.037037, 0.037037, 1.000000,0, 0, 0, 0, 0, 0, 0, 0, 0, 0, 0
9758,-0.037037, 0.037037, 1.000000,0, 0, 0, 0, 0, 0, 0, 0, 0, 0, 0
9768,-0.037037, 0.037037, 1.000000,0, 0, 0, 0, 0, 0, 0, 0, 0, 0, 0
9779,-0.037037, 0.037037, 1.038462,0, 0, 0, 0, 0, 0, 0, 0, 0, 0, 0
9802,-0.037037, 0.037037, 1.038462,0, 0, 0, 0, 0, 0, 0, 0, 0, 0, 0
9803,-0.037037, 0.037037, 1.000000,0, 0, 0, 0, 0, 0, 0, 0, 0, 0, 0
9817,-0.037037, 0.037037, 1.000000,0, 0, 0, 0, 0, 0, 0, 0, 0, 0, 0
9819,-0.037037, 0.037037, 1.000000,0, 0, 0, 0, 0, 0, 0, 0, 0, 0, 0
9831,0.000000, 0.037037, 1.000000,0, 0, 0, 0, 0, 0, 0, 0, 0, 0, 0
9840,0.037037, 0.037037, 1.000000,0, 0, 0, 0, 0, 0, 0, 0, 0, 0, 0
9851,0.037037, 0.037037, 0.961538,0, 0, 0, 0, 0, 0, 0, 0, 0, 0, 0
9862,0.074074, 0.037037, 0.961538,0, 0, 0, 0, 0, 0, 0, 0, 0, 0, 0
9873,0.074074, 0.037037, 0.961538,0, 0, 0, 0, 0, 0, 0, 0, 0, 0, 0
9882,0.074074, 0.037037, 0.961538,0, 0, 0, 0, 0, 0, 0, 0, 0, 0, 0
9892,0.074074, 0.037037, 0.961538,0, 0, 0, 0, 0, 0, 0, 0, 0, 0, 0
9902,0.074074, 0.037037, 0.961538,0, 0, 0, 0, 0, 0, 0, 0, 0, 0, 0
9913,0.074074, 0.037037, 1.000000,0, 0, 0, 0, 0, 0, 0, 0, 0, 0, 0
9923,0.037037, 0.037037, 0.961538,0, 0, 0, 0, 0, 0, 0, 0, 0, 0, 0
9933,0.037037, 0.037037, 1.000000,0, 0, 0, 0, 0, 0, 0, 0, 0, 0, 0
9942,0.000000, 0.037037, 1.000000,0, 0, 0, 0, 0, 0, 0, 0, 0, 0, 0
9953,0.000000, 0.037037, 1.000000,0, 0, 0, 0, 0, 0, 0, 0, 0, 0, 0
9964,0.000000, 0.037037, 1.000000,0, 0, 0, 0, 0, 0, 0, 0, 0, 0, 0
9973,-0.037037, 0.037037, 1.000000,0, 0, 0, 0, 0, 0, 0, 0, 0, 0, 0
9982,-0.037037, 0.037037, 1.000000,0, 0, 0, 0, 0, 0, 0, 0, 0, 0, 0
10001,-0.037037, 0.037037, 1.000000,0, 0, 0, 0, 0, 0, 0, 0, 0, 0, 0
10016,-0.037037, 0.037037, 1.038462,0, 0, 0, 0, 0, 0, 0, 0, 0, 0, 0
10017,-0.037037, 0.037037, 1.000000,0, 0, 0, 0, 0, 0, 0, 0, 0, 0, 0
10023,-0.037037, 0.037037, 1.000000,0, 0, 0, 0, 0, 0, 0, 0, 0, 0, 0
10033,-0.037037, 0.037037, 1.000000,0, 0, 0, 0, 0, 0, 0, 0, 0, 0, 0
10043,-0.037037, 0.037037, 1.000000,0, 0, 0, 0, 0, 0, 0, 0, 0, 0, 0
10053,0.000000, 0.037037, 1.000000,0, 0, 0, 0, 0, 0, 0, 0, 0, 0, 0
10062,0.000000, 0.037037, 1.000000,0, 0, 0, 0, 0, 0, 0, 0, 0, 0, 0
10073,0.037037, 0.037037, 1.000000,0, 0, 0, 0, 0, 0, 0, 0, 0, 0, 0
10083,0.037037, 0.037037, 0.961538,0, 0, 0, 0, 0, 0, 0, 0, 0, 0, 0
10093,0.074074, 0.037037, 0.961538,0, 0, 0, 0, 0, 0, 0, 0, 0, 0, 0
10103,0.074074, 0.037037, 0.961538,0, 0, 0, 0, 0, 0, 0, 0, 0, 0, 0
10113,0.074074, 0.037037, 0.961538,0, 0, 0, 0, 0, 0, 0, 0, 0, 0, 0
10123,0.074074, 0.037037, 0.961538,0, 0, 0, 0, 0, 0, 0, 0, 0, 0, 0
10134,0.037037, 0.037037, 0.961538,0, 0, 0, 0, 0, 0, 0, 0, 0, 0, 0
10147,0.037037, 0.037037, 0.961538,0, 0, 0, 0, 0, 0, 0, 0, 0, 0, 0
10153,0.037037, 0.037037, 1.000000,0, 0, 0, 0, 0, 0, 0, 0, 0, 0, 0
10166,0.000000, 0.037037, 1.000000,0, 0, 0, 0, 0, 0, 0, 0, 0, 0, 0
10176,0.000000, 0.037037, 1.000000,0, 0, 0, 0, 0, 0, 0, 0, 0, 0, 0
10185,-0.037037, 0.037037, 1.000000,0, 0, 0, 0, 0, 0, 0, 0, 0, 0, 0
10202,-0.037037, 0.037037, 1.000000,0, 0, 0, 0, 0, 0, 0, 0, 0, 0, 0
10216,-0.037037, 0.037037, 1.000000,0, 0, 0, 0, 0, 0, 0, 0, 0, 0, 0
10217,-0.037037, 0.037037, 1.000000,0, 0, 0, 0, 0, 0, 0, 0, 0, 0, 0
10226,-0.037037, 0.037037, 1.000000,0, 0, 0, 0, 0, 0, 0, 0, 0, 0, 0
10236,-0.111111, 0.037037, 1.000000,0, 0, 0, 0, 0, 0, 0, 0, 0, 0, 0
10246,-0.037037, 0.037037, 1.000000,0, 0, 0, 0, 0, 0, 0, 0, 0, 0, 0
10256,0.000000, 0.037037, 1.000000,0, 0, 0, 0, 0, 0, 0, 0, 0, 0, 0
10266,0.000000, 0.037037, 1.000000,0, 0, 0, 0, 0, 0, 0, 0, 0, 0, 0
10277,0.000000, 0.037037, 1.000000,0, 0, 0, 0, 0, 0, 0, 0, 0, 0, 0
10287,0.037037, 0.037037, 1.000000,0, 0, 0, 0, 0, 0, 0, 0, 0, 0, 0
10296,0.037037, 0.037037, 0.961538,0, 0, 0, 0, 0, 0, 0, 0, 0, 0, 0
10308,0.037037, 0.037037, 1.000000,0, 0, 0, 0, 0, 0, 0, 0, 0, 0, 0
10318,0.037037, 0.037037, 1.000000,0, 0, 0, 0, 0, 0, 0, 0, 0, 0, 0
10327,0.037037, 0.037037, 1.000000,0, 0, 0, 0, 0, 0, 0, 0, 0, 0, 0
10338,0.037037, 0.037037, 0.961538,0, 0, 0, 0, 0, 0, 0, 0, 0, 0, 0
10348,0.037037, 0.037037, 0.961538,0, 0, 0, 0, 0, 0, 0, 0, 0, 0, 0
10357,0.000000, 0.037037, 0.961538,0, 0, 0, 0, 0, 0, 0, 0, 0, 0, 0
10369,0.000000, 0.037037, 1.000000,0, 0, 0, 0, 0, 0, 0, 0, 0, 0, 0
10378,0.000000, 0.037037, 1.000000,0, 0, 0, 0, 0, 0, 0, 0, 0, 0, 0
10388,0.000000, 0.037037, 1.000000,0, 0, 0, 0, 0, 0, 0, 0, 0, 0, 0
10402,0.000000, 0.037037, 1.000000,0, 0, 0, 0, 0, 0, 0, 0, 0, 0, 0
10418,-0.037037, 0.037037, 1.000000,0, 0, 0, 0, 0, 0, 0, 0, 0, 0, 0
10419,-0.037037, 0.037037, 1.000000,0, 0, 0, 0, 0, 0, 0, 0, 0, 0, 0
10429,-0.037037, 0.037037, 1.000000,0, 0, 0, 0, 0, 0, 0, 0, 0, 0, 0
10439,0.000000, 0.037037, 1.000000,0, 0, 0, 0, 0, 0, 0, 0, 0, 0, 0
10449,0.000000, 0.037037, 1.000000,0, 0, 0, 0, 0, 0, 0, 0, 0, 0, 0
10459,0.000000, 0.037037, 1.000000,0, 0, 0, 0, 0, 0, 0, 0, 0, 0, 0
10468,0.000000, 0.037037, 1.000000,0, 0, 0, 0, 0, 0, 0, 0, 0, 0, 0
10479,0.000000, 0.037037, 1.000000,0, 0, 0, 0, 0, 0, 0, 0, 0, 0, 0
10489,0.037037, 0.037037, 0.961538,0, 0, 0, 0, 0, 0, 0, 0, 0, 0, 0
10499,0.037037, 0.037037, 0.961538,0, 0, 0, 0, 0, 0, 0, 0, 0, 0, 0
10511,0.037037, 0.037037, 1.000000,0, 0, 0, 0, 0, 0, 0, 0, 0, 0, 0
10521,0.037037, 0.037037, 1.000000,0, 0, 0, 0, 0, 0, 0, 0, 0, 0, 0
10531,0.037037, 0.037037, 1.000000,0, 0, 0, 0, 0, 0, 0, 0, 0, 0, 0
10541,0.000000, 0.037037, 1.000000,0, 0, 0, 0, 0, 0, 0, 0, 0, 0, 0
10551,0.000000, 0.037037, 1.000000,0, 0, 0, 0, 0, 0, 0, 0, 0, 0, 0
10561,0.000000, 0.037037, 1.000000,0, 0, 0, 0, 0, 0, 0, 0, 0, 0, 0
10570,0.000000, 0.037037, 1.000000,0, 0, 0, 0, 0, 0, 0, 0, 0, 0, 0
10580,0.000000, 0.037037, 1.000000,0, 0, 0, 0, 0, 0, 0, 0, 0, 0, 0
10601,0.000000, 0.037037, 1.000000,0, 0, 0, 0, 0, 0, 0, 0, 0, 0, 0
10602,0.000000, 0.037037, 1.000000,0, 0, 0, 0, 0, 0, 0, 0, 0, 0, 0
10617,0.000000, 0.037037, 1.000000,0, 0, 0, 0, 0, 0, 0, 0, 0, 0, 0
10621,0.000000, 0.037037, 1.000000,0, 0, 0, 0, 0, 0, 0, 0, 0, 0, 0
10631,0.000000, 0.037037, 1.000000,0, 0, 0, 0, 0, 0, 0, 0, 0, 0, 0
10641,0.000000, 0.037037, 1.000000,0, 0, 0, 0, 0, 0, 0, 0, 0, 0, 0
10652,0.000000, 0.037037, 1.000000,0, 0, 0, 0, 0, 0, 0, 0, 0, 0, 0
10662,0.037037, 0.037037, 1.000000,0, 0, 0, 0, 0, 0, 0, 0, 0, 0, 0
10672,0.037037, 0.037037, 1.000000,0, 0, 0, 0, 0, 0, 0, 0, 0, 0, 0
10682,0.037037, 0.037037, 1.000000,0, 0, 0, 0, 0, 0, 0, 0, 0, 0, 0
10692,0.037037, 0.037037, 0.961538,0, 0, 0, 0, 0, 0, 0, 0, 0, 0, 0
10703,0.037037, 0.037037, 1.000000,0, 0, 0, 0, 0, 0, 0, 0, 0, 0, 0
10713,0.000000, 0.037037, 1.000000,0, 0, 0, 0, 0, 0, 0, 0, 0, 0, 0
10723,0.000000, 0.037037, 1.000000,0, 0, 0, 0, 0, 0, 0, 0, 0, 0, 0
10733,0.000000, 0.037037, 1.000000,0, 0, 0, 0, 0, 0, 0, 0, 0, 0, 0
10743,0.000000, 0.037037, 1.000000,0, 0, 0, 0, 0, 0, 0, 0, 0, 0, 0
10761,0.000000, 0.037037, 1.000000,0, 0, 0, 0, 0, 0, 0, 0, 0, 0, 0
10763,0.000000, 0.037037, 1.000000,0, 0, 0, 0, 0, 0, 0, 0, 0, 0, 0
10772,0.000000, 0.037037, 1.000000,0, 0, 0, 0, 0, 0, 0, 0, 0, 0, 0
10782,0.000000, 0.037037, 1.000000,0, 0, 0, 0, 0, 0, 0, 0, 0, 0, 0
10800,0.000000, 0.037037, 1.000000,0, 0, 0, 0, 0, 0, 0, 0, 0, 0, 0
10816,0.000000, 0.037037, 1.000000,0, 0, 0, 0, 0, 0, 0, 0, 0, 0, 0
10817,0.000000, 0.037037, 1.000000,0, 0, 0, 0, 0, 0, 0, 0, 0, 0, 0
10822,0.000000, 0.037037, 1.000000,0, 0, 0, 0, 0, 0, 0, 0, 0, 0, 0
10834,0.037037, 0.037037, 1.000000,0, 0, 0, 0, 0, 0, 0, 0, 0, 0, 0
10843,0.037037, 0.037037, 1.000000,0, 0, 0, 0, 0, 0, 0, 0, 0, 0, 0
10853,0.037037, 0.037037, 1.000000,0, 0, 0, 0, 0, 0, 0, 0, 0, 0, 0
10864,0.037037, 0.037037, 1.000000,0, 0, 0, 0, 0, 0, 0, 0, 0, 0, 0
10873,0.000000, 0.037037, 0.961538,0, 0, 0, 0, 0, 0, 0, 0, 0, 0, 0
10884,0.000000, 0.037037, 1.000000,0, 0, 0, 0, 0, 0, 0, 0, 0, 0, 0
10894,0.000000, 0.037037, 1.000000,0, 0, 0, 0, 0, 0, 0, 0, 0, 0, 0
10903,0.000000, 0.037037, 1.000000,0, 0, 0, 0, 0, 0, 0, 0, 0, 0, 0
10914,0.000000, 0.037037, 1.000000,0, 0, 0, 0, 0, 0, 0, 0, 0, 0, 0
10923,0.000000, 0.037037, 1.000000,0, 0, 0, 0, 0, 0, 0, 0, 0, 0, 0
